2026-03-29T21:17:57.770+08:00  INFO 7864 --- [user-service] [http-nio-9003-exec-1] c.c.u.aspect.BusinessLogAspect           : ========== 业务操作开始 ==========
2026-03-29T21:17:57.779+08:00  INFO 7864 --- [user-service] [http-nio-9003-exec-1] c.c.u.aspect.BusinessLogAspect           : 时间：2026-03-29 21:17:57.779
2026-03-29T21:17:57.780+08:00  INFO 7864 --- [user-service] [http-nio-9003-exec-1] c.c.u.aspect.BusinessLogAspect           : 接口：POST /user/register
2026-03-29T21:17:57.783+08:00  INFO 7864 --- [user-service] [http-nio-9003-exec-1] c.c.u.aspect.BusinessLogAspect           : 类名：UserServiceImpl.register
2026-03-29T21:17:57.783+08:00  INFO 7864 --- [user-service] [http-nio-9003-exec-1] c.c.u.aspect.BusinessLogAspect           : 业务描述：用户注册
2026-03-29T21:17:57.783+08:00  INFO 7864 --- [user-service] [http-nio-9003-exec-1] c.c.u.aspect.BusinessLogAspect           : 业务类型：用户认证
2026-03-29T21:17:57.838+08:00  INFO 7864 --- [user-service] [http-nio-9003-exec-1] c.c.u.aspect.BusinessLogAspect           : 请求参数：["13800000001","123456"]
2026-03-29T21:17:59.709+08:00  INFO 7864 --- [user-service] [http-nio-9003-exec-1] c.c.u.aspect.BusinessLogAspect           : ========== 业务操作结束 ==========
2026-03-29T21:17:59.709+08:00  INFO 7864 --- [user-service] [http-nio-9003-exec-1] c.c.u.aspect.BusinessLogAspect           : 执行耗时：1871ms
2026-03-29T21:17:59.709+08:00  INFO 7864 --- [user-service] [http-nio-9003-exec-1] c.c.u.aspect.BusinessLogAspect           : 执行状态：成功
2026-03-29T21:20:48.218+08:00  INFO 31076 --- [user-service] [http-nio-9003-exec-1] c.c.u.aspect.BusinessLogAspect           : ========== 业务操作开始 ==========
2026-03-29T21:20:48.218+08:00  INFO 31076 --- [user-service] [http-nio-9003-exec-1] c.c.u.aspect.BusinessLogAspect           : 时间：2026-03-29 21:20:48.218
2026-03-29T21:20:48.218+08:00  INFO 31076 --- [user-service] [http-nio-9003-exec-1] c.c.u.aspect.BusinessLogAspect           : 接口：POST /user/register
2026-03-29T21:20:48.218+08:00  INFO 31076 --- [user-service] [http-nio-9003-exec-1] c.c.u.aspect.BusinessLogAspect           : 类名：UserServiceImpl.register
2026-03-29T21:20:48.218+08:00  INFO 31076 --- [user-service] [http-nio-9003-exec-1] c.c.u.aspect.BusinessLogAspect           : 业务描述：用户注册
2026-03-29T21:20:48.218+08:00  INFO 31076 --- [user-service] [http-nio-9003-exec-1] c.c.u.aspect.BusinessLogAspect           : 业务类型：用户认证
2026-03-29T21:20:48.221+08:00  INFO 31076 --- [user-service] [http-nio-9003-exec-1] c.c.u.aspect.BusinessLogAspect           : 请求参数：["13542748103","1346798520"]
2026-03-29T21:20:48.723+08:00  INFO 31076 --- [user-service] [http-nio-9003-exec-1] c.c.u.aspect.BusinessLogAspect           : ========== 业务操作结束 ==========
2026-03-29T21:20:48.723+08:00  INFO 31076 --- [user-service] [http-nio-9003-exec-1] c.c.u.aspect.BusinessLogAspect           : 执行耗时：502ms
2026-03-29T21:20:48.723+08:00  INFO 31076 --- [user-service] [http-nio-9003-exec-1] c.c.u.aspect.BusinessLogAspect           : 执行状态：成功
2026-03-29T21:20:56.089+08:00  INFO 31076 --- [user-service] [http-nio-9003-exec-2] c.c.u.aspect.BusinessLogAspect           : ========== 业务操作开始 ==========
2026-03-29T21:20:56.089+08:00  INFO 31076 --- [user-service] [http-nio-9003-exec-2] c.c.u.aspect.BusinessLogAspect           : 时间：2026-03-29 21:20:56.089
2026-03-29T21:20:56.089+08:00  INFO 31076 --- [user-service] [http-nio-9003-exec-2] c.c.u.aspect.BusinessLogAspect           : 接口：POST /user/login
2026-03-29T21:20:56.089+08:00  INFO 31076 --- [user-service] [http-nio-9003-exec-2] c.c.u.aspect.BusinessLogAspect           : 类名：UserServiceImpl.login
2026-03-29T21:20:56.089+08:00  INFO 31076 --- [user-service] [http-nio-9003-exec-2] c.c.u.aspect.BusinessLogAspect           : 业务描述：用户登录
2026-03-29T21:20:56.089+08:00  INFO 31076 --- [user-service] [http-nio-9003-exec-2] c.c.u.aspect.BusinessLogAspect           : 业务类型：用户认证
2026-03-29T21:20:56.089+08:00  INFO 31076 --- [user-service] [http-nio-9003-exec-2] c.c.u.aspect.BusinessLogAspect           : 请求参数：["13542748103","1346798520"]
2026-03-29T21:20:56.154+08:00  INFO 31076 --- [user-service] [http-nio-9003-exec-2] c.c.u.aspect.BusinessLogAspect           : ========== 业务操作结束 ==========
2026-03-29T21:20:56.154+08:00  INFO 31076 --- [user-service] [http-nio-9003-exec-2] c.c.u.aspect.BusinessLogAspect           : 执行耗时：65ms
2026-03-29T21:20:56.154+08:00  INFO 31076 --- [user-service] [http-nio-9003-exec-2] c.c.u.aspect.BusinessLogAspect           : 执行状态：成功
2026-03-29T21:21:45.011+08:00  INFO 31076 --- [user-service] [http-nio-9003-exec-3] c.c.u.aspect.BusinessLogAspect           : ========== 业务操作开始 ==========
2026-03-29T21:21:45.011+08:00  INFO 31076 --- [user-service] [http-nio-9003-exec-3] c.c.u.aspect.BusinessLogAspect           : 时间：2026-03-29 21:21:45.011
2026-03-29T21:21:45.011+08:00  INFO 31076 --- [user-service] [http-nio-9003-exec-3] c.c.u.aspect.BusinessLogAspect           : 接口：POST /user/login
2026-03-29T21:21:45.011+08:00  INFO 31076 --- [user-service] [http-nio-9003-exec-3] c.c.u.aspect.BusinessLogAspect           : 类名：UserServiceImpl.login
2026-03-29T21:21:45.011+08:00  INFO 31076 --- [user-service] [http-nio-9003-exec-3] c.c.u.aspect.BusinessLogAspect           : 业务描述：用户登录
2026-03-29T21:21:45.012+08:00  INFO 31076 --- [user-service] [http-nio-9003-exec-3] c.c.u.aspect.BusinessLogAspect           : 业务类型：用户认证
2026-03-29T21:21:45.012+08:00  INFO 31076 --- [user-service] [http-nio-9003-exec-3] c.c.u.aspect.BusinessLogAspect           : 请求参数：["13542748103","1346798520"]
2026-03-29T21:21:45.021+08:00  INFO 31076 --- [user-service] [http-nio-9003-exec-3] c.c.u.aspect.BusinessLogAspect           : ========== 业务操作结束 ==========
2026-03-29T21:21:45.021+08:00  INFO 31076 --- [user-service] [http-nio-9003-exec-3] c.c.u.aspect.BusinessLogAspect           : 执行耗时：9ms
2026-03-29T21:21:45.021+08:00  INFO 31076 --- [user-service] [http-nio-9003-exec-3] c.c.u.aspect.BusinessLogAspect           : 执行状态：成功
2026-03-29T21:22:06.044+08:00  INFO 31076 --- [user-service] [http-nio-9003-exec-4] c.c.u.aspect.BusinessLogAspect           : ========== 业务操作开始 ==========
2026-03-29T21:22:06.044+08:00  INFO 31076 --- [user-service] [http-nio-9003-exec-4] c.c.u.aspect.BusinessLogAspect           : 时间：2026-03-29 21:22:06.044
2026-03-29T21:22:06.044+08:00  INFO 31076 --- [user-service] [http-nio-9003-exec-4] c.c.u.aspect.BusinessLogAspect           : 接口：POST /user/login
2026-03-29T21:22:06.044+08:00  INFO 31076 --- [user-service] [http-nio-9003-exec-4] c.c.u.aspect.BusinessLogAspect           : 类名：UserServiceImpl.login
2026-03-29T21:22:06.044+08:00  INFO 31076 --- [user-service] [http-nio-9003-exec-4] c.c.u.aspect.BusinessLogAspect           : 业务描述：用户登录
2026-03-29T21:22:06.044+08:00  INFO 31076 --- [user-service] [http-nio-9003-exec-4] c.c.u.aspect.BusinessLogAspect           : 业务类型：用户认证
2026-03-29T21:22:06.044+08:00  INFO 31076 --- [user-service] [http-nio-9003-exec-4] c.c.u.aspect.BusinessLogAspect           : 请求参数：["13542748103","1346798520"]
2026-03-29T21:22:06.053+08:00  INFO 31076 --- [user-service] [http-nio-9003-exec-4] c.c.u.aspect.BusinessLogAspect           : ========== 业务操作结束 ==========
2026-03-29T21:22:06.053+08:00  INFO 31076 --- [user-service] [http-nio-9003-exec-4] c.c.u.aspect.BusinessLogAspect           : 执行耗时：9ms
2026-03-29T21:22:06.053+08:00  INFO 31076 --- [user-service] [http-nio-9003-exec-4] c.c.u.aspect.BusinessLogAspect           : 执行状态：成功
2026-03-29T21:23:39.774+08:00  INFO 31076 --- [user-service] [http-nio-9003-exec-6] c.c.u.aspect.BusinessLogAspect           : ========== 业务操作开始 ==========
2026-03-29T21:23:39.774+08:00  INFO 31076 --- [user-service] [http-nio-9003-exec-6] c.c.u.aspect.BusinessLogAspect           : 时间：2026-03-29 21:23:39.774
2026-03-29T21:23:39.774+08:00  INFO 31076 --- [user-service] [http-nio-9003-exec-6] c.c.u.aspect.BusinessLogAspect           : 接口：POST /user/login
2026-03-29T21:23:39.774+08:00  INFO 31076 --- [user-service] [http-nio-9003-exec-6] c.c.u.aspect.BusinessLogAspect           : 类名：UserServiceImpl.login
2026-03-29T21:23:39.774+08:00  INFO 31076 --- [user-service] [http-nio-9003-exec-6] c.c.u.aspect.BusinessLogAspect           : 业务描述：用户登录
2026-03-29T21:23:39.774+08:00  INFO 31076 --- [user-service] [http-nio-9003-exec-6] c.c.u.aspect.BusinessLogAspect           : 业务类型：用户认证
2026-03-29T21:23:39.774+08:00  INFO 31076 --- [user-service] [http-nio-9003-exec-6] c.c.u.aspect.BusinessLogAspect           : 请求参数：["13542748103","1346798520"]
2026-03-29T21:23:39.780+08:00  INFO 31076 --- [user-service] [http-nio-9003-exec-6] c.c.u.aspect.BusinessLogAspect           : ========== 业务操作结束 ==========
2026-03-29T21:23:39.781+08:00  INFO 31076 --- [user-service] [http-nio-9003-exec-6] c.c.u.aspect.BusinessLogAspect           : 执行耗时：6ms
2026-03-29T21:23:39.781+08:00  INFO 31076 --- [user-service] [http-nio-9003-exec-6] c.c.u.aspect.BusinessLogAspect           : 执行状态：成功
2026-03-29T21:23:41.950+08:00  INFO 24212 --- [doctor-service] [http-nio-9002-exec-1] c.c.d.aspect.BusinessLogAspect           : [业务] 医生查询 - DoctorServiceImpl.searchOnline - 查询在线医生列表
2026-03-29T21:23:42.322+08:00  INFO 24212 --- [doctor-service] [http-nio-9002-exec-1] c.c.d.aspect.BusinessLogAspect           : [业务完成] 耗时：372ms - 状态：成功
2026-03-29T21:23:50.402+08:00  INFO 24212 --- [doctor-service] [http-nio-9002-exec-3] c.c.d.aspect.BusinessLogAspect           : [业务] 医生查询 - DoctorServiceImpl.searchOnline - 查询在线医生列表
2026-03-29T21:23:50.416+08:00  INFO 31076 --- [user-service] [http-nio-9003-exec-7] c.c.u.aspect.BusinessLogAspect           : ========== 业务操作开始 ==========
2026-03-29T21:23:50.416+08:00  INFO 31076 --- [user-service] [http-nio-9003-exec-7] c.c.u.aspect.BusinessLogAspect           : 时间：2026-03-29 21:23:50.416
2026-03-29T21:23:50.416+08:00  INFO 31076 --- [user-service] [http-nio-9003-exec-7] c.c.u.aspect.BusinessLogAspect           : 接口：GET /user/patient/list
2026-03-29T21:23:50.416+08:00  INFO 31076 --- [user-service] [http-nio-9003-exec-7] c.c.u.aspect.BusinessLogAspect           : 类名：PatientServiceImpl.getPatients
2026-03-29T21:23:50.416+08:00  INFO 31076 --- [user-service] [http-nio-9003-exec-7] c.c.u.aspect.BusinessLogAspect           : 业务描述：查询就诊人列表
2026-03-29T21:23:50.416+08:00  INFO 31076 --- [user-service] [http-nio-9003-exec-7] c.c.u.aspect.BusinessLogAspect           : 业务类型：就诊人管理
2026-03-29T21:23:50.417+08:00  INFO 31076 --- [user-service] [http-nio-9003-exec-7] c.c.u.aspect.BusinessLogAspect           : 请求参数：[2038244988630581249]
2026-03-29T21:23:50.929+08:00  INFO 31076 --- [user-service] [http-nio-9003-exec-7] c.c.u.aspect.BusinessLogAspect           : ========== 业务操作结束 ==========
2026-03-29T21:23:50.929+08:00  INFO 31076 --- [user-service] [http-nio-9003-exec-7] c.c.u.aspect.BusinessLogAspect           : 执行耗时：512ms
2026-03-29T21:23:50.929+08:00  INFO 31076 --- [user-service] [http-nio-9003-exec-7] c.c.u.aspect.BusinessLogAspect           : 执行状态：成功
2026-03-29T21:24:01.610+08:00  INFO 24212 --- [doctor-service] [http-nio-9002-exec-2] c.c.d.aspect.BusinessLogAspect           : [业务] 医生查询 - DoctorServiceImpl.searchOnline - 查询在线医生列表
2026-03-29T21:24:04.751+08:00  INFO 24212 --- [doctor-service] [http-nio-9002-exec-7] c.c.d.aspect.BusinessLogAspect           : [业务] 医生查询 - DoctorServiceImpl.searchOnline - 查询在线医生列表
2026-03-29T21:24:07.291+08:00  INFO 24212 --- [doctor-service] [http-nio-9002-exec-8] c.c.d.aspect.BusinessLogAspect           : [业务] 医生查询 - DoctorServiceImpl.searchOnline - 查询在线医生列表
2026-03-29T21:24:07.295+08:00  INFO 31076 --- [user-service] [http-nio-9003-exec-8] c.c.u.aspect.BusinessLogAspect           : ========== 业务操作开始 ==========
2026-03-29T21:24:07.295+08:00  INFO 31076 --- [user-service] [http-nio-9003-exec-8] c.c.u.aspect.BusinessLogAspect           : 时间：2026-03-29 21:24:07.295
2026-03-29T21:24:07.295+08:00  INFO 31076 --- [user-service] [http-nio-9003-exec-8] c.c.u.aspect.BusinessLogAspect           : 接口：GET /user/patient/list
2026-03-29T21:24:07.295+08:00  INFO 31076 --- [user-service] [http-nio-9003-exec-8] c.c.u.aspect.BusinessLogAspect           : 类名：PatientServiceImpl.getPatients
2026-03-29T21:24:07.295+08:00  INFO 31076 --- [user-service] [http-nio-9003-exec-8] c.c.u.aspect.BusinessLogAspect           : 业务描述：查询就诊人列表
2026-03-29T21:24:07.295+08:00  INFO 31076 --- [user-service] [http-nio-9003-exec-8] c.c.u.aspect.BusinessLogAspect           : 业务类型：就诊人管理
2026-03-29T21:24:07.295+08:00  INFO 31076 --- [user-service] [http-nio-9003-exec-8] c.c.u.aspect.BusinessLogAspect           : 请求参数：[2038244988630581249]
2026-03-29T21:24:07.307+08:00  INFO 31076 --- [user-service] [http-nio-9003-exec-8] c.c.u.aspect.BusinessLogAspect           : ========== 业务操作结束 ==========
2026-03-29T21:24:07.307+08:00  INFO 31076 --- [user-service] [http-nio-9003-exec-8] c.c.u.aspect.BusinessLogAspect           : 执行耗时：12ms
2026-03-29T21:24:07.307+08:00  INFO 31076 --- [user-service] [http-nio-9003-exec-8] c.c.u.aspect.BusinessLogAspect           : 执行状态：成功
2026-03-29T21:25:22.800+08:00  INFO 24212 --- [doctor-service] [http-nio-9002-exec-9] c.c.d.aspect.BusinessLogAspect           : [业务] 医生查询 - DoctorServiceImpl.searchOnline - 查询在线医生列表
2026-03-29T21:25:24.184+08:00  INFO 24212 --- [doctor-service] [http-nio-9002-exec-10] c.c.d.aspect.BusinessLogAspect           : [业务] 医生查询 - DoctorServiceImpl.searchOnline - 查询在线医生列表
2026-03-29T21:25:27.197+08:00  INFO 24212 --- [doctor-service] [http-nio-9002-exec-5] c.c.d.aspect.BusinessLogAspect           : [业务] 医生查询 - DoctorServiceImpl.searchOnline - 查询在线医生列表
2026-03-29T21:25:28.782+08:00  INFO 24212 --- [doctor-service] [http-nio-9002-exec-6] c.c.d.aspect.BusinessLogAspect           : [业务] 医生查询 - DoctorServiceImpl.searchOnline - 查询在线医生列表
2026-03-29T21:25:28.788+08:00  INFO 31076 --- [user-service] [http-nio-9003-exec-10] c.c.u.aspect.BusinessLogAspect           : ========== 业务操作开始 ==========
2026-03-29T21:25:28.788+08:00  INFO 31076 --- [user-service] [http-nio-9003-exec-10] c.c.u.aspect.BusinessLogAspect           : 时间：2026-03-29 21:25:28.788
2026-03-29T21:25:28.788+08:00  INFO 31076 --- [user-service] [http-nio-9003-exec-10] c.c.u.aspect.BusinessLogAspect           : 接口：GET /user/patient/list
2026-03-29T21:25:28.788+08:00  INFO 31076 --- [user-service] [http-nio-9003-exec-10] c.c.u.aspect.BusinessLogAspect           : 类名：PatientServiceImpl.getPatients
2026-03-29T21:25:28.788+08:00  INFO 31076 --- [user-service] [http-nio-9003-exec-10] c.c.u.aspect.BusinessLogAspect           : 业务描述：查询就诊人列表
2026-03-29T21:25:28.788+08:00  INFO 31076 --- [user-service] [http-nio-9003-exec-10] c.c.u.aspect.BusinessLogAspect           : 业务类型：就诊人管理
2026-03-29T21:25:28.788+08:00  INFO 31076 --- [user-service] [http-nio-9003-exec-10] c.c.u.aspect.BusinessLogAspect           : 请求参数：[2038244988630581249]
2026-03-29T21:25:28.797+08:00  INFO 31076 --- [user-service] [http-nio-9003-exec-10] c.c.u.aspect.BusinessLogAspect           : ========== 业务操作结束 ==========
2026-03-29T21:25:28.797+08:00  INFO 31076 --- [user-service] [http-nio-9003-exec-10] c.c.u.aspect.BusinessLogAspect           : 执行耗时：9ms
2026-03-29T21:25:28.797+08:00  INFO 31076 --- [user-service] [http-nio-9003-exec-10] c.c.u.aspect.BusinessLogAspect           : 执行状态：成功
2026-03-29T21:25:36.838+08:00  INFO 24212 --- [doctor-service] [http-nio-9002-exec-1] c.c.d.aspect.BusinessLogAspect           : [业务] 医生查询 - DoctorServiceImpl.searchOnline - 查询在线医生列表
2026-03-29T21:25:36.838+08:00  INFO 31076 --- [user-service] [http-nio-9003-exec-1] c.c.u.aspect.BusinessLogAspect           : ========== 业务操作开始 ==========
2026-03-29T21:25:36.838+08:00  INFO 31076 --- [user-service] [http-nio-9003-exec-1] c.c.u.aspect.BusinessLogAspect           : 时间：2026-03-29 21:25:36.838
2026-03-29T21:25:36.839+08:00  INFO 31076 --- [user-service] [http-nio-9003-exec-1] c.c.u.aspect.BusinessLogAspect           : 接口：GET /user/patient/list
2026-03-29T21:25:36.840+08:00  INFO 31076 --- [user-service] [http-nio-9003-exec-1] c.c.u.aspect.BusinessLogAspect           : 类名：PatientServiceImpl.getPatients
2026-03-29T21:25:36.840+08:00  INFO 31076 --- [user-service] [http-nio-9003-exec-1] c.c.u.aspect.BusinessLogAspect           : 业务描述：查询就诊人列表
2026-03-29T21:25:36.840+08:00  INFO 31076 --- [user-service] [http-nio-9003-exec-1] c.c.u.aspect.BusinessLogAspect           : 业务类型：就诊人管理
2026-03-29T21:25:36.840+08:00  INFO 31076 --- [user-service] [http-nio-9003-exec-1] c.c.u.aspect.BusinessLogAspect           : 请求参数：[2038244988630581249]
2026-03-29T21:25:36.850+08:00  INFO 31076 --- [user-service] [http-nio-9003-exec-1] c.c.u.aspect.BusinessLogAspect           : ========== 业务操作结束 ==========
2026-03-29T21:25:36.850+08:00  INFO 31076 --- [user-service] [http-nio-9003-exec-1] c.c.u.aspect.BusinessLogAspect           : 执行耗时：10ms
2026-03-29T21:25:36.850+08:00  INFO 31076 --- [user-service] [http-nio-9003-exec-1] c.c.u.aspect.BusinessLogAspect           : 执行状态：成功
2026-03-29T21:25:40.747+08:00  INFO 24212 --- [doctor-service] [http-nio-9002-exec-3] c.c.d.aspect.BusinessLogAspect           : [业务] 排班查询 - ScheduleServiceImpl.findDetailByDate - 查询排班详情（缓存优化）
2026-03-29T21:25:45.521+08:00  INFO 24212 --- [doctor-service] [http-nio-9002-exec-2] c.c.d.aspect.BusinessLogAspect           : [业务] 排班查询 - ScheduleServiceImpl.findDetailByDate - 查询排班详情（缓存优化）
2026-03-29T21:25:45.774+08:00  INFO 24212 --- [doctor-service] [http-nio-9002-exec-2] c.c.d.aspect.BusinessLogAspect           : [业务完成] 耗时：253ms - 状态：成功
2026-03-29T21:25:48.629+08:00  INFO 24212 --- [doctor-service] [http-nio-9002-exec-7] c.c.d.aspect.BusinessLogAspect           : [业务] 排班查询 - ScheduleServiceImpl.findDetailByDate - 查询排班详情（缓存优化）
2026-03-29T21:25:56.284+08:00  INFO 24212 --- [doctor-service] [http-nio-9002-exec-8] c.c.d.aspect.BusinessLogAspect           : [业务] 排班查询 - ScheduleServiceImpl.findDetailByDate - 查询排班详情（缓存优化）
2026-03-29T21:25:56.516+08:00  INFO 24212 --- [doctor-service] [http-nio-9002-exec-8] c.c.d.aspect.BusinessLogAspect           : [业务完成] 耗时：232ms - 状态：成功
2026-03-29T21:26:01.480+08:00  INFO 21856 --- [order-service] [http-nio-9004-exec-1] c.c.o.aspect.BusinessLogAspect           : ========== 业务操作开始 ==========
2026-03-29T21:26:01.480+08:00  INFO 21856 --- [order-service] [http-nio-9004-exec-1] c.c.o.aspect.BusinessLogAspect           : 时间：2026-03-29 21:26:01.480
2026-03-29T21:26:01.480+08:00  INFO 21856 --- [order-service] [http-nio-9004-exec-1] c.c.o.aspect.BusinessLogAspect           : 接口：GET /order/list
2026-03-29T21:26:01.480+08:00  INFO 21856 --- [order-service] [http-nio-9004-exec-1] c.c.o.aspect.BusinessLogAspect           : 类名：OrderServiceImpl.getOrders
2026-03-29T21:26:01.480+08:00  INFO 21856 --- [order-service] [http-nio-9004-exec-1] c.c.o.aspect.BusinessLogAspect           : 业务描述：查询用户订单列表
2026-03-29T21:26:01.480+08:00  INFO 21856 --- [order-service] [http-nio-9004-exec-1] c.c.o.aspect.BusinessLogAspect           : 业务类型：订单查询
2026-03-29T21:26:01.480+08:00  INFO 21856 --- [order-service] [http-nio-9004-exec-1] c.c.o.aspect.BusinessLogAspect           : 请求参数：[2038244988630581249]
2026-03-29T21:26:02.259+08:00  INFO 21856 --- [order-service] [http-nio-9004-exec-1] c.c.o.aspect.BusinessLogAspect           : ========== 业务操作结束 ==========
2026-03-29T21:26:02.259+08:00  INFO 21856 --- [order-service] [http-nio-9004-exec-1] c.c.o.aspect.BusinessLogAspect           : 执行耗时：779ms
2026-03-29T21:26:02.259+08:00  INFO 21856 --- [order-service] [http-nio-9004-exec-1] c.c.o.aspect.BusinessLogAspect           : 执行状态：成功
2026-03-29T21:26:02.967+08:00  INFO 24212 --- [doctor-service] [http-nio-9002-exec-4] c.c.d.aspect.BusinessLogAspect           : [业务] 医生查询 - DoctorServiceImpl.searchOnline - 查询在线医生列表
2026-03-29T21:26:05.114+08:00  INFO 24212 --- [doctor-service] [http-nio-9002-exec-9] c.c.d.aspect.BusinessLogAspect           : [业务] 医生查询 - DoctorServiceImpl.searchOnline - 查询在线医生列表
2026-03-29T21:26:08.608+08:00  INFO 24212 --- [doctor-service] [http-nio-9002-exec-10] c.c.d.aspect.BusinessLogAspect           : [业务] 医生查询 - DoctorServiceImpl.searchOnline - 查询在线医生列表
2026-03-29T21:26:10.567+08:00  INFO 21856 --- [order-service] [http-nio-9004-exec-2] c.c.o.aspect.BusinessLogAspect           : ========== 业务操作开始 ==========
2026-03-29T21:26:10.567+08:00  INFO 21856 --- [order-service] [http-nio-9004-exec-2] c.c.o.aspect.BusinessLogAspect           : 时间：2026-03-29 21:26:10.567
2026-03-29T21:26:10.567+08:00  INFO 21856 --- [order-service] [http-nio-9004-exec-2] c.c.o.aspect.BusinessLogAspect           : 接口：GET /order/list
2026-03-29T21:26:10.567+08:00  INFO 21856 --- [order-service] [http-nio-9004-exec-2] c.c.o.aspect.BusinessLogAspect           : 类名：OrderServiceImpl.getOrders
2026-03-29T21:26:10.567+08:00  INFO 21856 --- [order-service] [http-nio-9004-exec-2] c.c.o.aspect.BusinessLogAspect           : 业务描述：查询用户订单列表
2026-03-29T21:26:10.567+08:00  INFO 21856 --- [order-service] [http-nio-9004-exec-2] c.c.o.aspect.BusinessLogAspect           : 业务类型：订单查询
2026-03-29T21:26:10.567+08:00  INFO 21856 --- [order-service] [http-nio-9004-exec-2] c.c.o.aspect.BusinessLogAspect           : 请求参数：[2038244988630581249]
2026-03-29T21:26:10.576+08:00  INFO 21856 --- [order-service] [http-nio-9004-exec-2] c.c.o.aspect.BusinessLogAspect           : ========== 业务操作结束 ==========
2026-03-29T21:26:10.576+08:00  INFO 21856 --- [order-service] [http-nio-9004-exec-2] c.c.o.aspect.BusinessLogAspect           : 执行耗时：9ms
2026-03-29T21:26:10.576+08:00  INFO 21856 --- [order-service] [http-nio-9004-exec-2] c.c.o.aspect.BusinessLogAspect           : 执行状态：成功
2026-03-29T21:26:12.088+08:00  INFO 24212 --- [doctor-service] [http-nio-9002-exec-5] c.c.d.aspect.BusinessLogAspect           : [业务] 医生查询 - DoctorServiceImpl.searchOnline - 查询在线医生列表
2026-03-29T21:26:19.108+08:00  INFO 24212 --- [doctor-service] [http-nio-9002-exec-6] c.c.d.aspect.BusinessLogAspect           : [业务] 医生查询 - DoctorServiceImpl.searchOnline - 查询在线医生列表
2026-03-29T21:26:34.761+08:00  INFO 31076 --- [user-service] [http-nio-9003-exec-2] c.c.u.aspect.BusinessLogAspect           : ========== 业务操作开始 ==========
2026-03-29T21:26:34.761+08:00  INFO 31076 --- [user-service] [http-nio-9003-exec-2] c.c.u.aspect.BusinessLogAspect           : 时间：2026-03-29 21:26:34.761
2026-03-29T21:26:34.761+08:00  INFO 31076 --- [user-service] [http-nio-9003-exec-2] c.c.u.aspect.BusinessLogAspect           : 接口：POST /user/login
2026-03-29T21:26:34.761+08:00  INFO 31076 --- [user-service] [http-nio-9003-exec-2] c.c.u.aspect.BusinessLogAspect           : 类名：UserServiceImpl.login
2026-03-29T21:26:34.761+08:00  INFO 31076 --- [user-service] [http-nio-9003-exec-2] c.c.u.aspect.BusinessLogAspect           : 业务描述：用户登录
2026-03-29T21:26:34.761+08:00  INFO 31076 --- [user-service] [http-nio-9003-exec-2] c.c.u.aspect.BusinessLogAspect           : 业务类型：用户认证
2026-03-29T21:26:34.761+08:00  INFO 31076 --- [user-service] [http-nio-9003-exec-2] c.c.u.aspect.BusinessLogAspect           : 请求参数：["13542748103","1346798520"]
2026-03-29T21:26:34.769+08:00  INFO 31076 --- [user-service] [http-nio-9003-exec-2] c.c.u.aspect.BusinessLogAspect           : ========== 业务操作结束 ==========
2026-03-29T21:26:34.769+08:00  INFO 31076 --- [user-service] [http-nio-9003-exec-2] c.c.u.aspect.BusinessLogAspect           : 执行耗时：8ms
2026-03-29T21:26:34.769+08:00  INFO 31076 --- [user-service] [http-nio-9003-exec-2] c.c.u.aspect.BusinessLogAspect           : 执行状态：成功
2026-03-29T21:26:36.204+08:00  INFO 24212 --- [doctor-service] [http-nio-9002-exec-1] c.c.d.aspect.BusinessLogAspect           : [业务] 医生查询 - DoctorServiceImpl.searchOnline - 查询在线医生列表
2026-03-29T21:26:40.422+08:00  INFO 31076 --- [user-service] [http-nio-9003-exec-3] c.c.u.aspect.BusinessLogAspect           : ========== 业务操作开始 ==========
2026-03-29T21:26:40.422+08:00  INFO 31076 --- [user-service] [http-nio-9003-exec-3] c.c.u.aspect.BusinessLogAspect           : 时间：2026-03-29 21:26:40.422
2026-03-29T21:26:40.422+08:00  INFO 31076 --- [user-service] [http-nio-9003-exec-3] c.c.u.aspect.BusinessLogAspect           : 接口：GET /user/patient/list
2026-03-29T21:26:40.422+08:00  INFO 31076 --- [user-service] [http-nio-9003-exec-3] c.c.u.aspect.BusinessLogAspect           : 类名：PatientServiceImpl.getPatients
2026-03-29T21:26:40.422+08:00  INFO 31076 --- [user-service] [http-nio-9003-exec-3] c.c.u.aspect.BusinessLogAspect           : 业务描述：查询就诊人列表
2026-03-29T21:26:40.422+08:00  INFO 31076 --- [user-service] [http-nio-9003-exec-3] c.c.u.aspect.BusinessLogAspect           : 业务类型：就诊人管理
2026-03-29T21:26:40.422+08:00  INFO 31076 --- [user-service] [http-nio-9003-exec-3] c.c.u.aspect.BusinessLogAspect           : 请求参数：[2038244988630581249]
2026-03-29T21:26:40.422+08:00  INFO 24212 --- [doctor-service] [http-nio-9002-exec-3] c.c.d.aspect.BusinessLogAspect           : [业务] 医生查询 - DoctorServiceImpl.searchOnline - 查询在线医生列表
2026-03-29T21:26:40.428+08:00  INFO 31076 --- [user-service] [http-nio-9003-exec-3] c.c.u.aspect.BusinessLogAspect           : ========== 业务操作结束 ==========
2026-03-29T21:26:40.428+08:00  INFO 31076 --- [user-service] [http-nio-9003-exec-3] c.c.u.aspect.BusinessLogAspect           : 执行耗时：6ms
2026-03-29T21:26:40.428+08:00  INFO 31076 --- [user-service] [http-nio-9003-exec-3] c.c.u.aspect.BusinessLogAspect           : 执行状态：成功
2026-03-29T21:26:43.942+08:00  INFO 24212 --- [doctor-service] [http-nio-9002-exec-2] c.c.d.aspect.BusinessLogAspect           : [业务] 排班查询 - ScheduleServiceImpl.findDetailByDate - 查询排班详情（缓存优化）
2026-03-29T21:26:44.161+08:00  INFO 24212 --- [doctor-service] [http-nio-9002-exec-2] c.c.d.aspect.BusinessLogAspect           : [业务完成] 耗时：218ms - 状态：成功
2026-03-29T21:26:45.981+08:00  INFO 24212 --- [doctor-service] [http-nio-9002-exec-7] c.c.d.aspect.BusinessLogAspect           : [业务] 医生查询 - DoctorServiceImpl.searchOnline - 查询在线医生列表
2026-03-29T21:26:51.516+08:00  INFO 24212 --- [doctor-service] [http-nio-9002-exec-8] c.c.d.aspect.BusinessLogAspect           : [业务] 医生查询 - DoctorServiceImpl.searchOnline - 查询在线医生列表
2026-03-29T21:26:53.642+08:00  INFO 24212 --- [doctor-service] [http-nio-9002-exec-4] c.c.d.aspect.BusinessLogAspect           : [业务] 医生查询 - DoctorServiceImpl.searchOnline - 查询在线医生列表
2026-03-29T21:26:54.254+08:00  INFO 21856 --- [order-service] [http-nio-9004-exec-3] c.c.o.aspect.BusinessLogAspect           : ========== 业务操作开始 ==========
2026-03-29T21:26:54.254+08:00  INFO 21856 --- [order-service] [http-nio-9004-exec-3] c.c.o.aspect.BusinessLogAspect           : 时间：2026-03-29 21:26:54.254
2026-03-29T21:26:54.254+08:00  INFO 21856 --- [order-service] [http-nio-9004-exec-3] c.c.o.aspect.BusinessLogAspect           : 接口：GET /order/list
2026-03-29T21:26:54.254+08:00  INFO 21856 --- [order-service] [http-nio-9004-exec-3] c.c.o.aspect.BusinessLogAspect           : 类名：OrderServiceImpl.getOrders
2026-03-29T21:26:54.254+08:00  INFO 21856 --- [order-service] [http-nio-9004-exec-3] c.c.o.aspect.BusinessLogAspect           : 业务描述：查询用户订单列表
2026-03-29T21:26:54.254+08:00  INFO 21856 --- [order-service] [http-nio-9004-exec-3] c.c.o.aspect.BusinessLogAspect           : 业务类型：订单查询
2026-03-29T21:26:54.254+08:00  INFO 21856 --- [order-service] [http-nio-9004-exec-3] c.c.o.aspect.BusinessLogAspect           : 请求参数：[2038244988630581249]
2026-03-29T21:26:54.264+08:00  INFO 21856 --- [order-service] [http-nio-9004-exec-3] c.c.o.aspect.BusinessLogAspect           : ========== 业务操作结束 ==========
2026-03-29T21:26:54.264+08:00  INFO 21856 --- [order-service] [http-nio-9004-exec-3] c.c.o.aspect.BusinessLogAspect           : 执行耗时：10ms
2026-03-29T21:26:54.264+08:00  INFO 21856 --- [order-service] [http-nio-9004-exec-3] c.c.o.aspect.BusinessLogAspect           : 执行状态：成功
2026-03-29T21:26:54.603+08:00  INFO 24212 --- [doctor-service] [http-nio-9002-exec-9] c.c.d.aspect.BusinessLogAspect           : [业务] 医生查询 - DoctorServiceImpl.searchOnline - 查询在线医生列表
2026-03-29T21:27:21.161+08:00  INFO 21856 --- [order-service] [http-nio-9004-exec-4] c.c.o.aspect.BusinessLogAspect           : ========== 业务操作开始 ==========
2026-03-29T21:27:21.161+08:00  INFO 21856 --- [order-service] [http-nio-9004-exec-4] c.c.o.aspect.BusinessLogAspect           : 时间：2026-03-29 21:27:21.161
2026-03-29T21:27:21.161+08:00  INFO 21856 --- [order-service] [http-nio-9004-exec-4] c.c.o.aspect.BusinessLogAspect           : 接口：GET /order/list
2026-03-29T21:27:21.161+08:00  INFO 21856 --- [order-service] [http-nio-9004-exec-4] c.c.o.aspect.BusinessLogAspect           : 类名：OrderServiceImpl.getOrders
2026-03-29T21:27:21.161+08:00  INFO 21856 --- [order-service] [http-nio-9004-exec-4] c.c.o.aspect.BusinessLogAspect           : 业务描述：查询用户订单列表
2026-03-29T21:27:21.161+08:00  INFO 21856 --- [order-service] [http-nio-9004-exec-4] c.c.o.aspect.BusinessLogAspect           : 业务类型：订单查询
2026-03-29T21:27:21.161+08:00  INFO 21856 --- [order-service] [http-nio-9004-exec-4] c.c.o.aspect.BusinessLogAspect           : 请求参数：[2038244988630581249]
2026-03-29T21:27:21.168+08:00  INFO 21856 --- [order-service] [http-nio-9004-exec-4] c.c.o.aspect.BusinessLogAspect           : ========== 业务操作结束 ==========
2026-03-29T21:27:21.168+08:00  INFO 21856 --- [order-service] [http-nio-9004-exec-4] c.c.o.aspect.BusinessLogAspect           : 执行耗时：7ms
2026-03-29T21:27:21.168+08:00  INFO 21856 --- [order-service] [http-nio-9004-exec-4] c.c.o.aspect.BusinessLogAspect           : 执行状态：成功
2026-03-29T21:27:21.866+08:00  INFO 24212 --- [doctor-service] [http-nio-9002-exec-10] c.c.d.aspect.BusinessLogAspect           : [业务] 医生查询 - DoctorServiceImpl.searchOnline - 查询在线医生列表
2026-03-29T21:27:28.767+08:00  INFO 21856 --- [order-service] [http-nio-9004-exec-5] c.c.o.aspect.BusinessLogAspect           : ========== 业务操作开始 ==========
2026-03-29T21:27:28.767+08:00  INFO 21856 --- [order-service] [http-nio-9004-exec-5] c.c.o.aspect.BusinessLogAspect           : 时间：2026-03-29 21:27:28.767
2026-03-29T21:27:28.767+08:00  INFO 21856 --- [order-service] [http-nio-9004-exec-5] c.c.o.aspect.BusinessLogAspect           : 接口：GET /order/list
2026-03-29T21:27:28.767+08:00  INFO 21856 --- [order-service] [http-nio-9004-exec-5] c.c.o.aspect.BusinessLogAspect           : 类名：OrderServiceImpl.getOrders
2026-03-29T21:27:28.767+08:00  INFO 21856 --- [order-service] [http-nio-9004-exec-5] c.c.o.aspect.BusinessLogAspect           : 业务描述：查询用户订单列表
2026-03-29T21:27:28.767+08:00  INFO 21856 --- [order-service] [http-nio-9004-exec-5] c.c.o.aspect.BusinessLogAspect           : 业务类型：订单查询
2026-03-29T21:27:28.767+08:00  INFO 21856 --- [order-service] [http-nio-9004-exec-5] c.c.o.aspect.BusinessLogAspect           : 请求参数：[2038244988630581249]
2026-03-29T21:27:28.774+08:00  INFO 21856 --- [order-service] [http-nio-9004-exec-5] c.c.o.aspect.BusinessLogAspect           : ========== 业务操作结束 ==========
2026-03-29T21:27:28.774+08:00  INFO 21856 --- [order-service] [http-nio-9004-exec-5] c.c.o.aspect.BusinessLogAspect           : 执行耗时：7ms
2026-03-29T21:27:28.774+08:00  INFO 21856 --- [order-service] [http-nio-9004-exec-5] c.c.o.aspect.BusinessLogAspect           : 执行状态：成功
2026-03-29T21:27:29.608+08:00  INFO 24212 --- [doctor-service] [http-nio-9002-exec-5] c.c.d.aspect.BusinessLogAspect           : [业务] 医生查询 - DoctorServiceImpl.searchOnline - 查询在线医生列表
2026-03-29T21:29:09.155+08:00  INFO 31076 --- [user-service] [http-nio-9003-exec-5] c.c.u.aspect.BusinessLogAspect           : ========== 业务操作开始 ==========
2026-03-29T21:29:09.156+08:00  INFO 31076 --- [user-service] [http-nio-9003-exec-5] c.c.u.aspect.BusinessLogAspect           : 时间：2026-03-29 21:29:09.155
2026-03-29T21:29:09.156+08:00  INFO 31076 --- [user-service] [http-nio-9003-exec-5] c.c.u.aspect.BusinessLogAspect           : 接口：POST /user/login
2026-03-29T21:29:09.156+08:00  INFO 31076 --- [user-service] [http-nio-9003-exec-5] c.c.u.aspect.BusinessLogAspect           : 类名：UserServiceImpl.login
2026-03-29T21:29:09.156+08:00  INFO 31076 --- [user-service] [http-nio-9003-exec-5] c.c.u.aspect.BusinessLogAspect           : 业务描述：用户登录
2026-03-29T21:29:09.156+08:00  INFO 31076 --- [user-service] [http-nio-9003-exec-5] c.c.u.aspect.BusinessLogAspect           : 业务类型：用户认证
2026-03-29T21:29:09.156+08:00  INFO 31076 --- [user-service] [http-nio-9003-exec-5] c.c.u.aspect.BusinessLogAspect           : 请求参数：["13542748103","1346798520"]
2026-03-29T21:29:09.166+08:00  INFO 31076 --- [user-service] [http-nio-9003-exec-5] c.c.u.aspect.BusinessLogAspect           : ========== 业务操作结束 ==========
2026-03-29T21:29:09.166+08:00  INFO 31076 --- [user-service] [http-nio-9003-exec-5] c.c.u.aspect.BusinessLogAspect           : 执行耗时：10ms
2026-03-29T21:29:09.166+08:00  INFO 31076 --- [user-service] [http-nio-9003-exec-5] c.c.u.aspect.BusinessLogAspect           : 执行状态：成功
2026-03-29T21:30:37.789+08:00  INFO 21856 --- [order-service] [http-nio-9004-exec-7] c.c.o.aspect.BusinessLogAspect           : ========== 业务操作开始 ==========
2026-03-29T21:30:37.789+08:00  INFO 21856 --- [order-service] [http-nio-9004-exec-7] c.c.o.aspect.BusinessLogAspect           : 时间：2026-03-29 21:30:37.789
2026-03-29T21:30:37.789+08:00  INFO 21856 --- [order-service] [http-nio-9004-exec-7] c.c.o.aspect.BusinessLogAspect           : 接口：GET /order/list
2026-03-29T21:30:37.789+08:00  INFO 21856 --- [order-service] [http-nio-9004-exec-7] c.c.o.aspect.BusinessLogAspect           : 类名：OrderServiceImpl.getOrders
2026-03-29T21:30:37.789+08:00  INFO 21856 --- [order-service] [http-nio-9004-exec-7] c.c.o.aspect.BusinessLogAspect           : 业务描述：查询用户订单列表
2026-03-29T21:30:37.789+08:00  INFO 21856 --- [order-service] [http-nio-9004-exec-7] c.c.o.aspect.BusinessLogAspect           : 业务类型：订单查询
2026-03-29T21:30:37.789+08:00  INFO 21856 --- [order-service] [http-nio-9004-exec-7] c.c.o.aspect.BusinessLogAspect           : 请求参数：[2038244988630581249]
2026-03-29T21:30:37.798+08:00  INFO 21856 --- [order-service] [http-nio-9004-exec-7] c.c.o.aspect.BusinessLogAspect           : ========== 业务操作结束 ==========
2026-03-29T21:30:37.798+08:00  INFO 21856 --- [order-service] [http-nio-9004-exec-7] c.c.o.aspect.BusinessLogAspect           : 执行耗时：9ms
2026-03-29T21:30:37.798+08:00  INFO 21856 --- [order-service] [http-nio-9004-exec-7] c.c.o.aspect.BusinessLogAspect           : 执行状态：成功
2026-03-29T21:30:39.547+08:00  INFO 24212 --- [doctor-service] [http-nio-9002-exec-1] c.c.d.aspect.BusinessLogAspect           : [业务] 医生查询 - DoctorServiceImpl.searchOnline - 查询在线医生列表
2026-03-29T21:30:40.392+08:00  INFO 21856 --- [order-service] [http-nio-9004-exec-8] c.c.o.aspect.BusinessLogAspect           : ========== 业务操作开始 ==========
2026-03-29T21:30:40.392+08:00  INFO 21856 --- [order-service] [http-nio-9004-exec-8] c.c.o.aspect.BusinessLogAspect           : 时间：2026-03-29 21:30:40.392
2026-03-29T21:30:40.392+08:00  INFO 21856 --- [order-service] [http-nio-9004-exec-8] c.c.o.aspect.BusinessLogAspect           : 接口：GET /order/list
2026-03-29T21:30:40.392+08:00  INFO 21856 --- [order-service] [http-nio-9004-exec-8] c.c.o.aspect.BusinessLogAspect           : 类名：OrderServiceImpl.getOrders
2026-03-29T21:30:40.392+08:00  INFO 21856 --- [order-service] [http-nio-9004-exec-8] c.c.o.aspect.BusinessLogAspect           : 业务描述：查询用户订单列表
2026-03-29T21:30:40.392+08:00  INFO 21856 --- [order-service] [http-nio-9004-exec-8] c.c.o.aspect.BusinessLogAspect           : 业务类型：订单查询
2026-03-29T21:30:40.392+08:00  INFO 21856 --- [order-service] [http-nio-9004-exec-8] c.c.o.aspect.BusinessLogAspect           : 请求参数：[2038244988630581249]
2026-03-29T21:30:40.399+08:00  INFO 21856 --- [order-service] [http-nio-9004-exec-8] c.c.o.aspect.BusinessLogAspect           : ========== 业务操作结束 ==========
2026-03-29T21:30:40.399+08:00  INFO 21856 --- [order-service] [http-nio-9004-exec-8] c.c.o.aspect.BusinessLogAspect           : 执行耗时：7ms
2026-03-29T21:30:40.399+08:00  INFO 21856 --- [order-service] [http-nio-9004-exec-8] c.c.o.aspect.BusinessLogAspect           : 执行状态：成功
2026-03-29T21:30:40.964+08:00  INFO 24212 --- [doctor-service] [http-nio-9002-exec-3] c.c.d.aspect.BusinessLogAspect           : [业务] 医生查询 - DoctorServiceImpl.searchOnline - 查询在线医生列表
2026-03-29T21:30:41.875+08:00  INFO 24212 --- [doctor-service] [http-nio-9002-exec-2] c.c.d.aspect.BusinessLogAspect           : [业务] 医生查询 - DoctorServiceImpl.searchOnline - 查询在线医生列表
2026-03-29T21:30:41.880+08:00  INFO 31076 --- [user-service] [http-nio-9003-exec-7] c.c.u.aspect.BusinessLogAspect           : ========== 业务操作开始 ==========
2026-03-29T21:30:41.880+08:00  INFO 31076 --- [user-service] [http-nio-9003-exec-7] c.c.u.aspect.BusinessLogAspect           : 时间：2026-03-29 21:30:41.880
2026-03-29T21:30:41.880+08:00  INFO 31076 --- [user-service] [http-nio-9003-exec-7] c.c.u.aspect.BusinessLogAspect           : 接口：GET /user/patient/list
2026-03-29T21:30:41.880+08:00  INFO 31076 --- [user-service] [http-nio-9003-exec-7] c.c.u.aspect.BusinessLogAspect           : 类名：PatientServiceImpl.getPatients
2026-03-29T21:30:41.880+08:00  INFO 31076 --- [user-service] [http-nio-9003-exec-7] c.c.u.aspect.BusinessLogAspect           : 业务描述：查询就诊人列表
2026-03-29T21:30:41.880+08:00  INFO 31076 --- [user-service] [http-nio-9003-exec-7] c.c.u.aspect.BusinessLogAspect           : 业务类型：就诊人管理
2026-03-29T21:30:41.880+08:00  INFO 31076 --- [user-service] [http-nio-9003-exec-7] c.c.u.aspect.BusinessLogAspect           : 请求参数：[2038244988630581249]
2026-03-29T21:30:41.887+08:00  INFO 31076 --- [user-service] [http-nio-9003-exec-7] c.c.u.aspect.BusinessLogAspect           : ========== 业务操作结束 ==========
2026-03-29T21:30:41.887+08:00  INFO 31076 --- [user-service] [http-nio-9003-exec-7] c.c.u.aspect.BusinessLogAspect           : 执行耗时：7ms
2026-03-29T21:30:41.887+08:00  INFO 31076 --- [user-service] [http-nio-9003-exec-7] c.c.u.aspect.BusinessLogAspect           : 执行状态：成功
2026-03-29T21:30:45.670+08:00  INFO 24212 --- [doctor-service] [http-nio-9002-exec-7] c.c.d.aspect.BusinessLogAspect           : [业务] 排班查询 - ScheduleServiceImpl.findDetailByDate - 查询排班详情（缓存优化）
2026-03-29T21:31:22.382+08:00  INFO 24212 --- [doctor-service] [http-nio-9002-exec-8] c.c.d.aspect.BusinessLogAspect           : [业务] 医生查询 - DoctorServiceImpl.searchOnline - 查询在线医生列表
2026-03-29T21:31:26.485+08:00  INFO 24212 --- [doctor-service] [http-nio-9002-exec-4] c.c.d.aspect.BusinessLogAspect           : [业务] 医生查询 - DoctorServiceImpl.searchOnline - 查询在线医生列表
2026-03-29T21:31:27.993+08:00  INFO 24212 --- [doctor-service] [http-nio-9002-exec-9] c.c.d.aspect.BusinessLogAspect           : [业务] 医生查询 - DoctorServiceImpl.searchOnline - 查询在线医生列表
2026-03-29T21:31:27.994+08:00  INFO 31076 --- [user-service] [http-nio-9003-exec-8] c.c.u.aspect.BusinessLogAspect           : ========== 业务操作开始 ==========
2026-03-29T21:31:27.994+08:00  INFO 31076 --- [user-service] [http-nio-9003-exec-8] c.c.u.aspect.BusinessLogAspect           : 时间：2026-03-29 21:31:27.994
2026-03-29T21:31:27.994+08:00  INFO 31076 --- [user-service] [http-nio-9003-exec-8] c.c.u.aspect.BusinessLogAspect           : 接口：GET /user/patient/list
2026-03-29T21:31:27.994+08:00  INFO 31076 --- [user-service] [http-nio-9003-exec-8] c.c.u.aspect.BusinessLogAspect           : 类名：PatientServiceImpl.getPatients
2026-03-29T21:31:27.994+08:00  INFO 31076 --- [user-service] [http-nio-9003-exec-8] c.c.u.aspect.BusinessLogAspect           : 业务描述：查询就诊人列表
2026-03-29T21:31:27.994+08:00  INFO 31076 --- [user-service] [http-nio-9003-exec-8] c.c.u.aspect.BusinessLogAspect           : 业务类型：就诊人管理
2026-03-29T21:31:27.994+08:00  INFO 31076 --- [user-service] [http-nio-9003-exec-8] c.c.u.aspect.BusinessLogAspect           : 请求参数：[2038244988630581249]
2026-03-29T21:31:28.001+08:00  INFO 31076 --- [user-service] [http-nio-9003-exec-8] c.c.u.aspect.BusinessLogAspect           : ========== 业务操作结束 ==========
2026-03-29T21:31:28.001+08:00  INFO 31076 --- [user-service] [http-nio-9003-exec-8] c.c.u.aspect.BusinessLogAspect           : 执行耗时：7ms
2026-03-29T21:31:28.001+08:00  INFO 31076 --- [user-service] [http-nio-9003-exec-8] c.c.u.aspect.BusinessLogAspect           : 执行状态：成功
2026-03-29T21:31:30.227+08:00  INFO 24212 --- [doctor-service] [http-nio-9002-exec-10] c.c.d.aspect.BusinessLogAspect           : [业务] 排班查询 - ScheduleServiceImpl.findDetailByDate - 查询排班详情（缓存优化）
2026-03-29T21:31:32.416+08:00  INFO 24212 --- [doctor-service] [http-nio-9002-exec-5] c.c.d.aspect.BusinessLogAspect           : [业务] 排班查询 - ScheduleServiceImpl.findDetailByDate - 查询排班详情（缓存优化）
2026-03-29T21:31:34.366+08:00  INFO 24212 --- [doctor-service] [http-nio-9002-exec-6] c.c.d.aspect.BusinessLogAspect           : [业务] 医生查询 - DoctorServiceImpl.searchOnline - 查询在线医生列表
2026-03-29T21:33:02.800+08:00  INFO 24212 --- [doctor-service] [http-nio-9002-exec-3] c.c.d.aspect.BusinessLogAspect           : [业务] 医生查询 - DoctorServiceImpl.searchOnline - 查询在线医生列表
2026-03-29T21:33:04.239+08:00  INFO 24212 --- [doctor-service] [http-nio-9002-exec-2] c.c.d.aspect.BusinessLogAspect           : [业务] 医生查询 - DoctorServiceImpl.searchOnline - 查询在线医生列表
2026-03-29T21:33:04.515+08:00  INFO 24212 --- [doctor-service] [http-nio-9002-exec-7] c.c.d.aspect.BusinessLogAspect           : [业务] 医生查询 - DoctorServiceImpl.searchOnline - 查询在线医生列表
2026-03-29T21:33:04.978+08:00  INFO 24212 --- [doctor-service] [http-nio-9002-exec-8] c.c.d.aspect.BusinessLogAspect           : [业务] 医生查询 - DoctorServiceImpl.searchOnline - 查询在线医生列表
2026-03-29T21:33:05.243+08:00  INFO 24212 --- [doctor-service] [http-nio-9002-exec-4] c.c.d.aspect.BusinessLogAspect           : [业务] 医生查询 - DoctorServiceImpl.searchOnline - 查询在线医生列表
2026-03-29T21:33:05.422+08:00  INFO 24212 --- [doctor-service] [http-nio-9002-exec-9] c.c.d.aspect.BusinessLogAspect           : [业务] 医生查询 - DoctorServiceImpl.searchOnline - 查询在线医生列表
2026-03-29T21:33:21.986+08:00  INFO 24212 --- [doctor-service] [http-nio-9002-exec-10] c.c.d.aspect.BusinessLogAspect           : [业务] 医生查询 - DoctorServiceImpl.searchOnline - 查询在线医生列表
2026-03-29T21:33:25.022+08:00  INFO 21856 --- [order-service] [http-nio-9004-exec-10] c.c.o.aspect.BusinessLogAspect           : ========== 业务操作开始 ==========
2026-03-29T21:33:25.022+08:00  INFO 21856 --- [order-service] [http-nio-9004-exec-10] c.c.o.aspect.BusinessLogAspect           : 时间：2026-03-29 21:33:25.022
2026-03-29T21:33:25.022+08:00  INFO 21856 --- [order-service] [http-nio-9004-exec-10] c.c.o.aspect.BusinessLogAspect           : 接口：GET /order/list
2026-03-29T21:33:25.022+08:00  INFO 21856 --- [order-service] [http-nio-9004-exec-10] c.c.o.aspect.BusinessLogAspect           : 类名：OrderServiceImpl.getOrders
2026-03-29T21:33:25.022+08:00  INFO 21856 --- [order-service] [http-nio-9004-exec-10] c.c.o.aspect.BusinessLogAspect           : 业务描述：查询用户订单列表
2026-03-29T21:33:25.022+08:00  INFO 21856 --- [order-service] [http-nio-9004-exec-10] c.c.o.aspect.BusinessLogAspect           : 业务类型：订单查询
2026-03-29T21:33:25.022+08:00  INFO 21856 --- [order-service] [http-nio-9004-exec-10] c.c.o.aspect.BusinessLogAspect           : 请求参数：[2038244988630581249]
2026-03-29T21:33:25.029+08:00  INFO 21856 --- [order-service] [http-nio-9004-exec-10] c.c.o.aspect.BusinessLogAspect           : ========== 业务操作结束 ==========
2026-03-29T21:33:25.029+08:00  INFO 21856 --- [order-service] [http-nio-9004-exec-10] c.c.o.aspect.BusinessLogAspect           : 执行耗时：7ms
2026-03-29T21:33:25.029+08:00  INFO 21856 --- [order-service] [http-nio-9004-exec-10] c.c.o.aspect.BusinessLogAspect           : 执行状态：成功
2026-03-29T21:33:26.418+08:00  INFO 24212 --- [doctor-service] [http-nio-9002-exec-5] c.c.d.aspect.BusinessLogAspect           : [业务] 医生查询 - DoctorServiceImpl.searchOnline - 查询在线医生列表
2026-03-29T21:33:36.335+08:00  INFO 24212 --- [doctor-service] [http-nio-9002-exec-6] c.c.d.aspect.BusinessLogAspect           : [业务] 排班查询 - ScheduleServiceImpl.findDetailByDate - 查询排班详情（缓存优化）
2026-03-29T21:33:36.556+08:00  INFO 24212 --- [doctor-service] [http-nio-9002-exec-6] c.c.d.aspect.BusinessLogAspect           : [业务完成] 耗时：221ms - 状态：成功
2026-03-29T21:33:40.127+08:00  INFO 21856 --- [order-service] [http-nio-9004-exec-1] c.c.o.aspect.BusinessLogAspect           : ========== 业务操作开始 ==========
2026-03-29T21:33:40.127+08:00  INFO 21856 --- [order-service] [http-nio-9004-exec-1] c.c.o.aspect.BusinessLogAspect           : 时间：2026-03-29 21:33:40.127
2026-03-29T21:33:40.127+08:00  INFO 21856 --- [order-service] [http-nio-9004-exec-1] c.c.o.aspect.BusinessLogAspect           : 接口：GET /order/list
2026-03-29T21:33:40.127+08:00  INFO 21856 --- [order-service] [http-nio-9004-exec-1] c.c.o.aspect.BusinessLogAspect           : 类名：OrderServiceImpl.getOrders
2026-03-29T21:33:40.127+08:00  INFO 21856 --- [order-service] [http-nio-9004-exec-1] c.c.o.aspect.BusinessLogAspect           : 业务描述：查询用户订单列表
2026-03-29T21:33:40.127+08:00  INFO 21856 --- [order-service] [http-nio-9004-exec-1] c.c.o.aspect.BusinessLogAspect           : 业务类型：订单查询
2026-03-29T21:33:40.127+08:00  INFO 21856 --- [order-service] [http-nio-9004-exec-1] c.c.o.aspect.BusinessLogAspect           : 请求参数：[2038244988630581249]
2026-03-29T21:33:40.137+08:00  INFO 21856 --- [order-service] [http-nio-9004-exec-1] c.c.o.aspect.BusinessLogAspect           : ========== 业务操作结束 ==========
2026-03-29T21:33:40.137+08:00  INFO 21856 --- [order-service] [http-nio-9004-exec-1] c.c.o.aspect.BusinessLogAspect           : 执行耗时：10ms
2026-03-29T21:33:40.137+08:00  INFO 21856 --- [order-service] [http-nio-9004-exec-1] c.c.o.aspect.BusinessLogAspect           : 执行状态：成功
2026-03-29T21:33:40.751+08:00  INFO 24212 --- [doctor-service] [http-nio-9002-exec-1] c.c.d.aspect.BusinessLogAspect           : [业务] 排班查询 - ScheduleServiceImpl.findDetailByDate - 查询排班详情（缓存优化）
2026-03-29T21:33:44.931+08:00  INFO 24212 --- [doctor-service] [http-nio-9002-exec-3] c.c.d.aspect.BusinessLogAspect           : [业务] 排班查询 - ScheduleServiceImpl.findDetailByDate - 查询排班详情（缓存优化）
2026-03-29T21:33:49.761+08:00  INFO 24212 --- [doctor-service] [http-nio-9002-exec-2] c.c.d.aspect.BusinessLogAspect           : [业务] 排班查询 - ScheduleServiceImpl.findDetailByDate - 查询排班详情（缓存优化）
2026-03-29T21:33:50.301+08:00  INFO 21856 --- [order-service] [http-nio-9004-exec-2] c.c.o.aspect.BusinessLogAspect           : ========== 业务操作开始 ==========
2026-03-29T21:33:50.301+08:00  INFO 21856 --- [order-service] [http-nio-9004-exec-2] c.c.o.aspect.BusinessLogAspect           : 时间：2026-03-29 21:33:50.301
2026-03-29T21:33:50.301+08:00  INFO 21856 --- [order-service] [http-nio-9004-exec-2] c.c.o.aspect.BusinessLogAspect           : 接口：GET /order/list
2026-03-29T21:33:50.301+08:00  INFO 21856 --- [order-service] [http-nio-9004-exec-2] c.c.o.aspect.BusinessLogAspect           : 类名：OrderServiceImpl.getOrders
2026-03-29T21:33:50.301+08:00  INFO 21856 --- [order-service] [http-nio-9004-exec-2] c.c.o.aspect.BusinessLogAspect           : 业务描述：查询用户订单列表
2026-03-29T21:33:50.301+08:00  INFO 21856 --- [order-service] [http-nio-9004-exec-2] c.c.o.aspect.BusinessLogAspect           : 业务类型：订单查询
2026-03-29T21:33:50.301+08:00  INFO 21856 --- [order-service] [http-nio-9004-exec-2] c.c.o.aspect.BusinessLogAspect           : 请求参数：[2038244988630581249]
2026-03-29T21:33:50.310+08:00  INFO 21856 --- [order-service] [http-nio-9004-exec-2] c.c.o.aspect.BusinessLogAspect           : ========== 业务操作结束 ==========
2026-03-29T21:33:50.310+08:00  INFO 21856 --- [order-service] [http-nio-9004-exec-2] c.c.o.aspect.BusinessLogAspect           : 执行耗时：9ms
2026-03-29T21:33:50.310+08:00  INFO 21856 --- [order-service] [http-nio-9004-exec-2] c.c.o.aspect.BusinessLogAspect           : 执行状态：成功
2026-03-29T21:34:07.499+08:00  INFO 24212 --- [doctor-service] [http-nio-9002-exec-7] c.c.d.aspect.BusinessLogAspect           : [业务] 排班查询 - ScheduleServiceImpl.findDetailByDate - 查询排班详情（缓存优化）
2026-03-29T21:34:08.151+08:00  INFO 21856 --- [order-service] [http-nio-9004-exec-3] c.c.o.aspect.BusinessLogAspect           : ========== 业务操作开始 ==========
2026-03-29T21:34:08.151+08:00  INFO 21856 --- [order-service] [http-nio-9004-exec-3] c.c.o.aspect.BusinessLogAspect           : 时间：2026-03-29 21:34:08.151
2026-03-29T21:34:08.151+08:00  INFO 21856 --- [order-service] [http-nio-9004-exec-3] c.c.o.aspect.BusinessLogAspect           : 接口：GET /order/list
2026-03-29T21:34:08.151+08:00  INFO 21856 --- [order-service] [http-nio-9004-exec-3] c.c.o.aspect.BusinessLogAspect           : 类名：OrderServiceImpl.getOrders
2026-03-29T21:34:08.151+08:00  INFO 21856 --- [order-service] [http-nio-9004-exec-3] c.c.o.aspect.BusinessLogAspect           : 业务描述：查询用户订单列表
2026-03-29T21:34:08.151+08:00  INFO 21856 --- [order-service] [http-nio-9004-exec-3] c.c.o.aspect.BusinessLogAspect           : 业务类型：订单查询
2026-03-29T21:34:08.151+08:00  INFO 21856 --- [order-service] [http-nio-9004-exec-3] c.c.o.aspect.BusinessLogAspect           : 请求参数：[2038244988630581249]
2026-03-29T21:34:08.161+08:00  INFO 21856 --- [order-service] [http-nio-9004-exec-3] c.c.o.aspect.BusinessLogAspect           : ========== 业务操作结束 ==========
2026-03-29T21:34:08.161+08:00  INFO 21856 --- [order-service] [http-nio-9004-exec-3] c.c.o.aspect.BusinessLogAspect           : 执行耗时：10ms
2026-03-29T21:34:08.161+08:00  INFO 21856 --- [order-service] [http-nio-9004-exec-3] c.c.o.aspect.BusinessLogAspect           : 执行状态：成功
2026-03-29T21:34:10.662+08:00  INFO 24212 --- [doctor-service] [http-nio-9002-exec-8] c.c.d.aspect.BusinessLogAspect           : [业务] 排班查询 - ScheduleServiceImpl.findDetailByDate - 查询排班详情（缓存优化）
2026-03-29T21:34:16.025+08:00  INFO 24212 --- [doctor-service] [http-nio-9002-exec-4] c.c.d.aspect.BusinessLogAspect           : [业务] 排班查询 - ScheduleServiceImpl.findDetailByDate - 查询排班详情（缓存优化）
2026-03-29T21:36:12.563+08:00  INFO 24212 --- [doctor-service] [http-nio-9002-exec-10] c.c.d.aspect.BusinessLogAspect           : [业务] 排班查询 - ScheduleServiceImpl.findDetailByDate - 查询排班详情（缓存优化）
2026-03-29T21:37:34.432+08:00  INFO 24212 --- [doctor-service] [http-nio-9002-exec-6] c.c.d.aspect.BusinessLogAspect           : [业务] 排班查询 - ScheduleServiceImpl.findDetailByDate - 查询排班详情（缓存优化）
2026-03-29T21:37:37.990+08:00  INFO 24212 --- [doctor-service] [http-nio-9002-exec-1] c.c.d.aspect.BusinessLogAspect           : [业务] 排班查询 - ScheduleServiceImpl.findDetailByDate - 查询排班详情（缓存优化）
2026-03-29T21:37:41.668+08:00  INFO 21856 --- [order-service] [http-nio-9004-exec-5] c.c.o.aspect.BusinessLogAspect           : ========== 业务操作开始 ==========
2026-03-29T21:37:41.668+08:00  INFO 21856 --- [order-service] [http-nio-9004-exec-5] c.c.o.aspect.BusinessLogAspect           : 时间：2026-03-29 21:37:41.668
2026-03-29T21:37:41.668+08:00  INFO 21856 --- [order-service] [http-nio-9004-exec-5] c.c.o.aspect.BusinessLogAspect           : 接口：GET /order/list
2026-03-29T21:37:41.668+08:00  INFO 21856 --- [order-service] [http-nio-9004-exec-5] c.c.o.aspect.BusinessLogAspect           : 类名：OrderServiceImpl.getOrders
2026-03-29T21:37:41.668+08:00  INFO 21856 --- [order-service] [http-nio-9004-exec-5] c.c.o.aspect.BusinessLogAspect           : 业务描述：查询用户订单列表
2026-03-29T21:37:41.668+08:00  INFO 21856 --- [order-service] [http-nio-9004-exec-5] c.c.o.aspect.BusinessLogAspect           : 业务类型：订单查询
2026-03-29T21:37:41.668+08:00  INFO 21856 --- [order-service] [http-nio-9004-exec-5] c.c.o.aspect.BusinessLogAspect           : 请求参数：[2038244988630581249]
2026-03-29T21:37:41.679+08:00  INFO 21856 --- [order-service] [http-nio-9004-exec-5] c.c.o.aspect.BusinessLogAspect           : ========== 业务操作结束 ==========
2026-03-29T21:37:41.679+08:00  INFO 21856 --- [order-service] [http-nio-9004-exec-5] c.c.o.aspect.BusinessLogAspect           : 执行耗时：11ms
2026-03-29T21:37:41.679+08:00  INFO 21856 --- [order-service] [http-nio-9004-exec-5] c.c.o.aspect.BusinessLogAspect           : 执行状态：成功
2026-03-29T21:37:42.424+08:00  INFO 24212 --- [doctor-service] [http-nio-9002-exec-3] c.c.d.aspect.BusinessLogAspect           : [业务] 排班查询 - ScheduleServiceImpl.findDetailByDate - 查询排班详情（缓存优化）
2026-03-29T21:37:43.430+08:00  INFO 24212 --- [doctor-service] [http-nio-9002-exec-2] c.c.d.aspect.BusinessLogAspect           : [业务] 排班查询 - ScheduleServiceImpl.findDetailByDate - 查询排班详情（缓存优化）
2026-03-29T21:38:13.987+08:00  INFO 24212 --- [doctor-service] [http-nio-9002-exec-7] c.c.d.aspect.BusinessLogAspect           : [业务] 排班查询 - ScheduleServiceImpl.findDetailByDate - 查询排班详情（缓存优化）
2026-03-29T21:38:18.802+08:00  INFO 24212 --- [doctor-service] [http-nio-9002-exec-8] c.c.d.aspect.BusinessLogAspect           : [业务] 排班查询 - ScheduleServiceImpl.findDetailByDate - 查询排班详情（缓存优化）
2026-03-29T21:38:35.941+08:00  INFO 21856 --- [order-service] [http-nio-9004-exec-6] c.c.o.aspect.BusinessLogAspect           : ========== 业务操作开始 ==========
2026-03-29T21:38:35.942+08:00  INFO 21856 --- [order-service] [http-nio-9004-exec-6] c.c.o.aspect.BusinessLogAspect           : 时间：2026-03-29 21:38:35.942
2026-03-29T21:38:35.942+08:00  INFO 21856 --- [order-service] [http-nio-9004-exec-6] c.c.o.aspect.BusinessLogAspect           : 接口：GET /order/list
2026-03-29T21:38:35.942+08:00  INFO 21856 --- [order-service] [http-nio-9004-exec-6] c.c.o.aspect.BusinessLogAspect           : 类名：OrderServiceImpl.getOrders
2026-03-29T21:38:35.942+08:00  INFO 21856 --- [order-service] [http-nio-9004-exec-6] c.c.o.aspect.BusinessLogAspect           : 业务描述：查询用户订单列表
2026-03-29T21:38:35.942+08:00  INFO 21856 --- [order-service] [http-nio-9004-exec-6] c.c.o.aspect.BusinessLogAspect           : 业务类型：订单查询
2026-03-29T21:38:35.942+08:00  INFO 21856 --- [order-service] [http-nio-9004-exec-6] c.c.o.aspect.BusinessLogAspect           : 请求参数：[2038244988630581249]
2026-03-29T21:38:35.951+08:00  INFO 21856 --- [order-service] [http-nio-9004-exec-6] c.c.o.aspect.BusinessLogAspect           : ========== 业务操作结束 ==========
2026-03-29T21:38:35.951+08:00  INFO 21856 --- [order-service] [http-nio-9004-exec-6] c.c.o.aspect.BusinessLogAspect           : 执行耗时：9ms
2026-03-29T21:38:35.951+08:00  INFO 21856 --- [order-service] [http-nio-9004-exec-6] c.c.o.aspect.BusinessLogAspect           : 执行状态：成功
2026-03-29T21:51:51.785+08:00  INFO 21856 --- [order-service] [http-nio-9004-exec-8] c.c.o.aspect.BusinessLogAspect           : ========== 业务操作开始 ==========
2026-03-29T21:51:51.785+08:00  INFO 21856 --- [order-service] [http-nio-9004-exec-8] c.c.o.aspect.BusinessLogAspect           : 时间：2026-03-29 21:51:51.785
2026-03-29T21:51:51.785+08:00  INFO 21856 --- [order-service] [http-nio-9004-exec-8] c.c.o.aspect.BusinessLogAspect           : 接口：GET /order/list
2026-03-29T21:51:51.785+08:00  INFO 21856 --- [order-service] [http-nio-9004-exec-8] c.c.o.aspect.BusinessLogAspect           : 类名：OrderServiceImpl.getOrders
2026-03-29T21:51:51.785+08:00  INFO 21856 --- [order-service] [http-nio-9004-exec-8] c.c.o.aspect.BusinessLogAspect           : 业务描述：查询用户订单列表
2026-03-29T21:51:51.785+08:00  INFO 21856 --- [order-service] [http-nio-9004-exec-8] c.c.o.aspect.BusinessLogAspect           : 业务类型：订单查询
2026-03-29T21:51:51.785+08:00  INFO 21856 --- [order-service] [http-nio-9004-exec-8] c.c.o.aspect.BusinessLogAspect           : 请求参数：[2038244988630581249]
2026-03-29T21:51:51.794+08:00  INFO 21856 --- [order-service] [http-nio-9004-exec-8] c.c.o.aspect.BusinessLogAspect           : ========== 业务操作结束 ==========
2026-03-29T21:51:51.794+08:00  INFO 21856 --- [order-service] [http-nio-9004-exec-8] c.c.o.aspect.BusinessLogAspect           : 执行耗时：9ms
2026-03-29T21:51:51.794+08:00  INFO 21856 --- [order-service] [http-nio-9004-exec-8] c.c.o.aspect.BusinessLogAspect           : 执行状态：成功
2026-03-29T21:52:02.095+08:00  INFO 21856 --- [order-service] [http-nio-9004-exec-9] c.c.o.aspect.BusinessLogAspect           : ========== 业务操作开始 ==========
2026-03-29T21:52:02.095+08:00  INFO 21856 --- [order-service] [http-nio-9004-exec-9] c.c.o.aspect.BusinessLogAspect           : 时间：2026-03-29 21:52:02.095
2026-03-29T21:52:02.095+08:00  INFO 21856 --- [order-service] [http-nio-9004-exec-9] c.c.o.aspect.BusinessLogAspect           : 接口：GET /order/list
2026-03-29T21:52:02.095+08:00  INFO 21856 --- [order-service] [http-nio-9004-exec-9] c.c.o.aspect.BusinessLogAspect           : 类名：OrderServiceImpl.getOrders
2026-03-29T21:52:02.095+08:00  INFO 21856 --- [order-service] [http-nio-9004-exec-9] c.c.o.aspect.BusinessLogAspect           : 业务描述：查询用户订单列表
2026-03-29T21:52:02.095+08:00  INFO 21856 --- [order-service] [http-nio-9004-exec-9] c.c.o.aspect.BusinessLogAspect           : 业务类型：订单查询
2026-03-29T21:52:02.095+08:00  INFO 21856 --- [order-service] [http-nio-9004-exec-9] c.c.o.aspect.BusinessLogAspect           : 请求参数：[2038244988630581249]
2026-03-29T21:52:02.108+08:00  INFO 21856 --- [order-service] [http-nio-9004-exec-9] c.c.o.aspect.BusinessLogAspect           : ========== 业务操作结束 ==========
2026-03-29T21:52:02.108+08:00  INFO 21856 --- [order-service] [http-nio-9004-exec-9] c.c.o.aspect.BusinessLogAspect           : 执行耗时：13ms
2026-03-29T21:52:02.108+08:00  INFO 21856 --- [order-service] [http-nio-9004-exec-9] c.c.o.aspect.BusinessLogAspect           : 执行状态：成功
2026-03-29T21:52:04.728+08:00  INFO 21856 --- [order-service] [http-nio-9004-exec-10] c.c.o.aspect.BusinessLogAspect           : ========== 业务操作开始 ==========
2026-03-29T21:52:04.728+08:00  INFO 21856 --- [order-service] [http-nio-9004-exec-10] c.c.o.aspect.BusinessLogAspect           : 时间：2026-03-29 21:52:04.728
2026-03-29T21:52:04.728+08:00  INFO 21856 --- [order-service] [http-nio-9004-exec-10] c.c.o.aspect.BusinessLogAspect           : 接口：GET /order/list
2026-03-29T21:52:04.728+08:00  INFO 21856 --- [order-service] [http-nio-9004-exec-10] c.c.o.aspect.BusinessLogAspect           : 类名：OrderServiceImpl.getOrders
2026-03-29T21:52:04.728+08:00  INFO 21856 --- [order-service] [http-nio-9004-exec-10] c.c.o.aspect.BusinessLogAspect           : 业务描述：查询用户订单列表
2026-03-29T21:52:04.728+08:00  INFO 21856 --- [order-service] [http-nio-9004-exec-10] c.c.o.aspect.BusinessLogAspect           : 业务类型：订单查询
2026-03-29T21:52:04.728+08:00  INFO 21856 --- [order-service] [http-nio-9004-exec-10] c.c.o.aspect.BusinessLogAspect           : 请求参数：[2038244988630581249]
2026-03-29T21:52:04.737+08:00  INFO 21856 --- [order-service] [http-nio-9004-exec-10] c.c.o.aspect.BusinessLogAspect           : ========== 业务操作结束 ==========
2026-03-29T21:52:04.737+08:00  INFO 21856 --- [order-service] [http-nio-9004-exec-10] c.c.o.aspect.BusinessLogAspect           : 执行耗时：9ms
2026-03-29T21:52:04.737+08:00  INFO 21856 --- [order-service] [http-nio-9004-exec-10] c.c.o.aspect.BusinessLogAspect           : 执行状态：成功
2026-03-29T21:52:05.180+08:00  INFO 24212 --- [doctor-service] [http-nio-9002-exec-9] c.c.d.aspect.BusinessLogAspect           : [业务] 排班查询 - ScheduleServiceImpl.findDetailByDate - 查询排班详情（缓存优化）
2026-03-29T21:52:06.302+08:00  INFO 21856 --- [order-service] [http-nio-9004-exec-1] c.c.o.aspect.BusinessLogAspect           : ========== 业务操作开始 ==========
2026-03-29T21:52:06.302+08:00  INFO 21856 --- [order-service] [http-nio-9004-exec-1] c.c.o.aspect.BusinessLogAspect           : 时间：2026-03-29 21:52:06.302
2026-03-29T21:52:06.302+08:00  INFO 21856 --- [order-service] [http-nio-9004-exec-1] c.c.o.aspect.BusinessLogAspect           : 接口：GET /order/list
2026-03-29T21:52:06.302+08:00  INFO 21856 --- [order-service] [http-nio-9004-exec-1] c.c.o.aspect.BusinessLogAspect           : 类名：OrderServiceImpl.getOrders
2026-03-29T21:52:06.302+08:00  INFO 21856 --- [order-service] [http-nio-9004-exec-1] c.c.o.aspect.BusinessLogAspect           : 业务描述：查询用户订单列表
2026-03-29T21:52:06.302+08:00  INFO 21856 --- [order-service] [http-nio-9004-exec-1] c.c.o.aspect.BusinessLogAspect           : 业务类型：订单查询
2026-03-29T21:52:06.302+08:00  INFO 21856 --- [order-service] [http-nio-9004-exec-1] c.c.o.aspect.BusinessLogAspect           : 请求参数：[2038244988630581249]
2026-03-29T21:52:06.312+08:00  INFO 21856 --- [order-service] [http-nio-9004-exec-1] c.c.o.aspect.BusinessLogAspect           : ========== 业务操作结束 ==========
2026-03-29T21:52:06.313+08:00  INFO 21856 --- [order-service] [http-nio-9004-exec-1] c.c.o.aspect.BusinessLogAspect           : 执行耗时：10ms
2026-03-29T21:52:06.313+08:00  INFO 21856 --- [order-service] [http-nio-9004-exec-1] c.c.o.aspect.BusinessLogAspect           : 执行状态：成功
2026-03-29T21:52:10.572+08:00  INFO 24212 --- [doctor-service] [http-nio-9002-exec-10] c.c.d.aspect.BusinessLogAspect           : [业务] 排班查询 - ScheduleServiceImpl.findDetailByDate - 查询排班详情（缓存优化）
2026-03-29T21:52:24.414+08:00  INFO 24212 --- [doctor-service] [http-nio-9002-exec-5] c.c.d.aspect.BusinessLogAspect           : [业务] 排班查询 - ScheduleServiceImpl.findDetailByDate - 查询排班详情（缓存优化）
2026-03-29T21:52:25.011+08:00  INFO 21856 --- [order-service] [http-nio-9004-exec-2] c.c.o.aspect.BusinessLogAspect           : ========== 业务操作开始 ==========
2026-03-29T21:52:25.011+08:00  INFO 21856 --- [order-service] [http-nio-9004-exec-2] c.c.o.aspect.BusinessLogAspect           : 时间：2026-03-29 21:52:25.011
2026-03-29T21:52:25.011+08:00  INFO 21856 --- [order-service] [http-nio-9004-exec-2] c.c.o.aspect.BusinessLogAspect           : 接口：GET /order/list
2026-03-29T21:52:25.011+08:00  INFO 21856 --- [order-service] [http-nio-9004-exec-2] c.c.o.aspect.BusinessLogAspect           : 类名：OrderServiceImpl.getOrders
2026-03-29T21:52:25.011+08:00  INFO 21856 --- [order-service] [http-nio-9004-exec-2] c.c.o.aspect.BusinessLogAspect           : 业务描述：查询用户订单列表
2026-03-29T21:52:25.011+08:00  INFO 21856 --- [order-service] [http-nio-9004-exec-2] c.c.o.aspect.BusinessLogAspect           : 业务类型：订单查询
2026-03-29T21:52:25.011+08:00  INFO 21856 --- [order-service] [http-nio-9004-exec-2] c.c.o.aspect.BusinessLogAspect           : 请求参数：[2038244988630581249]
2026-03-29T21:52:25.020+08:00  INFO 21856 --- [order-service] [http-nio-9004-exec-2] c.c.o.aspect.BusinessLogAspect           : ========== 业务操作结束 ==========
2026-03-29T21:52:25.020+08:00  INFO 21856 --- [order-service] [http-nio-9004-exec-2] c.c.o.aspect.BusinessLogAspect           : 执行耗时：9ms
2026-03-29T21:52:25.020+08:00  INFO 21856 --- [order-service] [http-nio-9004-exec-2] c.c.o.aspect.BusinessLogAspect           : 执行状态：成功
2026-03-29T21:52:25.528+08:00  INFO 24212 --- [doctor-service] [http-nio-9002-exec-6] c.c.d.aspect.BusinessLogAspect           : [业务] 排班查询 - ScheduleServiceImpl.findDetailByDate - 查询排班详情（缓存优化）
2026-03-29T21:53:54.218+08:00  INFO 24212 --- [doctor-service] [http-nio-9002-exec-3] c.c.d.aspect.BusinessLogAspect           : [业务] 排班查询 - ScheduleServiceImpl.findDetailByDate - 查询排班详情（缓存优化）
2026-03-29T21:55:21.499+08:00  INFO 24212 --- [doctor-service] [http-nio-9002-exec-7] c.c.d.aspect.BusinessLogAspect           : [业务] 排班查询 - ScheduleServiceImpl.findDetailByDate - 查询排班详情（缓存优化）
2026-03-29T21:55:50.393+08:00  INFO 21856 --- [order-service] [http-nio-9004-exec-4] c.c.o.aspect.BusinessLogAspect           : ========== 业务操作开始 ==========
2026-03-29T21:55:50.393+08:00  INFO 21856 --- [order-service] [http-nio-9004-exec-4] c.c.o.aspect.BusinessLogAspect           : 时间：2026-03-29 21:55:50.393
2026-03-29T21:55:50.393+08:00  INFO 21856 --- [order-service] [http-nio-9004-exec-4] c.c.o.aspect.BusinessLogAspect           : 接口：GET /order/list
2026-03-29T21:55:50.393+08:00  INFO 21856 --- [order-service] [http-nio-9004-exec-4] c.c.o.aspect.BusinessLogAspect           : 类名：OrderServiceImpl.getOrders
2026-03-29T21:55:50.393+08:00  INFO 21856 --- [order-service] [http-nio-9004-exec-4] c.c.o.aspect.BusinessLogAspect           : 业务描述：查询用户订单列表
2026-03-29T21:55:50.393+08:00  INFO 21856 --- [order-service] [http-nio-9004-exec-4] c.c.o.aspect.BusinessLogAspect           : 业务类型：订单查询
2026-03-29T21:55:50.393+08:00  INFO 21856 --- [order-service] [http-nio-9004-exec-4] c.c.o.aspect.BusinessLogAspect           : 请求参数：[2038244988630581249]
2026-03-29T21:55:50.403+08:00  INFO 21856 --- [order-service] [http-nio-9004-exec-4] c.c.o.aspect.BusinessLogAspect           : ========== 业务操作结束 ==========
2026-03-29T21:55:50.403+08:00  INFO 21856 --- [order-service] [http-nio-9004-exec-4] c.c.o.aspect.BusinessLogAspect           : 执行耗时：10ms
2026-03-29T21:55:50.403+08:00  INFO 21856 --- [order-service] [http-nio-9004-exec-4] c.c.o.aspect.BusinessLogAspect           : 执行状态：成功
2026-03-29T21:55:51.060+08:00  INFO 24212 --- [doctor-service] [http-nio-9002-exec-8] c.c.d.aspect.BusinessLogAspect           : [业务] 排班查询 - ScheduleServiceImpl.findDetailByDate - 查询排班详情（缓存优化）
2026-03-29T21:55:52.322+08:00  INFO 24212 --- [doctor-service] [http-nio-9002-exec-4] c.c.d.aspect.BusinessLogAspect           : [业务] 排班查询 - ScheduleServiceImpl.findDetailByDate - 查询排班详情（缓存优化）
2026-03-29T21:55:54.031+08:00  INFO 24212 --- [doctor-service] [http-nio-9002-exec-9] c.c.d.aspect.BusinessLogAspect           : [业务] 排班查询 - ScheduleServiceImpl.findDetailByDate - 查询排班详情（缓存优化）
2026-03-29T22:01:05.976+08:00  INFO 21856 --- [order-service] [http-nio-9004-exec-6] c.c.o.aspect.BusinessLogAspect           : ========== 业务操作开始 ==========
2026-03-29T22:01:05.976+08:00  INFO 21856 --- [order-service] [http-nio-9004-exec-6] c.c.o.aspect.BusinessLogAspect           : 时间：2026-03-29 22:01:05.976
2026-03-29T22:01:05.976+08:00  INFO 21856 --- [order-service] [http-nio-9004-exec-6] c.c.o.aspect.BusinessLogAspect           : 接口：GET /order/list
2026-03-29T22:01:05.976+08:00  INFO 21856 --- [order-service] [http-nio-9004-exec-6] c.c.o.aspect.BusinessLogAspect           : 类名：OrderServiceImpl.getOrders
2026-03-29T22:01:05.976+08:00  INFO 21856 --- [order-service] [http-nio-9004-exec-6] c.c.o.aspect.BusinessLogAspect           : 业务描述：查询用户订单列表
2026-03-29T22:01:05.976+08:00  INFO 21856 --- [order-service] [http-nio-9004-exec-6] c.c.o.aspect.BusinessLogAspect           : 业务类型：订单查询
2026-03-29T22:01:05.977+08:00  INFO 21856 --- [order-service] [http-nio-9004-exec-6] c.c.o.aspect.BusinessLogAspect           : 请求参数：[2038244988630581249]
2026-03-29T22:01:05.987+08:00  INFO 21856 --- [order-service] [http-nio-9004-exec-6] c.c.o.aspect.BusinessLogAspect           : ========== 业务操作结束 ==========
2026-03-29T22:01:05.987+08:00  INFO 21856 --- [order-service] [http-nio-9004-exec-6] c.c.o.aspect.BusinessLogAspect           : 执行耗时：10ms
2026-03-29T22:01:05.987+08:00  INFO 21856 --- [order-service] [http-nio-9004-exec-6] c.c.o.aspect.BusinessLogAspect           : 执行状态：成功
2026-03-29T22:01:06.441+08:00  INFO 21856 --- [order-service] [http-nio-9004-exec-7] c.c.o.aspect.BusinessLogAspect           : ========== 业务操作开始 ==========
2026-03-29T22:01:06.441+08:00  INFO 21856 --- [order-service] [http-nio-9004-exec-7] c.c.o.aspect.BusinessLogAspect           : 时间：2026-03-29 22:01:06.441
2026-03-29T22:01:06.441+08:00  INFO 21856 --- [order-service] [http-nio-9004-exec-7] c.c.o.aspect.BusinessLogAspect           : 接口：GET /order/list
2026-03-29T22:01:06.441+08:00  INFO 21856 --- [order-service] [http-nio-9004-exec-7] c.c.o.aspect.BusinessLogAspect           : 类名：OrderServiceImpl.getOrders
2026-03-29T22:01:06.441+08:00  INFO 21856 --- [order-service] [http-nio-9004-exec-7] c.c.o.aspect.BusinessLogAspect           : 业务描述：查询用户订单列表
2026-03-29T22:01:06.441+08:00  INFO 21856 --- [order-service] [http-nio-9004-exec-7] c.c.o.aspect.BusinessLogAspect           : 业务类型：订单查询
2026-03-29T22:01:06.441+08:00  INFO 21856 --- [order-service] [http-nio-9004-exec-7] c.c.o.aspect.BusinessLogAspect           : 请求参数：[2038244988630581249]
2026-03-29T22:01:06.447+08:00  INFO 21856 --- [order-service] [http-nio-9004-exec-7] c.c.o.aspect.BusinessLogAspect           : ========== 业务操作结束 ==========
2026-03-29T22:01:06.447+08:00  INFO 21856 --- [order-service] [http-nio-9004-exec-7] c.c.o.aspect.BusinessLogAspect           : 执行耗时：6ms
2026-03-29T22:01:06.447+08:00  INFO 21856 --- [order-service] [http-nio-9004-exec-7] c.c.o.aspect.BusinessLogAspect           : 执行状态：成功
2026-03-29T22:01:06.601+08:00  INFO 21856 --- [order-service] [http-nio-9004-exec-8] c.c.o.aspect.BusinessLogAspect           : ========== 业务操作开始 ==========
2026-03-29T22:01:06.601+08:00  INFO 21856 --- [order-service] [http-nio-9004-exec-8] c.c.o.aspect.BusinessLogAspect           : 时间：2026-03-29 22:01:06.601
2026-03-29T22:01:06.601+08:00  INFO 21856 --- [order-service] [http-nio-9004-exec-8] c.c.o.aspect.BusinessLogAspect           : 接口：GET /order/list
2026-03-29T22:01:06.601+08:00  INFO 21856 --- [order-service] [http-nio-9004-exec-8] c.c.o.aspect.BusinessLogAspect           : 类名：OrderServiceImpl.getOrders
2026-03-29T22:01:06.601+08:00  INFO 21856 --- [order-service] [http-nio-9004-exec-8] c.c.o.aspect.BusinessLogAspect           : 业务描述：查询用户订单列表
2026-03-29T22:01:06.601+08:00  INFO 21856 --- [order-service] [http-nio-9004-exec-8] c.c.o.aspect.BusinessLogAspect           : 业务类型：订单查询
2026-03-29T22:01:06.601+08:00  INFO 21856 --- [order-service] [http-nio-9004-exec-8] c.c.o.aspect.BusinessLogAspect           : 请求参数：[2038244988630581249]
2026-03-29T22:01:06.606+08:00  INFO 21856 --- [order-service] [http-nio-9004-exec-8] c.c.o.aspect.BusinessLogAspect           : ========== 业务操作结束 ==========
2026-03-29T22:01:06.606+08:00  INFO 21856 --- [order-service] [http-nio-9004-exec-8] c.c.o.aspect.BusinessLogAspect           : 执行耗时：5ms
2026-03-29T22:01:06.606+08:00  INFO 21856 --- [order-service] [http-nio-9004-exec-8] c.c.o.aspect.BusinessLogAspect           : 执行状态：成功
2026-03-29T22:01:42.654+08:00  INFO 21856 --- [order-service] [http-nio-9004-exec-9] c.c.o.aspect.BusinessLogAspect           : ========== 业务操作开始 ==========
2026-03-29T22:01:42.654+08:00  INFO 21856 --- [order-service] [http-nio-9004-exec-9] c.c.o.aspect.BusinessLogAspect           : 时间：2026-03-29 22:01:42.654
2026-03-29T22:01:42.654+08:00  INFO 21856 --- [order-service] [http-nio-9004-exec-9] c.c.o.aspect.BusinessLogAspect           : 接口：GET /order/list
2026-03-29T22:01:42.654+08:00  INFO 21856 --- [order-service] [http-nio-9004-exec-9] c.c.o.aspect.BusinessLogAspect           : 类名：OrderServiceImpl.getOrders
2026-03-29T22:01:42.654+08:00  INFO 21856 --- [order-service] [http-nio-9004-exec-9] c.c.o.aspect.BusinessLogAspect           : 业务描述：查询用户订单列表
2026-03-29T22:01:42.654+08:00  INFO 21856 --- [order-service] [http-nio-9004-exec-9] c.c.o.aspect.BusinessLogAspect           : 业务类型：订单查询
2026-03-29T22:01:42.654+08:00  INFO 21856 --- [order-service] [http-nio-9004-exec-9] c.c.o.aspect.BusinessLogAspect           : 请求参数：[2038244988630581249]
2026-03-29T22:01:42.660+08:00  INFO 21856 --- [order-service] [http-nio-9004-exec-9] c.c.o.aspect.BusinessLogAspect           : ========== 业务操作结束 ==========
2026-03-29T22:01:42.660+08:00  INFO 21856 --- [order-service] [http-nio-9004-exec-9] c.c.o.aspect.BusinessLogAspect           : 执行耗时：6ms
2026-03-29T22:01:42.660+08:00  INFO 21856 --- [order-service] [http-nio-9004-exec-9] c.c.o.aspect.BusinessLogAspect           : 执行状态：成功
2026-03-29T22:02:08.739+08:00  INFO 31076 --- [user-service] [http-nio-9003-exec-10] c.c.u.aspect.BusinessLogAspect           : ========== 业务操作开始 ==========
2026-03-29T22:02:08.740+08:00  INFO 31076 --- [user-service] [http-nio-9003-exec-10] c.c.u.aspect.BusinessLogAspect           : 时间：2026-03-29 22:02:08.739
2026-03-29T22:02:08.740+08:00  INFO 31076 --- [user-service] [http-nio-9003-exec-10] c.c.u.aspect.BusinessLogAspect           : 接口：POST /user/login
2026-03-29T22:02:08.740+08:00  INFO 31076 --- [user-service] [http-nio-9003-exec-10] c.c.u.aspect.BusinessLogAspect           : 类名：UserServiceImpl.login
2026-03-29T22:02:08.740+08:00  INFO 31076 --- [user-service] [http-nio-9003-exec-10] c.c.u.aspect.BusinessLogAspect           : 业务描述：用户登录
2026-03-29T22:02:08.740+08:00  INFO 31076 --- [user-service] [http-nio-9003-exec-10] c.c.u.aspect.BusinessLogAspect           : 业务类型：用户认证
2026-03-29T22:02:08.741+08:00  INFO 31076 --- [user-service] [http-nio-9003-exec-10] c.c.u.aspect.BusinessLogAspect           : 请求参数：["13542748103","1346798520"]
2026-03-29T22:02:08.750+08:00  INFO 31076 --- [user-service] [http-nio-9003-exec-10] c.c.u.aspect.BusinessLogAspect           : ========== 业务操作结束 ==========
2026-03-29T22:02:08.750+08:00  INFO 31076 --- [user-service] [http-nio-9003-exec-10] c.c.u.aspect.BusinessLogAspect           : 执行耗时：9ms
2026-03-29T22:02:08.750+08:00  INFO 31076 --- [user-service] [http-nio-9003-exec-10] c.c.u.aspect.BusinessLogAspect           : 执行状态：成功
2026-03-29T22:02:31.838+08:00  INFO 31076 --- [user-service] [http-nio-9003-exec-1] c.c.u.aspect.BusinessLogAspect           : ========== 业务操作开始 ==========
2026-03-29T22:02:31.838+08:00  INFO 31076 --- [user-service] [http-nio-9003-exec-1] c.c.u.aspect.BusinessLogAspect           : 时间：2026-03-29 22:02:31.838
2026-03-29T22:02:31.838+08:00  INFO 31076 --- [user-service] [http-nio-9003-exec-1] c.c.u.aspect.BusinessLogAspect           : 接口：POST /user/login
2026-03-29T22:02:31.838+08:00  INFO 31076 --- [user-service] [http-nio-9003-exec-1] c.c.u.aspect.BusinessLogAspect           : 类名：UserServiceImpl.login
2026-03-29T22:02:31.838+08:00  INFO 31076 --- [user-service] [http-nio-9003-exec-1] c.c.u.aspect.BusinessLogAspect           : 业务描述：用户登录
2026-03-29T22:02:31.838+08:00  INFO 31076 --- [user-service] [http-nio-9003-exec-1] c.c.u.aspect.BusinessLogAspect           : 业务类型：用户认证
2026-03-29T22:02:31.838+08:00  INFO 31076 --- [user-service] [http-nio-9003-exec-1] c.c.u.aspect.BusinessLogAspect           : 请求参数：["13542748103","1346798520"]
2026-03-29T22:02:31.845+08:00  INFO 31076 --- [user-service] [http-nio-9003-exec-1] c.c.u.aspect.BusinessLogAspect           : ========== 业务操作结束 ==========
2026-03-29T22:02:31.845+08:00  INFO 31076 --- [user-service] [http-nio-9003-exec-1] c.c.u.aspect.BusinessLogAspect           : 执行耗时：7ms
2026-03-29T22:02:31.846+08:00  INFO 31076 --- [user-service] [http-nio-9003-exec-1] c.c.u.aspect.BusinessLogAspect           : 执行状态：成功
2026-03-29T22:13:09.785+08:00  INFO 24212 --- [doctor-service] [http-nio-9002-exec-5] c.c.d.aspect.BusinessLogAspect           : [业务] 排班查询 - ScheduleServiceImpl.findDetailByDate - 查询排班详情（缓存优化）
2026-03-29T22:13:12.013+08:00  INFO 21856 --- [order-service] [http-nio-9004-exec-1] c.c.o.aspect.BusinessLogAspect           : ========== 业务操作开始 ==========
2026-03-29T22:13:12.013+08:00  INFO 21856 --- [order-service] [http-nio-9004-exec-1] c.c.o.aspect.BusinessLogAspect           : 时间：2026-03-29 22:13:12.013
2026-03-29T22:13:12.013+08:00  INFO 21856 --- [order-service] [http-nio-9004-exec-1] c.c.o.aspect.BusinessLogAspect           : 接口：GET /order/list
2026-03-29T22:13:12.013+08:00  INFO 21856 --- [order-service] [http-nio-9004-exec-1] c.c.o.aspect.BusinessLogAspect           : 类名：OrderServiceImpl.getOrders
2026-03-29T22:13:12.013+08:00  INFO 21856 --- [order-service] [http-nio-9004-exec-1] c.c.o.aspect.BusinessLogAspect           : 业务描述：查询用户订单列表
2026-03-29T22:13:12.013+08:00  INFO 21856 --- [order-service] [http-nio-9004-exec-1] c.c.o.aspect.BusinessLogAspect           : 业务类型：订单查询
2026-03-29T22:13:12.013+08:00  INFO 21856 --- [order-service] [http-nio-9004-exec-1] c.c.o.aspect.BusinessLogAspect           : 请求参数：[2038244988630581249]
2026-03-29T22:13:12.022+08:00  INFO 21856 --- [order-service] [http-nio-9004-exec-1] c.c.o.aspect.BusinessLogAspect           : ========== 业务操作结束 ==========
2026-03-29T22:13:12.022+08:00  INFO 21856 --- [order-service] [http-nio-9004-exec-1] c.c.o.aspect.BusinessLogAspect           : 执行耗时：9ms
2026-03-29T22:13:12.022+08:00  INFO 21856 --- [order-service] [http-nio-9004-exec-1] c.c.o.aspect.BusinessLogAspect           : 执行状态：成功
2026-03-29T22:13:18.021+08:00  INFO 21856 --- [order-service] [http-nio-9004-exec-2] c.c.o.aspect.BusinessLogAspect           : ========== 业务操作开始 ==========
2026-03-29T22:13:18.021+08:00  INFO 21856 --- [order-service] [http-nio-9004-exec-2] c.c.o.aspect.BusinessLogAspect           : 时间：2026-03-29 22:13:18.021
2026-03-29T22:13:18.021+08:00  INFO 21856 --- [order-service] [http-nio-9004-exec-2] c.c.o.aspect.BusinessLogAspect           : 接口：GET /order/list
2026-03-29T22:13:18.021+08:00  INFO 21856 --- [order-service] [http-nio-9004-exec-2] c.c.o.aspect.BusinessLogAspect           : 类名：OrderServiceImpl.getOrders
2026-03-29T22:13:18.021+08:00  INFO 21856 --- [order-service] [http-nio-9004-exec-2] c.c.o.aspect.BusinessLogAspect           : 业务描述：查询用户订单列表
2026-03-29T22:13:18.021+08:00  INFO 21856 --- [order-service] [http-nio-9004-exec-2] c.c.o.aspect.BusinessLogAspect           : 业务类型：订单查询
2026-03-29T22:13:18.021+08:00  INFO 21856 --- [order-service] [http-nio-9004-exec-2] c.c.o.aspect.BusinessLogAspect           : 请求参数：[2038244988630581249]
2026-03-29T22:13:18.030+08:00  INFO 21856 --- [order-service] [http-nio-9004-exec-2] c.c.o.aspect.BusinessLogAspect           : ========== 业务操作结束 ==========
2026-03-29T22:13:18.030+08:00  INFO 21856 --- [order-service] [http-nio-9004-exec-2] c.c.o.aspect.BusinessLogAspect           : 执行耗时：9ms
2026-03-29T22:13:18.030+08:00  INFO 21856 --- [order-service] [http-nio-9004-exec-2] c.c.o.aspect.BusinessLogAspect           : 执行状态：成功
2026-03-29T22:13:19.715+08:00  INFO 24212 --- [doctor-service] [http-nio-9002-exec-6] c.c.d.aspect.BusinessLogAspect           : [业务] 排班查询 - ScheduleServiceImpl.findDetailByDate - 查询排班详情（缓存优化）
2026-03-29T22:13:20.934+08:00  INFO 24212 --- [doctor-service] [http-nio-9002-exec-1] c.c.d.aspect.BusinessLogAspect           : [业务] 排班查询 - ScheduleServiceImpl.findDetailByDate - 查询排班详情（缓存优化）
2026-03-29T22:13:22.670+08:00  INFO 21856 --- [order-service] [http-nio-9004-exec-3] c.c.o.aspect.BusinessLogAspect           : ========== 业务操作开始 ==========
2026-03-29T22:13:22.670+08:00  INFO 21856 --- [order-service] [http-nio-9004-exec-3] c.c.o.aspect.BusinessLogAspect           : 时间：2026-03-29 22:13:22.670
2026-03-29T22:13:22.670+08:00  INFO 21856 --- [order-service] [http-nio-9004-exec-3] c.c.o.aspect.BusinessLogAspect           : 接口：GET /order/list
2026-03-29T22:13:22.670+08:00  INFO 21856 --- [order-service] [http-nio-9004-exec-3] c.c.o.aspect.BusinessLogAspect           : 类名：OrderServiceImpl.getOrders
2026-03-29T22:13:22.670+08:00  INFO 21856 --- [order-service] [http-nio-9004-exec-3] c.c.o.aspect.BusinessLogAspect           : 业务描述：查询用户订单列表
2026-03-29T22:13:22.670+08:00  INFO 21856 --- [order-service] [http-nio-9004-exec-3] c.c.o.aspect.BusinessLogAspect           : 业务类型：订单查询
2026-03-29T22:13:22.670+08:00  INFO 21856 --- [order-service] [http-nio-9004-exec-3] c.c.o.aspect.BusinessLogAspect           : 请求参数：[2038244988630581249]
2026-03-29T22:13:22.680+08:00  INFO 21856 --- [order-service] [http-nio-9004-exec-3] c.c.o.aspect.BusinessLogAspect           : ========== 业务操作结束 ==========
2026-03-29T22:13:22.680+08:00  INFO 21856 --- [order-service] [http-nio-9004-exec-3] c.c.o.aspect.BusinessLogAspect           : 执行耗时：10ms
2026-03-29T22:13:22.680+08:00  INFO 21856 --- [order-service] [http-nio-9004-exec-3] c.c.o.aspect.BusinessLogAspect           : 执行状态：成功
2026-03-29T22:13:24.508+08:00  INFO 24212 --- [doctor-service] [http-nio-9002-exec-3] c.c.d.aspect.BusinessLogAspect           : [业务] 排班查询 - ScheduleServiceImpl.findDetailByDate - 查询排班详情（缓存优化）
2026-03-29T22:13:26.409+08:00  INFO 21856 --- [order-service] [http-nio-9004-exec-4] c.c.o.aspect.BusinessLogAspect           : ========== 业务操作开始 ==========
2026-03-29T22:13:26.409+08:00  INFO 21856 --- [order-service] [http-nio-9004-exec-4] c.c.o.aspect.BusinessLogAspect           : 时间：2026-03-29 22:13:26.409
2026-03-29T22:13:26.409+08:00  INFO 21856 --- [order-service] [http-nio-9004-exec-4] c.c.o.aspect.BusinessLogAspect           : 接口：GET /order/list
2026-03-29T22:13:26.409+08:00  INFO 21856 --- [order-service] [http-nio-9004-exec-4] c.c.o.aspect.BusinessLogAspect           : 类名：OrderServiceImpl.getOrders
2026-03-29T22:13:26.409+08:00  INFO 21856 --- [order-service] [http-nio-9004-exec-4] c.c.o.aspect.BusinessLogAspect           : 业务描述：查询用户订单列表
2026-03-29T22:13:26.409+08:00  INFO 21856 --- [order-service] [http-nio-9004-exec-4] c.c.o.aspect.BusinessLogAspect           : 业务类型：订单查询
2026-03-29T22:13:26.409+08:00  INFO 21856 --- [order-service] [http-nio-9004-exec-4] c.c.o.aspect.BusinessLogAspect           : 请求参数：[2038244988630581249]
2026-03-29T22:13:26.417+08:00  INFO 21856 --- [order-service] [http-nio-9004-exec-4] c.c.o.aspect.BusinessLogAspect           : ========== 业务操作结束 ==========
2026-03-29T22:13:26.417+08:00  INFO 21856 --- [order-service] [http-nio-9004-exec-4] c.c.o.aspect.BusinessLogAspect           : 执行耗时：8ms
2026-03-29T22:13:26.417+08:00  INFO 21856 --- [order-service] [http-nio-9004-exec-4] c.c.o.aspect.BusinessLogAspect           : 执行状态：成功
2026-03-29T22:14:33.524+08:00  INFO 24212 --- [doctor-service] [http-nio-9002-exec-7] c.c.d.aspect.BusinessLogAspect           : [业务] 排班查询 - ScheduleServiceImpl.findDetailByDate - 查询排班详情（缓存优化）
2026-03-29T22:20:34.554+08:00  INFO 24212 --- [doctor-service] [http-nio-9002-exec-4] c.c.d.aspect.BusinessLogAspect           : [业务] 排班查询 - ScheduleServiceImpl.findDetailByDate - 查询排班详情（缓存优化）
2026-03-29T22:28:26.503+08:00  INFO 31076 --- [user-service] [http-nio-9003-exec-3] c.c.u.aspect.BusinessLogAspect           : ========== 业务操作开始 ==========
2026-03-29T22:28:26.503+08:00  INFO 31076 --- [user-service] [http-nio-9003-exec-3] c.c.u.aspect.BusinessLogAspect           : 时间：2026-03-29 22:28:26.503
2026-03-29T22:28:26.503+08:00  INFO 31076 --- [user-service] [http-nio-9003-exec-3] c.c.u.aspect.BusinessLogAspect           : 接口：GET /user/patient/list
2026-03-29T22:28:26.503+08:00  INFO 31076 --- [user-service] [http-nio-9003-exec-3] c.c.u.aspect.BusinessLogAspect           : 类名：PatientServiceImpl.getPatients
2026-03-29T22:28:26.503+08:00  INFO 31076 --- [user-service] [http-nio-9003-exec-3] c.c.u.aspect.BusinessLogAspect           : 业务描述：查询就诊人列表
2026-03-29T22:28:26.503+08:00  INFO 31076 --- [user-service] [http-nio-9003-exec-3] c.c.u.aspect.BusinessLogAspect           : 业务类型：就诊人管理
2026-03-29T22:28:26.503+08:00  INFO 31076 --- [user-service] [http-nio-9003-exec-3] c.c.u.aspect.BusinessLogAspect           : 请求参数：[2038244988630581249]
2026-03-29T22:28:26.513+08:00  INFO 31076 --- [user-service] [http-nio-9003-exec-3] c.c.u.aspect.BusinessLogAspect           : ========== 业务操作结束 ==========
2026-03-29T22:28:26.513+08:00  INFO 31076 --- [user-service] [http-nio-9003-exec-3] c.c.u.aspect.BusinessLogAspect           : 执行耗时：9ms
2026-03-29T22:28:26.513+08:00  INFO 31076 --- [user-service] [http-nio-9003-exec-3] c.c.u.aspect.BusinessLogAspect           : 执行状态：成功
2026-03-29T22:28:54.825+08:00  INFO 31076 --- [user-service] [http-nio-9003-exec-4] c.c.u.aspect.BusinessLogAspect           : ========== 业务操作开始 ==========
2026-03-29T22:28:54.825+08:00  INFO 31076 --- [user-service] [http-nio-9003-exec-4] c.c.u.aspect.BusinessLogAspect           : 时间：2026-03-29 22:28:54.825
2026-03-29T22:28:54.825+08:00  INFO 31076 --- [user-service] [http-nio-9003-exec-4] c.c.u.aspect.BusinessLogAspect           : 接口：POST /user/patient/insert
2026-03-29T22:28:54.825+08:00  INFO 31076 --- [user-service] [http-nio-9003-exec-4] c.c.u.aspect.BusinessLogAspect           : 类名：PatientServiceImpl.insertPatient
2026-03-29T22:28:54.825+08:00  INFO 31076 --- [user-service] [http-nio-9003-exec-4] c.c.u.aspect.BusinessLogAspect           : 业务描述：添加就诊人
2026-03-29T22:28:54.825+08:00  INFO 31076 --- [user-service] [http-nio-9003-exec-4] c.c.u.aspect.BusinessLogAspect           : 业务类型：就诊人管理
2026-03-29T22:28:54.839+08:00  INFO 31076 --- [user-service] [http-nio-9003-exec-4] c.c.u.aspect.BusinessLogAspect           : 请求参数：[2038244988630581249,{"gender":1,"idCard":"441525233120122014","name":"陈轩","phone":"13542584150"}]
2026-03-29T22:28:54.863+08:00  INFO 31076 --- [user-service] [http-nio-9003-exec-4] c.c.u.aspect.BusinessLogAspect           : ========== 业务操作结束 ==========
2026-03-29T22:28:54.863+08:00  INFO 31076 --- [user-service] [http-nio-9003-exec-4] c.c.u.aspect.BusinessLogAspect           : 执行耗时：24ms
2026-03-29T22:28:54.863+08:00  INFO 31076 --- [user-service] [http-nio-9003-exec-4] c.c.u.aspect.BusinessLogAspect           : 执行状态：成功
2026-03-29T22:28:56.418+08:00  INFO 31076 --- [user-service] [http-nio-9003-exec-5] c.c.u.aspect.BusinessLogAspect           : ========== 业务操作开始 ==========
2026-03-29T22:28:56.418+08:00  INFO 31076 --- [user-service] [http-nio-9003-exec-5] c.c.u.aspect.BusinessLogAspect           : 时间：2026-03-29 22:28:56.418
2026-03-29T22:28:56.418+08:00  INFO 31076 --- [user-service] [http-nio-9003-exec-5] c.c.u.aspect.BusinessLogAspect           : 接口：GET /user/patient/list
2026-03-29T22:28:56.418+08:00  INFO 31076 --- [user-service] [http-nio-9003-exec-5] c.c.u.aspect.BusinessLogAspect           : 类名：PatientServiceImpl.getPatients
2026-03-29T22:28:56.419+08:00  INFO 31076 --- [user-service] [http-nio-9003-exec-5] c.c.u.aspect.BusinessLogAspect           : 业务描述：查询就诊人列表
2026-03-29T22:28:56.419+08:00  INFO 31076 --- [user-service] [http-nio-9003-exec-5] c.c.u.aspect.BusinessLogAspect           : 业务类型：就诊人管理
2026-03-29T22:28:56.419+08:00  INFO 31076 --- [user-service] [http-nio-9003-exec-5] c.c.u.aspect.BusinessLogAspect           : 请求参数：[2038244988630581249]
2026-03-29T22:28:56.442+08:00  INFO 31076 --- [user-service] [http-nio-9003-exec-5] c.c.u.aspect.BusinessLogAspect           : ========== 业务操作结束 ==========
2026-03-29T22:28:56.442+08:00  INFO 31076 --- [user-service] [http-nio-9003-exec-5] c.c.u.aspect.BusinessLogAspect           : 执行耗时：23ms
2026-03-29T22:28:56.442+08:00  INFO 31076 --- [user-service] [http-nio-9003-exec-5] c.c.u.aspect.BusinessLogAspect           : 执行状态：成功
2026-03-29T22:29:01.256+08:00  INFO 31076 --- [user-service] [http-nio-9003-exec-6] c.c.u.aspect.BusinessLogAspect           : ========== 业务操作开始 ==========
2026-03-29T22:29:01.257+08:00  INFO 31076 --- [user-service] [http-nio-9003-exec-6] c.c.u.aspect.BusinessLogAspect           : 时间：2026-03-29 22:29:01.257
2026-03-29T22:29:01.257+08:00  INFO 31076 --- [user-service] [http-nio-9003-exec-6] c.c.u.aspect.BusinessLogAspect           : 接口：GET /user/patient/list
2026-03-29T22:29:01.257+08:00  INFO 31076 --- [user-service] [http-nio-9003-exec-6] c.c.u.aspect.BusinessLogAspect           : 类名：PatientServiceImpl.getPatients
2026-03-29T22:29:01.257+08:00  INFO 31076 --- [user-service] [http-nio-9003-exec-6] c.c.u.aspect.BusinessLogAspect           : 业务描述：查询就诊人列表
2026-03-29T22:29:01.257+08:00  INFO 31076 --- [user-service] [http-nio-9003-exec-6] c.c.u.aspect.BusinessLogAspect           : 业务类型：就诊人管理
2026-03-29T22:29:01.257+08:00  INFO 31076 --- [user-service] [http-nio-9003-exec-6] c.c.u.aspect.BusinessLogAspect           : 请求参数：[2038244988630581249]
2026-03-29T22:29:01.283+08:00  INFO 31076 --- [user-service] [http-nio-9003-exec-6] c.c.u.aspect.BusinessLogAspect           : ========== 业务操作结束 ==========
2026-03-29T22:29:01.283+08:00  INFO 31076 --- [user-service] [http-nio-9003-exec-6] c.c.u.aspect.BusinessLogAspect           : 执行耗时：26ms
2026-03-29T22:29:01.283+08:00  INFO 31076 --- [user-service] [http-nio-9003-exec-6] c.c.u.aspect.BusinessLogAspect           : 执行状态：成功
2026-03-29T22:29:05.055+08:00  INFO 21856 --- [order-service] [http-nio-9004-exec-6] c.c.o.aspect.BusinessLogAspect           : ========== 业务操作开始 ==========
2026-03-29T22:29:05.055+08:00  INFO 21856 --- [order-service] [http-nio-9004-exec-6] c.c.o.aspect.BusinessLogAspect           : 时间：2026-03-29 22:29:05.055
2026-03-29T22:29:05.055+08:00  INFO 21856 --- [order-service] [http-nio-9004-exec-6] c.c.o.aspect.BusinessLogAspect           : 接口：GET /order/list
2026-03-29T22:29:05.055+08:00  INFO 21856 --- [order-service] [http-nio-9004-exec-6] c.c.o.aspect.BusinessLogAspect           : 类名：OrderServiceImpl.getOrders
2026-03-29T22:29:05.055+08:00  INFO 21856 --- [order-service] [http-nio-9004-exec-6] c.c.o.aspect.BusinessLogAspect           : 业务描述：查询用户订单列表
2026-03-29T22:29:05.055+08:00  INFO 21856 --- [order-service] [http-nio-9004-exec-6] c.c.o.aspect.BusinessLogAspect           : 业务类型：订单查询
2026-03-29T22:29:05.055+08:00  INFO 21856 --- [order-service] [http-nio-9004-exec-6] c.c.o.aspect.BusinessLogAspect           : 请求参数：[2038244988630581249]
2026-03-29T22:29:05.064+08:00  INFO 21856 --- [order-service] [http-nio-9004-exec-6] c.c.o.aspect.BusinessLogAspect           : ========== 业务操作结束 ==========
2026-03-29T22:29:05.064+08:00  INFO 21856 --- [order-service] [http-nio-9004-exec-6] c.c.o.aspect.BusinessLogAspect           : 执行耗时：9ms
2026-03-29T22:29:05.064+08:00  INFO 21856 --- [order-service] [http-nio-9004-exec-6] c.c.o.aspect.BusinessLogAspect           : 执行状态：成功
2026-03-29T22:29:06.182+08:00  INFO 24212 --- [doctor-service] [http-nio-9002-exec-10] c.c.d.aspect.BusinessLogAspect           : [业务] 排班查询 - ScheduleServiceImpl.findDetailByDate - 查询排班详情（缓存优化）
2026-03-29T22:29:08.764+08:00  INFO 31076 --- [user-service] [http-nio-9003-exec-7] c.c.u.aspect.BusinessLogAspect           : ========== 业务操作开始 ==========
2026-03-29T22:29:08.764+08:00  INFO 31076 --- [user-service] [http-nio-9003-exec-7] c.c.u.aspect.BusinessLogAspect           : 时间：2026-03-29 22:29:08.764
2026-03-29T22:29:08.764+08:00  INFO 31076 --- [user-service] [http-nio-9003-exec-7] c.c.u.aspect.BusinessLogAspect           : 接口：GET /user/patient/list
2026-03-29T22:29:08.764+08:00  INFO 31076 --- [user-service] [http-nio-9003-exec-7] c.c.u.aspect.BusinessLogAspect           : 类名：PatientServiceImpl.getPatients
2026-03-29T22:29:08.764+08:00  INFO 31076 --- [user-service] [http-nio-9003-exec-7] c.c.u.aspect.BusinessLogAspect           : 业务描述：查询就诊人列表
2026-03-29T22:29:08.764+08:00  INFO 31076 --- [user-service] [http-nio-9003-exec-7] c.c.u.aspect.BusinessLogAspect           : 业务类型：就诊人管理
2026-03-29T22:29:08.764+08:00  INFO 31076 --- [user-service] [http-nio-9003-exec-7] c.c.u.aspect.BusinessLogAspect           : 请求参数：[2038244988630581249]
2026-03-29T22:29:08.766+08:00  INFO 31076 --- [user-service] [http-nio-9003-exec-7] c.c.u.aspect.BusinessLogAspect           : ========== 业务操作结束 ==========
2026-03-29T22:29:08.766+08:00  INFO 31076 --- [user-service] [http-nio-9003-exec-7] c.c.u.aspect.BusinessLogAspect           : 执行耗时：2ms
2026-03-29T22:29:08.766+08:00  INFO 31076 --- [user-service] [http-nio-9003-exec-7] c.c.u.aspect.BusinessLogAspect           : 执行状态：成功
2026-03-29T22:29:14.861+08:00  INFO 24212 --- [doctor-service] [http-nio-9002-exec-5] c.c.d.aspect.BusinessLogAspect           : [业务] 排班查询 - ScheduleServiceImpl.findDetailByDate - 查询排班详情（缓存优化）
2026-03-29T22:29:15.038+08:00  INFO 24212 --- [doctor-service] [http-nio-9002-exec-5] c.c.d.aspect.BusinessLogAspect           : [业务完成] 耗时：177ms - 状态：成功
2026-03-29T22:29:23.012+08:00  INFO 24212 --- [doctor-service] [http-nio-9002-exec-6] c.c.d.aspect.BusinessLogAspect           : [业务] 排班查询 - ScheduleServiceImpl.findDetailByDate - 查询排班详情（缓存优化）
2026-03-29T22:29:25.367+08:00  INFO 31076 --- [user-service] [http-nio-9003-exec-8] c.c.u.aspect.BusinessLogAspect           : ========== 业务操作开始 ==========
2026-03-29T22:29:25.367+08:00  INFO 31076 --- [user-service] [http-nio-9003-exec-8] c.c.u.aspect.BusinessLogAspect           : 时间：2026-03-29 22:29:25.367
2026-03-29T22:29:25.367+08:00  INFO 31076 --- [user-service] [http-nio-9003-exec-8] c.c.u.aspect.BusinessLogAspect           : 接口：GET /user/patient/list
2026-03-29T22:29:25.367+08:00  INFO 31076 --- [user-service] [http-nio-9003-exec-8] c.c.u.aspect.BusinessLogAspect           : 类名：PatientServiceImpl.getPatients
2026-03-29T22:29:25.367+08:00  INFO 31076 --- [user-service] [http-nio-9003-exec-8] c.c.u.aspect.BusinessLogAspect           : 业务描述：查询就诊人列表
2026-03-29T22:29:25.367+08:00  INFO 31076 --- [user-service] [http-nio-9003-exec-8] c.c.u.aspect.BusinessLogAspect           : 业务类型：就诊人管理
2026-03-29T22:29:25.367+08:00  INFO 31076 --- [user-service] [http-nio-9003-exec-8] c.c.u.aspect.BusinessLogAspect           : 请求参数：[2038244988630581249]
2026-03-29T22:29:25.370+08:00  INFO 31076 --- [user-service] [http-nio-9003-exec-8] c.c.u.aspect.BusinessLogAspect           : ========== 业务操作结束 ==========
2026-03-29T22:29:25.370+08:00  INFO 31076 --- [user-service] [http-nio-9003-exec-8] c.c.u.aspect.BusinessLogAspect           : 执行耗时：3ms
2026-03-29T22:29:25.370+08:00  INFO 31076 --- [user-service] [http-nio-9003-exec-8] c.c.u.aspect.BusinessLogAspect           : 执行状态：成功
2026-03-29T22:29:26.861+08:00  INFO 21856 --- [order-service] [http-nio-9004-exec-7] c.c.o.aspect.BusinessLogAspect           : ========== 业务操作开始 ==========
2026-03-29T22:29:26.861+08:00  INFO 21856 --- [order-service] [http-nio-9004-exec-7] c.c.o.aspect.BusinessLogAspect           : 时间：2026-03-29 22:29:26.861
2026-03-29T22:29:26.861+08:00  INFO 21856 --- [order-service] [http-nio-9004-exec-7] c.c.o.aspect.BusinessLogAspect           : 接口：POST /order/create
2026-03-29T22:29:26.861+08:00  INFO 21856 --- [order-service] [http-nio-9004-exec-7] c.c.o.aspect.BusinessLogAspect           : 类名：OrderServiceImpl.createOrder
2026-03-29T22:29:26.861+08:00  INFO 21856 --- [order-service] [http-nio-9004-exec-7] c.c.o.aspect.BusinessLogAspect           : 业务描述：创建订单（MQ 异步）
2026-03-29T22:29:26.861+08:00  INFO 21856 --- [order-service] [http-nio-9004-exec-7] c.c.o.aspect.BusinessLogAspect           : 业务类型：订单管理
2026-03-29T22:29:26.861+08:00  INFO 21856 --- [order-service] [http-nio-9004-exec-7] c.c.o.aspect.BusinessLogAspect           : 请求参数：[2038244988630581249,6821689192093854000,202603312074]
2026-03-29T22:29:27.052+08:00  INFO 24212 --- [doctor-service] [http-nio-9002-exec-1] c.c.d.aspect.BusinessLogAspect           : [业务] 挂号下单 - ScheduleServiceImpl.deductAvailableNum - 扣减号源库存
2026-03-29T22:29:27.230+08:00  INFO 24212 --- [doctor-service] [http-nio-9002-exec-1] c.c.d.aspect.BusinessLogAspect           : [业务完成] 耗时：178ms - 状态：成功
2026-03-29T22:29:27.299+08:00  INFO 31076 --- [user-service] [http-nio-9003-exec-9] c.c.u.aspect.BusinessLogAspect           : ========== 业务操作开始 ==========
2026-03-29T22:29:27.300+08:00  INFO 31076 --- [user-service] [http-nio-9003-exec-9] c.c.u.aspect.BusinessLogAspect           : 时间：2026-03-29 22:29:27.300
2026-03-29T22:29:27.300+08:00  INFO 31076 --- [user-service] [http-nio-9003-exec-9] c.c.u.aspect.BusinessLogAspect           : 接口：GET /user/patient/list
2026-03-29T22:29:27.300+08:00  INFO 31076 --- [user-service] [http-nio-9003-exec-9] c.c.u.aspect.BusinessLogAspect           : 类名：PatientServiceImpl.getPatients
2026-03-29T22:29:27.300+08:00  INFO 31076 --- [user-service] [http-nio-9003-exec-9] c.c.u.aspect.BusinessLogAspect           : 业务描述：查询就诊人列表
2026-03-29T22:29:27.300+08:00  INFO 31076 --- [user-service] [http-nio-9003-exec-9] c.c.u.aspect.BusinessLogAspect           : 业务类型：就诊人管理
2026-03-29T22:29:27.300+08:00  INFO 31076 --- [user-service] [http-nio-9003-exec-9] c.c.u.aspect.BusinessLogAspect           : 请求参数：[2038244988630581249]
2026-03-29T22:29:27.302+08:00  INFO 31076 --- [user-service] [http-nio-9003-exec-9] c.c.u.aspect.BusinessLogAspect           : ========== 业务操作结束 ==========
2026-03-29T22:29:27.302+08:00  INFO 31076 --- [user-service] [http-nio-9003-exec-9] c.c.u.aspect.BusinessLogAspect           : 执行耗时：2ms
2026-03-29T22:29:27.302+08:00  INFO 31076 --- [user-service] [http-nio-9003-exec-9] c.c.u.aspect.BusinessLogAspect           : 执行状态：成功
2026-03-29T22:29:27.342+08:00  INFO 21856 --- [order-service] [http-nio-9004-exec-7] c.c.o.aspect.BusinessLogAspect           : ========== 业务操作结束 ==========
2026-03-29T22:29:27.342+08:00  INFO 21856 --- [order-service] [http-nio-9004-exec-7] c.c.o.aspect.BusinessLogAspect           : 执行耗时：481ms
2026-03-29T22:29:27.342+08:00  INFO 21856 --- [order-service] [http-nio-9004-exec-7] c.c.o.aspect.BusinessLogAspect           : 执行状态：成功
2026-03-29T22:29:28.523+08:00  INFO 24212 --- [doctor-service] [http-nio-9002-exec-3] c.c.d.aspect.BusinessLogAspect           : [业务] 排班查询 - ScheduleServiceImpl.findDetailByDate - 查询排班详情（缓存优化）
2026-03-29T22:29:30.356+08:00  INFO 21856 --- [order-service] [http-nio-9004-exec-8] c.c.o.aspect.BusinessLogAspect           : ========== 业务操作开始 ==========
2026-03-29T22:29:30.356+08:00  INFO 21856 --- [order-service] [http-nio-9004-exec-8] c.c.o.aspect.BusinessLogAspect           : 时间：2026-03-29 22:29:30.356
2026-03-29T22:29:30.356+08:00  INFO 21856 --- [order-service] [http-nio-9004-exec-8] c.c.o.aspect.BusinessLogAspect           : 接口：GET /order/list
2026-03-29T22:29:30.356+08:00  INFO 21856 --- [order-service] [http-nio-9004-exec-8] c.c.o.aspect.BusinessLogAspect           : 类名：OrderServiceImpl.getOrders
2026-03-29T22:29:30.356+08:00  INFO 21856 --- [order-service] [http-nio-9004-exec-8] c.c.o.aspect.BusinessLogAspect           : 业务描述：查询用户订单列表
2026-03-29T22:29:30.356+08:00  INFO 21856 --- [order-service] [http-nio-9004-exec-8] c.c.o.aspect.BusinessLogAspect           : 业务类型：订单查询
2026-03-29T22:29:30.356+08:00  INFO 21856 --- [order-service] [http-nio-9004-exec-8] c.c.o.aspect.BusinessLogAspect           : 请求参数：[2038244988630581249]
2026-03-29T22:29:30.366+08:00  INFO 21856 --- [order-service] [http-nio-9004-exec-8] c.c.o.aspect.BusinessLogAspect           : ========== 业务操作结束 ==========
2026-03-29T22:29:30.366+08:00  INFO 21856 --- [order-service] [http-nio-9004-exec-8] c.c.o.aspect.BusinessLogAspect           : 执行耗时：10ms
2026-03-29T22:29:30.366+08:00  INFO 21856 --- [order-service] [http-nio-9004-exec-8] c.c.o.aspect.BusinessLogAspect           : 执行状态：成功
2026-03-29T22:29:32.738+08:00  INFO 21856 --- [order-service] [http-nio-9004-exec-9] c.c.o.aspect.BusinessLogAspect           : ========== 业务操作开始 ==========
2026-03-29T22:29:32.738+08:00  INFO 21856 --- [order-service] [http-nio-9004-exec-9] c.c.o.aspect.BusinessLogAspect           : 时间：2026-03-29 22:29:32.738
2026-03-29T22:29:32.738+08:00  INFO 21856 --- [order-service] [http-nio-9004-exec-9] c.c.o.aspect.BusinessLogAspect           : 接口：GET /order/list
2026-03-29T22:29:32.738+08:00  INFO 21856 --- [order-service] [http-nio-9004-exec-9] c.c.o.aspect.BusinessLogAspect           : 类名：OrderServiceImpl.getOrders
2026-03-29T22:29:32.738+08:00  INFO 21856 --- [order-service] [http-nio-9004-exec-9] c.c.o.aspect.BusinessLogAspect           : 业务描述：查询用户订单列表
2026-03-29T22:29:32.738+08:00  INFO 21856 --- [order-service] [http-nio-9004-exec-9] c.c.o.aspect.BusinessLogAspect           : 业务类型：订单查询
2026-03-29T22:29:32.738+08:00  INFO 21856 --- [order-service] [http-nio-9004-exec-9] c.c.o.aspect.BusinessLogAspect           : 请求参数：[2038244988630581249]
2026-03-29T22:29:32.745+08:00  INFO 21856 --- [order-service] [http-nio-9004-exec-9] c.c.o.aspect.BusinessLogAspect           : ========== 业务操作结束 ==========
2026-03-29T22:29:32.745+08:00  INFO 21856 --- [order-service] [http-nio-9004-exec-9] c.c.o.aspect.BusinessLogAspect           : 执行耗时：7ms
2026-03-29T22:29:32.745+08:00  INFO 21856 --- [order-service] [http-nio-9004-exec-9] c.c.o.aspect.BusinessLogAspect           : 执行状态：成功
2026-03-29T22:29:33.507+08:00  INFO 24212 --- [doctor-service] [http-nio-9002-exec-2] c.c.d.aspect.BusinessLogAspect           : [业务] 排班查询 - ScheduleServiceImpl.findDetailByDate - 查询排班详情（缓存优化）
2026-03-29T22:30:58.652+08:00  INFO 31076 --- [user-service] [http-nio-9003-exec-2] c.c.u.aspect.BusinessLogAspect           : ========== 业务操作开始 ==========
2026-03-29T22:30:58.652+08:00  INFO 31076 --- [user-service] [http-nio-9003-exec-2] c.c.u.aspect.BusinessLogAspect           : 时间：2026-03-29 22:30:58.652
2026-03-29T22:30:58.652+08:00  INFO 31076 --- [user-service] [http-nio-9003-exec-2] c.c.u.aspect.BusinessLogAspect           : 接口：GET /user/patient/list
2026-03-29T22:30:58.653+08:00  INFO 31076 --- [user-service] [http-nio-9003-exec-2] c.c.u.aspect.BusinessLogAspect           : 类名：PatientServiceImpl.getPatients
2026-03-29T22:30:58.653+08:00  INFO 31076 --- [user-service] [http-nio-9003-exec-2] c.c.u.aspect.BusinessLogAspect           : 业务描述：查询就诊人列表
2026-03-29T22:30:58.653+08:00  INFO 31076 --- [user-service] [http-nio-9003-exec-2] c.c.u.aspect.BusinessLogAspect           : 业务类型：就诊人管理
2026-03-29T22:30:58.653+08:00  INFO 31076 --- [user-service] [http-nio-9003-exec-2] c.c.u.aspect.BusinessLogAspect           : 请求参数：[2038244988630581249]
2026-03-29T22:30:58.657+08:00  INFO 31076 --- [user-service] [http-nio-9003-exec-2] c.c.u.aspect.BusinessLogAspect           : ========== 业务操作结束 ==========
2026-03-29T22:30:58.657+08:00  INFO 31076 --- [user-service] [http-nio-9003-exec-2] c.c.u.aspect.BusinessLogAspect           : 执行耗时：4ms
2026-03-29T22:30:58.657+08:00  INFO 31076 --- [user-service] [http-nio-9003-exec-2] c.c.u.aspect.BusinessLogAspect           : 执行状态：成功
2026-03-29T22:30:59.787+08:00  INFO 21856 --- [order-service] [http-nio-9004-exec-1] c.c.o.aspect.BusinessLogAspect           : ========== 业务操作开始 ==========
2026-03-29T22:30:59.787+08:00  INFO 21856 --- [order-service] [http-nio-9004-exec-1] c.c.o.aspect.BusinessLogAspect           : 时间：2026-03-29 22:30:59.787
2026-03-29T22:30:59.787+08:00  INFO 21856 --- [order-service] [http-nio-9004-exec-1] c.c.o.aspect.BusinessLogAspect           : 接口：POST /order/create
2026-03-29T22:30:59.787+08:00  INFO 21856 --- [order-service] [http-nio-9004-exec-1] c.c.o.aspect.BusinessLogAspect           : 类名：OrderServiceImpl.createOrder
2026-03-29T22:30:59.787+08:00  INFO 21856 --- [order-service] [http-nio-9004-exec-1] c.c.o.aspect.BusinessLogAspect           : 业务描述：创建订单（MQ 异步）
2026-03-29T22:30:59.787+08:00  INFO 21856 --- [order-service] [http-nio-9004-exec-1] c.c.o.aspect.BusinessLogAspect           : 业务类型：订单管理
2026-03-29T22:30:59.787+08:00  INFO 21856 --- [order-service] [http-nio-9004-exec-1] c.c.o.aspect.BusinessLogAspect           : 请求参数：[2038244988630581249,6821689192093854000,202603292060]
2026-03-29T22:30:59.795+08:00  INFO 24212 --- [doctor-service] [http-nio-9002-exec-4] c.c.d.aspect.BusinessLogAspect           : [业务] 挂号下单 - ScheduleServiceImpl.deductAvailableNum - 扣减号源库存
2026-03-29T22:30:59.871+08:00  INFO 31076 --- [user-service] [http-nio-9003-exec-3] c.c.u.aspect.BusinessLogAspect           : ========== 业务操作开始 ==========
2026-03-29T22:30:59.871+08:00  INFO 31076 --- [user-service] [http-nio-9003-exec-3] c.c.u.aspect.BusinessLogAspect           : 时间：2026-03-29 22:30:59.871
2026-03-29T22:30:59.871+08:00  INFO 31076 --- [user-service] [http-nio-9003-exec-3] c.c.u.aspect.BusinessLogAspect           : 接口：GET /user/patient/list
2026-03-29T22:30:59.871+08:00  INFO 31076 --- [user-service] [http-nio-9003-exec-3] c.c.u.aspect.BusinessLogAspect           : 类名：PatientServiceImpl.getPatients
2026-03-29T22:30:59.871+08:00  INFO 31076 --- [user-service] [http-nio-9003-exec-3] c.c.u.aspect.BusinessLogAspect           : 业务描述：查询就诊人列表
2026-03-29T22:30:59.871+08:00  INFO 31076 --- [user-service] [http-nio-9003-exec-3] c.c.u.aspect.BusinessLogAspect           : 业务类型：就诊人管理
2026-03-29T22:30:59.871+08:00  INFO 31076 --- [user-service] [http-nio-9003-exec-3] c.c.u.aspect.BusinessLogAspect           : 请求参数：[2038244988630581249]
2026-03-29T22:30:59.877+08:00  INFO 31076 --- [user-service] [http-nio-9003-exec-3] c.c.u.aspect.BusinessLogAspect           : ========== 业务操作结束 ==========
2026-03-29T22:30:59.877+08:00  INFO 31076 --- [user-service] [http-nio-9003-exec-3] c.c.u.aspect.BusinessLogAspect           : 执行耗时：6ms
2026-03-29T22:30:59.877+08:00  INFO 31076 --- [user-service] [http-nio-9003-exec-3] c.c.u.aspect.BusinessLogAspect           : 执行状态：成功
2026-03-29T22:30:59.880+08:00  INFO 21856 --- [order-service] [http-nio-9004-exec-1] c.c.o.aspect.BusinessLogAspect           : ========== 业务操作结束 ==========
2026-03-29T22:30:59.880+08:00  INFO 21856 --- [order-service] [http-nio-9004-exec-1] c.c.o.aspect.BusinessLogAspect           : 执行耗时：93ms
2026-03-29T22:30:59.880+08:00  INFO 21856 --- [order-service] [http-nio-9004-exec-1] c.c.o.aspect.BusinessLogAspect           : 执行状态：成功
2026-03-29T22:31:01.063+08:00  INFO 24212 --- [doctor-service] [http-nio-9002-exec-9] c.c.d.aspect.BusinessLogAspect           : [业务] 排班查询 - ScheduleServiceImpl.findDetailByDate - 查询排班详情（缓存优化）
2026-03-29T22:31:31.298+08:00  INFO 21856 --- [order-service] [http-nio-9004-exec-2] c.c.o.aspect.BusinessLogAspect           : ========== 业务操作开始 ==========
2026-03-29T22:31:31.298+08:00  INFO 21856 --- [order-service] [http-nio-9004-exec-2] c.c.o.aspect.BusinessLogAspect           : 时间：2026-03-29 22:31:31.298
2026-03-29T22:31:31.298+08:00  INFO 21856 --- [order-service] [http-nio-9004-exec-2] c.c.o.aspect.BusinessLogAspect           : 接口：GET /order/list
2026-03-29T22:31:31.298+08:00  INFO 21856 --- [order-service] [http-nio-9004-exec-2] c.c.o.aspect.BusinessLogAspect           : 类名：OrderServiceImpl.getOrders
2026-03-29T22:31:31.298+08:00  INFO 21856 --- [order-service] [http-nio-9004-exec-2] c.c.o.aspect.BusinessLogAspect           : 业务描述：查询用户订单列表
2026-03-29T22:31:31.298+08:00  INFO 21856 --- [order-service] [http-nio-9004-exec-2] c.c.o.aspect.BusinessLogAspect           : 业务类型：订单查询
2026-03-29T22:31:31.298+08:00  INFO 21856 --- [order-service] [http-nio-9004-exec-2] c.c.o.aspect.BusinessLogAspect           : 请求参数：[2038244988630581249]
2026-03-29T22:31:31.306+08:00  INFO 21856 --- [order-service] [http-nio-9004-exec-2] c.c.o.aspect.BusinessLogAspect           : ========== 业务操作结束 ==========
2026-03-29T22:31:31.306+08:00  INFO 21856 --- [order-service] [http-nio-9004-exec-2] c.c.o.aspect.BusinessLogAspect           : 执行耗时：8ms
2026-03-29T22:31:31.306+08:00  INFO 21856 --- [order-service] [http-nio-9004-exec-2] c.c.o.aspect.BusinessLogAspect           : 执行状态：成功
2026-03-29T22:31:31.929+08:00  INFO 31076 --- [user-service] [http-nio-9003-exec-4] c.c.u.aspect.BusinessLogAspect           : ========== 业务操作开始 ==========
2026-03-29T22:31:31.929+08:00  INFO 31076 --- [user-service] [http-nio-9003-exec-4] c.c.u.aspect.BusinessLogAspect           : 时间：2026-03-29 22:31:31.929
2026-03-29T22:31:31.929+08:00  INFO 31076 --- [user-service] [http-nio-9003-exec-4] c.c.u.aspect.BusinessLogAspect           : 接口：GET /user/patient/list
2026-03-29T22:31:31.929+08:00  INFO 31076 --- [user-service] [http-nio-9003-exec-4] c.c.u.aspect.BusinessLogAspect           : 类名：PatientServiceImpl.getPatients
2026-03-29T22:31:31.929+08:00  INFO 31076 --- [user-service] [http-nio-9003-exec-4] c.c.u.aspect.BusinessLogAspect           : 业务描述：查询就诊人列表
2026-03-29T22:31:31.929+08:00  INFO 31076 --- [user-service] [http-nio-9003-exec-4] c.c.u.aspect.BusinessLogAspect           : 业务类型：就诊人管理
2026-03-29T22:31:31.929+08:00  INFO 31076 --- [user-service] [http-nio-9003-exec-4] c.c.u.aspect.BusinessLogAspect           : 请求参数：[2038244988630581249]
2026-03-29T22:31:31.932+08:00  INFO 31076 --- [user-service] [http-nio-9003-exec-4] c.c.u.aspect.BusinessLogAspect           : ========== 业务操作结束 ==========
2026-03-29T22:31:31.932+08:00  INFO 31076 --- [user-service] [http-nio-9003-exec-4] c.c.u.aspect.BusinessLogAspect           : 执行耗时：3ms
2026-03-29T22:31:31.932+08:00  INFO 31076 --- [user-service] [http-nio-9003-exec-4] c.c.u.aspect.BusinessLogAspect           : 执行状态：成功
2026-03-29T22:31:32.394+08:00  INFO 21856 --- [order-service] [http-nio-9004-exec-3] c.c.o.aspect.BusinessLogAspect           : ========== 业务操作开始 ==========
2026-03-29T22:31:32.394+08:00  INFO 21856 --- [order-service] [http-nio-9004-exec-3] c.c.o.aspect.BusinessLogAspect           : 时间：2026-03-29 22:31:32.394
2026-03-29T22:31:32.394+08:00  INFO 21856 --- [order-service] [http-nio-9004-exec-3] c.c.o.aspect.BusinessLogAspect           : 接口：GET /order/list
2026-03-29T22:31:32.394+08:00  INFO 21856 --- [order-service] [http-nio-9004-exec-3] c.c.o.aspect.BusinessLogAspect           : 类名：OrderServiceImpl.getOrders
2026-03-29T22:31:32.394+08:00  INFO 21856 --- [order-service] [http-nio-9004-exec-3] c.c.o.aspect.BusinessLogAspect           : 业务描述：查询用户订单列表
2026-03-29T22:31:32.394+08:00  INFO 21856 --- [order-service] [http-nio-9004-exec-3] c.c.o.aspect.BusinessLogAspect           : 业务类型：订单查询
2026-03-29T22:31:32.394+08:00  INFO 21856 --- [order-service] [http-nio-9004-exec-3] c.c.o.aspect.BusinessLogAspect           : 请求参数：[2038244988630581249]
2026-03-29T22:31:32.404+08:00  INFO 21856 --- [order-service] [http-nio-9004-exec-3] c.c.o.aspect.BusinessLogAspect           : ========== 业务操作结束 ==========
2026-03-29T22:31:32.404+08:00  INFO 21856 --- [order-service] [http-nio-9004-exec-3] c.c.o.aspect.BusinessLogAspect           : 执行耗时：10ms
2026-03-29T22:31:32.404+08:00  INFO 21856 --- [order-service] [http-nio-9004-exec-3] c.c.o.aspect.BusinessLogAspect           : 执行状态：成功
2026-03-29T22:31:33.058+08:00  INFO 24212 --- [doctor-service] [http-nio-9002-exec-10] c.c.d.aspect.BusinessLogAspect           : [业务] 排班查询 - ScheduleServiceImpl.findDetailByDate - 查询排班详情（缓存优化）
2026-03-29T22:31:34.419+08:00  INFO 31076 --- [user-service] [http-nio-9003-exec-5] c.c.u.aspect.BusinessLogAspect           : ========== 业务操作开始 ==========
2026-03-29T22:31:34.419+08:00  INFO 31076 --- [user-service] [http-nio-9003-exec-5] c.c.u.aspect.BusinessLogAspect           : 时间：2026-03-29 22:31:34.419
2026-03-29T22:31:34.419+08:00  INFO 31076 --- [user-service] [http-nio-9003-exec-5] c.c.u.aspect.BusinessLogAspect           : 接口：GET /user/patient/list
2026-03-29T22:31:34.419+08:00  INFO 31076 --- [user-service] [http-nio-9003-exec-5] c.c.u.aspect.BusinessLogAspect           : 类名：PatientServiceImpl.getPatients
2026-03-29T22:31:34.419+08:00  INFO 31076 --- [user-service] [http-nio-9003-exec-5] c.c.u.aspect.BusinessLogAspect           : 业务描述：查询就诊人列表
2026-03-29T22:31:34.419+08:00  INFO 31076 --- [user-service] [http-nio-9003-exec-5] c.c.u.aspect.BusinessLogAspect           : 业务类型：就诊人管理
2026-03-29T22:31:34.419+08:00  INFO 31076 --- [user-service] [http-nio-9003-exec-5] c.c.u.aspect.BusinessLogAspect           : 请求参数：[2038244988630581249]
2026-03-29T22:31:34.422+08:00  INFO 31076 --- [user-service] [http-nio-9003-exec-5] c.c.u.aspect.BusinessLogAspect           : ========== 业务操作结束 ==========
2026-03-29T22:31:34.422+08:00  INFO 31076 --- [user-service] [http-nio-9003-exec-5] c.c.u.aspect.BusinessLogAspect           : 执行耗时：3ms
2026-03-29T22:31:34.422+08:00  INFO 31076 --- [user-service] [http-nio-9003-exec-5] c.c.u.aspect.BusinessLogAspect           : 执行状态：成功
2026-03-29T22:31:34.878+08:00  INFO 21856 --- [order-service] [http-nio-9004-exec-4] c.c.o.aspect.BusinessLogAspect           : ========== 业务操作开始 ==========
2026-03-29T22:31:34.878+08:00  INFO 21856 --- [order-service] [http-nio-9004-exec-4] c.c.o.aspect.BusinessLogAspect           : 时间：2026-03-29 22:31:34.878
2026-03-29T22:31:34.878+08:00  INFO 21856 --- [order-service] [http-nio-9004-exec-4] c.c.o.aspect.BusinessLogAspect           : 接口：GET /order/list
2026-03-29T22:31:34.878+08:00  INFO 21856 --- [order-service] [http-nio-9004-exec-4] c.c.o.aspect.BusinessLogAspect           : 类名：OrderServiceImpl.getOrders
2026-03-29T22:31:34.878+08:00  INFO 21856 --- [order-service] [http-nio-9004-exec-4] c.c.o.aspect.BusinessLogAspect           : 业务描述：查询用户订单列表
2026-03-29T22:31:34.878+08:00  INFO 21856 --- [order-service] [http-nio-9004-exec-4] c.c.o.aspect.BusinessLogAspect           : 业务类型：订单查询
2026-03-29T22:31:34.878+08:00  INFO 21856 --- [order-service] [http-nio-9004-exec-4] c.c.o.aspect.BusinessLogAspect           : 请求参数：[2038244988630581249]
2026-03-29T22:31:34.886+08:00  INFO 21856 --- [order-service] [http-nio-9004-exec-4] c.c.o.aspect.BusinessLogAspect           : ========== 业务操作结束 ==========
2026-03-29T22:31:34.886+08:00  INFO 21856 --- [order-service] [http-nio-9004-exec-4] c.c.o.aspect.BusinessLogAspect           : 执行耗时：8ms
2026-03-29T22:31:34.886+08:00  INFO 21856 --- [order-service] [http-nio-9004-exec-4] c.c.o.aspect.BusinessLogAspect           : 执行状态：成功
2026-03-29T22:31:35.450+08:00  INFO 24212 --- [doctor-service] [http-nio-9002-exec-5] c.c.d.aspect.BusinessLogAspect           : [业务] 排班查询 - ScheduleServiceImpl.findDetailByDate - 查询排班详情（缓存优化）
2026-03-29T22:31:58.307+08:00  INFO 31076 --- [user-service] [http-nio-9003-exec-6] c.c.u.aspect.BusinessLogAspect           : ========== 业务操作开始 ==========
2026-03-29T22:31:58.308+08:00  INFO 31076 --- [user-service] [http-nio-9003-exec-6] c.c.u.aspect.BusinessLogAspect           : 时间：2026-03-29 22:31:58.307
2026-03-29T22:31:58.308+08:00  INFO 31076 --- [user-service] [http-nio-9003-exec-6] c.c.u.aspect.BusinessLogAspect           : 接口：GET /user/patient/list
2026-03-29T22:31:58.308+08:00  INFO 31076 --- [user-service] [http-nio-9003-exec-6] c.c.u.aspect.BusinessLogAspect           : 类名：PatientServiceImpl.getPatients
2026-03-29T22:31:58.308+08:00  INFO 31076 --- [user-service] [http-nio-9003-exec-6] c.c.u.aspect.BusinessLogAspect           : 业务描述：查询就诊人列表
2026-03-29T22:31:58.308+08:00  INFO 31076 --- [user-service] [http-nio-9003-exec-6] c.c.u.aspect.BusinessLogAspect           : 业务类型：就诊人管理
2026-03-29T22:31:58.308+08:00  INFO 31076 --- [user-service] [http-nio-9003-exec-6] c.c.u.aspect.BusinessLogAspect           : 请求参数：[2038244988630581249]
2026-03-29T22:31:58.312+08:00  INFO 31076 --- [user-service] [http-nio-9003-exec-6] c.c.u.aspect.BusinessLogAspect           : ========== 业务操作结束 ==========
2026-03-29T22:31:58.312+08:00  INFO 31076 --- [user-service] [http-nio-9003-exec-6] c.c.u.aspect.BusinessLogAspect           : 执行耗时：4ms
2026-03-29T22:31:58.312+08:00  INFO 31076 --- [user-service] [http-nio-9003-exec-6] c.c.u.aspect.BusinessLogAspect           : 执行状态：成功
2026-03-29T22:31:59.286+08:00  INFO 21856 --- [order-service] [http-nio-9004-exec-5] c.c.o.aspect.BusinessLogAspect           : ========== 业务操作开始 ==========
2026-03-29T22:31:59.287+08:00  INFO 21856 --- [order-service] [http-nio-9004-exec-5] c.c.o.aspect.BusinessLogAspect           : 时间：2026-03-29 22:31:59.287
2026-03-29T22:31:59.287+08:00  INFO 21856 --- [order-service] [http-nio-9004-exec-5] c.c.o.aspect.BusinessLogAspect           : 接口：POST /order/create
2026-03-29T22:31:59.287+08:00  INFO 21856 --- [order-service] [http-nio-9004-exec-5] c.c.o.aspect.BusinessLogAspect           : 类名：OrderServiceImpl.createOrder
2026-03-29T22:31:59.287+08:00  INFO 21856 --- [order-service] [http-nio-9004-exec-5] c.c.o.aspect.BusinessLogAspect           : 业务描述：创建订单（MQ 异步）
2026-03-29T22:31:59.287+08:00  INFO 21856 --- [order-service] [http-nio-9004-exec-5] c.c.o.aspect.BusinessLogAspect           : 业务类型：订单管理
2026-03-29T22:31:59.287+08:00  INFO 21856 --- [order-service] [http-nio-9004-exec-5] c.c.o.aspect.BusinessLogAspect           : 请求参数：[2038244988630581249,6821689192093854000,202603292098]
2026-03-29T22:31:59.290+08:00  INFO 24212 --- [doctor-service] [http-nio-9002-exec-6] c.c.d.aspect.BusinessLogAspect           : [业务] 挂号下单 - ScheduleServiceImpl.deductAvailableNum - 扣减号源库存
2026-03-29T22:31:59.304+08:00  INFO 31076 --- [user-service] [http-nio-9003-exec-7] c.c.u.aspect.BusinessLogAspect           : ========== 业务操作开始 ==========
2026-03-29T22:31:59.304+08:00  INFO 31076 --- [user-service] [http-nio-9003-exec-7] c.c.u.aspect.BusinessLogAspect           : 时间：2026-03-29 22:31:59.304
2026-03-29T22:31:59.304+08:00  INFO 31076 --- [user-service] [http-nio-9003-exec-7] c.c.u.aspect.BusinessLogAspect           : 接口：GET /user/patient/list
2026-03-29T22:31:59.304+08:00  INFO 31076 --- [user-service] [http-nio-9003-exec-7] c.c.u.aspect.BusinessLogAspect           : 类名：PatientServiceImpl.getPatients
2026-03-29T22:31:59.304+08:00  INFO 31076 --- [user-service] [http-nio-9003-exec-7] c.c.u.aspect.BusinessLogAspect           : 业务描述：查询就诊人列表
2026-03-29T22:31:59.304+08:00  INFO 31076 --- [user-service] [http-nio-9003-exec-7] c.c.u.aspect.BusinessLogAspect           : 业务类型：就诊人管理
2026-03-29T22:31:59.305+08:00  INFO 31076 --- [user-service] [http-nio-9003-exec-7] c.c.u.aspect.BusinessLogAspect           : 请求参数：[2038244988630581249]
2026-03-29T22:31:59.308+08:00  INFO 31076 --- [user-service] [http-nio-9003-exec-7] c.c.u.aspect.BusinessLogAspect           : ========== 业务操作结束 ==========
2026-03-29T22:31:59.308+08:00  INFO 31076 --- [user-service] [http-nio-9003-exec-7] c.c.u.aspect.BusinessLogAspect           : 执行耗时：3ms
2026-03-29T22:31:59.308+08:00  INFO 31076 --- [user-service] [http-nio-9003-exec-7] c.c.u.aspect.BusinessLogAspect           : 执行状态：成功
2026-03-29T22:31:59.311+08:00  INFO 21856 --- [order-service] [http-nio-9004-exec-5] c.c.o.aspect.BusinessLogAspect           : ========== 业务操作结束 ==========
2026-03-29T22:31:59.311+08:00  INFO 21856 --- [order-service] [http-nio-9004-exec-5] c.c.o.aspect.BusinessLogAspect           : 执行耗时：24ms
2026-03-29T22:31:59.311+08:00  INFO 21856 --- [order-service] [http-nio-9004-exec-5] c.c.o.aspect.BusinessLogAspect           : 执行状态：成功
2026-03-29T22:32:00.269+08:00  INFO 24212 --- [doctor-service] [http-nio-9002-exec-1] c.c.d.aspect.BusinessLogAspect           : [业务] 排班查询 - ScheduleServiceImpl.findDetailByDate - 查询排班详情（缓存优化）
2026-03-29T22:33:13.250+08:00  INFO 24212 --- [doctor-service] [http-nio-9002-exec-7] c.c.d.aspect.BusinessLogAspect           : [业务] 排班查询 - ScheduleServiceImpl.findDetailByDate - 查询排班详情（缓存优化）
2026-03-29T22:33:21.520+08:00  INFO 24212 --- [doctor-service] [http-nio-9002-exec-8] c.c.d.aspect.BusinessLogAspect           : [业务] 排班查询 - ScheduleServiceImpl.findDetailByDate - 查询排班详情（缓存优化）
2026-03-29T22:34:05.390+08:00  INFO 24212 --- [doctor-service] [http-nio-9002-exec-4] c.c.d.aspect.BusinessLogAspect           : [业务] 排班查询 - ScheduleServiceImpl.findDetailByDate - 查询排班详情（缓存优化）
2026-03-29T22:34:05.408+08:00  INFO 24212 --- [doctor-service] [http-nio-9002-exec-9] c.c.d.aspect.BusinessLogAspect           : [业务] 排班查询 - ScheduleServiceImpl.findDetailByDate - 查询排班详情（缓存优化）
2026-03-29T22:38:19.778+08:00  INFO 27824 --- [user-service] [http-nio-9003-exec-1] c.c.u.aspect.BusinessLogAspect           : ========== 业务操作开始 ==========
2026-03-29T22:38:19.778+08:00  INFO 27824 --- [user-service] [http-nio-9003-exec-1] c.c.u.aspect.BusinessLogAspect           : 时间：2026-03-29 22:38:19.778
2026-03-29T22:38:19.778+08:00  INFO 27824 --- [user-service] [http-nio-9003-exec-1] c.c.u.aspect.BusinessLogAspect           : 接口：GET /user/patient/list
2026-03-29T22:38:19.778+08:00  INFO 27824 --- [user-service] [http-nio-9003-exec-1] c.c.u.aspect.BusinessLogAspect           : 类名：PatientServiceImpl.getPatients
2026-03-29T22:38:19.778+08:00  INFO 27824 --- [user-service] [http-nio-9003-exec-1] c.c.u.aspect.BusinessLogAspect           : 业务描述：查询就诊人列表
2026-03-29T22:38:19.778+08:00  INFO 27824 --- [user-service] [http-nio-9003-exec-1] c.c.u.aspect.BusinessLogAspect           : 业务类型：就诊人管理
2026-03-29T22:38:19.781+08:00  INFO 27824 --- [user-service] [http-nio-9003-exec-1] c.c.u.aspect.BusinessLogAspect           : 请求参数：[2038062241085591554]
2026-03-29T22:38:20.726+08:00  INFO 27824 --- [user-service] [http-nio-9003-exec-1] c.c.u.aspect.BusinessLogAspect           : ========== 业务操作结束 ==========
2026-03-29T22:38:20.726+08:00  INFO 27824 --- [user-service] [http-nio-9003-exec-1] c.c.u.aspect.BusinessLogAspect           : 执行耗时：945ms
2026-03-29T22:38:20.726+08:00  INFO 27824 --- [user-service] [http-nio-9003-exec-1] c.c.u.aspect.BusinessLogAspect           : 执行状态：成功
2026-03-29T22:38:22.115+08:00  INFO 27824 --- [user-service] [http-nio-9003-exec-2] c.c.u.aspect.BusinessLogAspect           : ========== 业务操作开始 ==========
2026-03-29T22:38:22.115+08:00  INFO 27824 --- [user-service] [http-nio-9003-exec-2] c.c.u.aspect.BusinessLogAspect           : 时间：2026-03-29 22:38:22.115
2026-03-29T22:38:22.115+08:00  INFO 27824 --- [user-service] [http-nio-9003-exec-2] c.c.u.aspect.BusinessLogAspect           : 接口：GET /user/patient/list
2026-03-29T22:38:22.115+08:00  INFO 27824 --- [user-service] [http-nio-9003-exec-2] c.c.u.aspect.BusinessLogAspect           : 类名：PatientServiceImpl.getPatients
2026-03-29T22:38:22.115+08:00  INFO 27824 --- [user-service] [http-nio-9003-exec-2] c.c.u.aspect.BusinessLogAspect           : 业务描述：查询就诊人列表
2026-03-29T22:38:22.115+08:00  INFO 27824 --- [user-service] [http-nio-9003-exec-2] c.c.u.aspect.BusinessLogAspect           : 业务类型：就诊人管理
2026-03-29T22:38:22.115+08:00  INFO 27824 --- [user-service] [http-nio-9003-exec-2] c.c.u.aspect.BusinessLogAspect           : 请求参数：[2038062241085591554]
2026-03-29T22:38:22.121+08:00  INFO 27824 --- [user-service] [http-nio-9003-exec-2] c.c.u.aspect.BusinessLogAspect           : ========== 业务操作结束 ==========
2026-03-29T22:38:22.121+08:00  INFO 27824 --- [user-service] [http-nio-9003-exec-2] c.c.u.aspect.BusinessLogAspect           : 执行耗时：6ms
2026-03-29T22:38:22.121+08:00  INFO 27824 --- [user-service] [http-nio-9003-exec-2] c.c.u.aspect.BusinessLogAspect           : 执行状态：成功
2026-03-29T22:38:24.787+08:00  INFO 27824 --- [user-service] [http-nio-9003-exec-3] c.c.u.aspect.BusinessLogAspect           : ========== 业务操作开始 ==========
2026-03-29T22:38:24.787+08:00  INFO 27824 --- [user-service] [http-nio-9003-exec-3] c.c.u.aspect.BusinessLogAspect           : 时间：2026-03-29 22:38:24.787
2026-03-29T22:38:24.787+08:00  INFO 27824 --- [user-service] [http-nio-9003-exec-3] c.c.u.aspect.BusinessLogAspect           : 接口：POST /user/patient/insert
2026-03-29T22:38:24.787+08:00  INFO 27824 --- [user-service] [http-nio-9003-exec-3] c.c.u.aspect.BusinessLogAspect           : 类名：PatientServiceImpl.insertPatient
2026-03-29T22:38:24.787+08:00  INFO 27824 --- [user-service] [http-nio-9003-exec-3] c.c.u.aspect.BusinessLogAspect           : 业务描述：添加就诊人
2026-03-29T22:38:24.787+08:00  INFO 27824 --- [user-service] [http-nio-9003-exec-3] c.c.u.aspect.BusinessLogAspect           : 业务类型：就诊人管理
2026-03-29T22:38:24.804+08:00  INFO 27824 --- [user-service] [http-nio-9003-exec-3] c.c.u.aspect.BusinessLogAspect           : 请求参数：[2038062241085591554,{"birthDate":"1990-01-01","gender":1,"idCard":"110101199001011234","name":"张三","phone":"13900000001"}]
2026-03-29T22:38:24.845+08:00  INFO 27824 --- [user-service] [http-nio-9003-exec-3] c.c.u.aspect.BusinessLogAspect           : ========== 业务操作结束 ==========
2026-03-29T22:38:24.845+08:00  INFO 27824 --- [user-service] [http-nio-9003-exec-3] c.c.u.aspect.BusinessLogAspect           : 执行耗时：41ms
2026-03-29T22:38:24.845+08:00  INFO 27824 --- [user-service] [http-nio-9003-exec-3] c.c.u.aspect.BusinessLogAspect           : 执行状态：成功
2026-03-29T22:38:26.359+08:00  INFO 27824 --- [user-service] [http-nio-9003-exec-4] c.c.u.aspect.BusinessLogAspect           : ========== 业务操作开始 ==========
2026-03-29T22:38:26.359+08:00  INFO 27824 --- [user-service] [http-nio-9003-exec-4] c.c.u.aspect.BusinessLogAspect           : 时间：2026-03-29 22:38:26.359
2026-03-29T22:38:26.359+08:00  INFO 27824 --- [user-service] [http-nio-9003-exec-4] c.c.u.aspect.BusinessLogAspect           : 接口：GET /user/patient/list
2026-03-29T22:38:26.359+08:00  INFO 27824 --- [user-service] [http-nio-9003-exec-4] c.c.u.aspect.BusinessLogAspect           : 类名：PatientServiceImpl.getPatients
2026-03-29T22:38:26.359+08:00  INFO 27824 --- [user-service] [http-nio-9003-exec-4] c.c.u.aspect.BusinessLogAspect           : 业务描述：查询就诊人列表
2026-03-29T22:38:26.359+08:00  INFO 27824 --- [user-service] [http-nio-9003-exec-4] c.c.u.aspect.BusinessLogAspect           : 业务类型：就诊人管理
2026-03-29T22:38:26.359+08:00  INFO 27824 --- [user-service] [http-nio-9003-exec-4] c.c.u.aspect.BusinessLogAspect           : 请求参数：[2038062241085591554]
2026-03-29T22:38:26.376+08:00  INFO 27824 --- [user-service] [http-nio-9003-exec-4] c.c.u.aspect.BusinessLogAspect           : ========== 业务操作结束 ==========
2026-03-29T22:38:26.376+08:00  INFO 27824 --- [user-service] [http-nio-9003-exec-4] c.c.u.aspect.BusinessLogAspect           : 执行耗时：17ms
2026-03-29T22:38:26.376+08:00  INFO 27824 --- [user-service] [http-nio-9003-exec-4] c.c.u.aspect.BusinessLogAspect           : 执行状态：成功
2026-03-29T22:38:42.269+08:00  INFO 13880 --- [doctor-service] [http-nio-9002-exec-4] c.c.d.aspect.BusinessLogAspect           : [业务] 排班查询 - ScheduleServiceImpl.findDetailByDate - 查询排班详情（缓存优化）
2026-03-29T22:38:42.933+08:00  INFO 13880 --- [doctor-service] [http-nio-9002-exec-4] c.c.d.aspect.BusinessLogAspect           : [业务完成] 耗时：664ms - 状态：成功
2026-03-29T22:38:53.487+08:00  INFO 35016 --- [order-service] [http-nio-9004-exec-1] c.c.o.aspect.BusinessLogAspect           : ========== 业务操作开始 ==========
2026-03-29T22:38:53.487+08:00  INFO 35016 --- [order-service] [http-nio-9004-exec-1] c.c.o.aspect.BusinessLogAspect           : 时间：2026-03-29 22:38:53.487
2026-03-29T22:38:53.487+08:00  INFO 35016 --- [order-service] [http-nio-9004-exec-1] c.c.o.aspect.BusinessLogAspect           : 接口：POST /order/create
2026-03-29T22:38:53.487+08:00  INFO 35016 --- [order-service] [http-nio-9004-exec-1] c.c.o.aspect.BusinessLogAspect           : 类名：OrderServiceImpl.createOrder
2026-03-29T22:38:53.487+08:00  INFO 35016 --- [order-service] [http-nio-9004-exec-1] c.c.o.aspect.BusinessLogAspect           : 业务描述：创建订单（MQ 异步）
2026-03-29T22:38:53.487+08:00  INFO 35016 --- [order-service] [http-nio-9004-exec-1] c.c.o.aspect.BusinessLogAspect           : 业务类型：订单管理
2026-03-29T22:38:53.488+08:00  INFO 35016 --- [order-service] [http-nio-9004-exec-1] c.c.o.aspect.BusinessLogAspect           : 请求参数：[2038062241085591554,409525316297859870,202604092099]
2026-03-29T22:38:53.648+08:00  INFO 13880 --- [doctor-service] [http-nio-9002-exec-1] c.c.d.aspect.BusinessLogAspect           : [业务] 挂号下单 - ScheduleServiceImpl.deductAvailableNum - 扣减号源库存
2026-03-29T22:38:53.863+08:00  INFO 27824 --- [user-service] [http-nio-9003-exec-5] c.c.u.aspect.BusinessLogAspect           : ========== 业务操作开始 ==========
2026-03-29T22:38:53.863+08:00  INFO 27824 --- [user-service] [http-nio-9003-exec-5] c.c.u.aspect.BusinessLogAspect           : 时间：2026-03-29 22:38:53.863
2026-03-29T22:38:53.863+08:00  INFO 27824 --- [user-service] [http-nio-9003-exec-5] c.c.u.aspect.BusinessLogAspect           : 接口：GET /user/patient/list
2026-03-29T22:38:53.863+08:00  INFO 27824 --- [user-service] [http-nio-9003-exec-5] c.c.u.aspect.BusinessLogAspect           : 类名：PatientServiceImpl.getPatients
2026-03-29T22:38:53.863+08:00  INFO 27824 --- [user-service] [http-nio-9003-exec-5] c.c.u.aspect.BusinessLogAspect           : 业务描述：查询就诊人列表
2026-03-29T22:38:53.863+08:00  INFO 27824 --- [user-service] [http-nio-9003-exec-5] c.c.u.aspect.BusinessLogAspect           : 业务类型：就诊人管理
2026-03-29T22:38:53.863+08:00  INFO 27824 --- [user-service] [http-nio-9003-exec-5] c.c.u.aspect.BusinessLogAspect           : 请求参数：[2038062241085591554]
2026-03-29T22:38:53.885+08:00  INFO 27824 --- [user-service] [http-nio-9003-exec-5] c.c.u.aspect.BusinessLogAspect           : ========== 业务操作结束 ==========
2026-03-29T22:38:53.885+08:00  INFO 27824 --- [user-service] [http-nio-9003-exec-5] c.c.u.aspect.BusinessLogAspect           : 执行耗时：22ms
2026-03-29T22:38:53.885+08:00  INFO 27824 --- [user-service] [http-nio-9003-exec-5] c.c.u.aspect.BusinessLogAspect           : 执行状态：成功
2026-03-29T22:38:54.377+08:00  INFO 35016 --- [order-service] [http-nio-9004-exec-1] c.c.o.aspect.BusinessLogAspect           : ========== 业务操作结束 ==========
2026-03-29T22:38:54.377+08:00  INFO 35016 --- [order-service] [http-nio-9004-exec-1] c.c.o.aspect.BusinessLogAspect           : 执行耗时：889ms
2026-03-29T22:38:54.377+08:00  INFO 35016 --- [order-service] [http-nio-9004-exec-1] c.c.o.aspect.BusinessLogAspect           : 执行状态：成功
2026-03-29T22:39:37.715+08:00  INFO 35016 --- [order-service] [http-nio-9004-exec-2] c.c.o.aspect.BusinessLogAspect           : ========== 业务操作开始 ==========
2026-03-29T22:39:37.715+08:00  INFO 35016 --- [order-service] [http-nio-9004-exec-2] c.c.o.aspect.BusinessLogAspect           : 时间：2026-03-29 22:39:37.715
2026-03-29T22:39:37.715+08:00  INFO 35016 --- [order-service] [http-nio-9004-exec-2] c.c.o.aspect.BusinessLogAspect           : 接口：GET /order/list
2026-03-29T22:39:37.715+08:00  INFO 35016 --- [order-service] [http-nio-9004-exec-2] c.c.o.aspect.BusinessLogAspect           : 类名：OrderServiceImpl.getOrders
2026-03-29T22:39:37.715+08:00  INFO 35016 --- [order-service] [http-nio-9004-exec-2] c.c.o.aspect.BusinessLogAspect           : 业务描述：查询用户订单列表
2026-03-29T22:39:37.715+08:00  INFO 35016 --- [order-service] [http-nio-9004-exec-2] c.c.o.aspect.BusinessLogAspect           : 业务类型：订单查询
2026-03-29T22:39:37.715+08:00  INFO 35016 --- [order-service] [http-nio-9004-exec-2] c.c.o.aspect.BusinessLogAspect           : 请求参数：[2038062241085591554]
2026-03-29T22:39:37.805+08:00  INFO 35016 --- [order-service] [http-nio-9004-exec-2] c.c.o.aspect.BusinessLogAspect           : ========== 业务操作结束 ==========
2026-03-29T22:39:37.805+08:00  INFO 35016 --- [order-service] [http-nio-9004-exec-2] c.c.o.aspect.BusinessLogAspect           : 执行耗时：90ms
2026-03-29T22:39:37.805+08:00  INFO 35016 --- [order-service] [http-nio-9004-exec-2] c.c.o.aspect.BusinessLogAspect           : 执行状态：成功
2026-03-29T22:39:56.872+08:00  INFO 13880 --- [doctor-service] [http-nio-9002-exec-10] c.c.d.aspect.BusinessLogAspect           : [业务] 排班查询 - ScheduleServiceImpl.findDetailByDate - 查询排班详情（缓存优化）
2026-03-29T22:39:57.542+08:00  INFO 35016 --- [order-service] [http-nio-9004-exec-4] c.c.o.aspect.BusinessLogAspect           : ========== 业务操作开始 ==========
2026-03-29T22:39:57.542+08:00  INFO 35016 --- [order-service] [http-nio-9004-exec-4] c.c.o.aspect.BusinessLogAspect           : 时间：2026-03-29 22:39:57.542
2026-03-29T22:39:57.542+08:00  INFO 35016 --- [order-service] [http-nio-9004-exec-4] c.c.o.aspect.BusinessLogAspect           : 接口：GET /order/list
2026-03-29T22:39:57.542+08:00  INFO 35016 --- [order-service] [http-nio-9004-exec-4] c.c.o.aspect.BusinessLogAspect           : 类名：OrderServiceImpl.getOrders
2026-03-29T22:39:57.542+08:00  INFO 35016 --- [order-service] [http-nio-9004-exec-4] c.c.o.aspect.BusinessLogAspect           : 业务描述：查询用户订单列表
2026-03-29T22:39:57.542+08:00  INFO 35016 --- [order-service] [http-nio-9004-exec-4] c.c.o.aspect.BusinessLogAspect           : 业务类型：订单查询
2026-03-29T22:39:57.542+08:00  INFO 35016 --- [order-service] [http-nio-9004-exec-4] c.c.o.aspect.BusinessLogAspect           : 请求参数：[2038244988630581249]
2026-03-29T22:39:57.549+08:00  INFO 35016 --- [order-service] [http-nio-9004-exec-4] c.c.o.aspect.BusinessLogAspect           : ========== 业务操作结束 ==========
2026-03-29T22:39:57.549+08:00  INFO 35016 --- [order-service] [http-nio-9004-exec-4] c.c.o.aspect.BusinessLogAspect           : 执行耗时：7ms
2026-03-29T22:39:57.549+08:00  INFO 35016 --- [order-service] [http-nio-9004-exec-4] c.c.o.aspect.BusinessLogAspect           : 执行状态：成功
2026-03-29T22:39:58.868+08:00  INFO 13880 --- [doctor-service] [http-nio-9002-exec-2] c.c.d.aspect.BusinessLogAspect           : [业务] 排班查询 - ScheduleServiceImpl.findDetailByDate - 查询排班详情（缓存优化）
2026-03-29T22:40:00.110+08:00  INFO 27824 --- [user-service] [http-nio-9003-exec-6] c.c.u.aspect.BusinessLogAspect           : ========== 业务操作开始 ==========
2026-03-29T22:40:00.110+08:00  INFO 27824 --- [user-service] [http-nio-9003-exec-6] c.c.u.aspect.BusinessLogAspect           : 时间：2026-03-29 22:40:00.110
2026-03-29T22:40:00.110+08:00  INFO 27824 --- [user-service] [http-nio-9003-exec-6] c.c.u.aspect.BusinessLogAspect           : 接口：GET /user/patient/list
2026-03-29T22:40:00.110+08:00  INFO 27824 --- [user-service] [http-nio-9003-exec-6] c.c.u.aspect.BusinessLogAspect           : 类名：PatientServiceImpl.getPatients
2026-03-29T22:40:00.110+08:00  INFO 27824 --- [user-service] [http-nio-9003-exec-6] c.c.u.aspect.BusinessLogAspect           : 业务描述：查询就诊人列表
2026-03-29T22:40:00.110+08:00  INFO 27824 --- [user-service] [http-nio-9003-exec-6] c.c.u.aspect.BusinessLogAspect           : 业务类型：就诊人管理
2026-03-29T22:40:00.110+08:00  INFO 27824 --- [user-service] [http-nio-9003-exec-6] c.c.u.aspect.BusinessLogAspect           : 请求参数：[2038244988630581249]
2026-03-29T22:40:00.113+08:00  INFO 27824 --- [user-service] [http-nio-9003-exec-6] c.c.u.aspect.BusinessLogAspect           : ========== 业务操作结束 ==========
2026-03-29T22:40:00.113+08:00  INFO 27824 --- [user-service] [http-nio-9003-exec-6] c.c.u.aspect.BusinessLogAspect           : 执行耗时：3ms
2026-03-29T22:40:00.113+08:00  INFO 27824 --- [user-service] [http-nio-9003-exec-6] c.c.u.aspect.BusinessLogAspect           : 执行状态：成功
2026-03-29T22:40:00.855+08:00  INFO 35016 --- [order-service] [http-nio-9004-exec-3] c.c.o.aspect.BusinessLogAspect           : ========== 业务操作开始 ==========
2026-03-29T22:40:00.855+08:00  INFO 35016 --- [order-service] [http-nio-9004-exec-3] c.c.o.aspect.BusinessLogAspect           : 时间：2026-03-29 22:40:00.855
2026-03-29T22:40:00.855+08:00  INFO 35016 --- [order-service] [http-nio-9004-exec-3] c.c.o.aspect.BusinessLogAspect           : 接口：POST /order/create
2026-03-29T22:40:00.856+08:00  INFO 35016 --- [order-service] [http-nio-9004-exec-3] c.c.o.aspect.BusinessLogAspect           : 类名：OrderServiceImpl.createOrder
2026-03-29T22:40:00.856+08:00  INFO 35016 --- [order-service] [http-nio-9004-exec-3] c.c.o.aspect.BusinessLogAspect           : 业务描述：创建订单（MQ 异步）
2026-03-29T22:40:00.856+08:00  INFO 35016 --- [order-service] [http-nio-9004-exec-3] c.c.o.aspect.BusinessLogAspect           : 业务类型：订单管理
2026-03-29T22:40:00.856+08:00  INFO 35016 --- [order-service] [http-nio-9004-exec-3] c.c.o.aspect.BusinessLogAspect           : 请求参数：[2038244988630581249,6821689192093854000,202603292098]
2026-03-29T22:40:00.860+08:00  INFO 13880 --- [doctor-service] [http-nio-9002-exec-3] c.c.d.aspect.BusinessLogAspect           : [业务] 挂号下单 - ScheduleServiceImpl.deductAvailableNum - 扣减号源库存
2026-03-29T22:40:00.879+08:00  INFO 27824 --- [user-service] [http-nio-9003-exec-9] c.c.u.aspect.BusinessLogAspect           : ========== 业务操作开始 ==========
2026-03-29T22:40:00.879+08:00  INFO 27824 --- [user-service] [http-nio-9003-exec-9] c.c.u.aspect.BusinessLogAspect           : 时间：2026-03-29 22:40:00.879
2026-03-29T22:40:00.879+08:00  INFO 27824 --- [user-service] [http-nio-9003-exec-9] c.c.u.aspect.BusinessLogAspect           : 接口：GET /user/patient/list
2026-03-29T22:40:00.879+08:00  INFO 27824 --- [user-service] [http-nio-9003-exec-9] c.c.u.aspect.BusinessLogAspect           : 类名：PatientServiceImpl.getPatients
2026-03-29T22:40:00.879+08:00  INFO 27824 --- [user-service] [http-nio-9003-exec-9] c.c.u.aspect.BusinessLogAspect           : 业务描述：查询就诊人列表
2026-03-29T22:40:00.879+08:00  INFO 27824 --- [user-service] [http-nio-9003-exec-9] c.c.u.aspect.BusinessLogAspect           : 业务类型：就诊人管理
2026-03-29T22:40:00.879+08:00  INFO 27824 --- [user-service] [http-nio-9003-exec-9] c.c.u.aspect.BusinessLogAspect           : 请求参数：[2038244988630581249]
2026-03-29T22:40:00.882+08:00  INFO 27824 --- [user-service] [http-nio-9003-exec-9] c.c.u.aspect.BusinessLogAspect           : ========== 业务操作结束 ==========
2026-03-29T22:40:00.882+08:00  INFO 27824 --- [user-service] [http-nio-9003-exec-9] c.c.u.aspect.BusinessLogAspect           : 执行耗时：3ms
2026-03-29T22:40:00.883+08:00  INFO 27824 --- [user-service] [http-nio-9003-exec-9] c.c.u.aspect.BusinessLogAspect           : 执行状态：成功
2026-03-29T22:40:00.885+08:00  INFO 35016 --- [order-service] [http-nio-9004-exec-3] c.c.o.aspect.BusinessLogAspect           : ========== 业务操作结束 ==========
2026-03-29T22:40:00.886+08:00  INFO 35016 --- [order-service] [http-nio-9004-exec-3] c.c.o.aspect.BusinessLogAspect           : 执行耗时：29ms
2026-03-29T22:40:00.886+08:00  INFO 35016 --- [order-service] [http-nio-9004-exec-3] c.c.o.aspect.BusinessLogAspect           : 执行状态：成功
2026-03-29T22:40:01.831+08:00  INFO 13880 --- [doctor-service] [http-nio-9002-exec-9] c.c.d.aspect.BusinessLogAspect           : [业务] 排班查询 - ScheduleServiceImpl.findDetailByDate - 查询排班详情（缓存优化）
2026-03-29T22:40:02.846+08:00  INFO 35016 --- [order-service] [http-nio-9004-exec-5] c.c.o.aspect.BusinessLogAspect           : ========== 业务操作开始 ==========
2026-03-29T22:40:02.846+08:00  INFO 35016 --- [order-service] [http-nio-9004-exec-5] c.c.o.aspect.BusinessLogAspect           : 时间：2026-03-29 22:40:02.846
2026-03-29T22:40:02.846+08:00  INFO 35016 --- [order-service] [http-nio-9004-exec-5] c.c.o.aspect.BusinessLogAspect           : 接口：GET /order/list
2026-03-29T22:40:02.846+08:00  INFO 35016 --- [order-service] [http-nio-9004-exec-5] c.c.o.aspect.BusinessLogAspect           : 类名：OrderServiceImpl.getOrders
2026-03-29T22:40:02.846+08:00  INFO 35016 --- [order-service] [http-nio-9004-exec-5] c.c.o.aspect.BusinessLogAspect           : 业务描述：查询用户订单列表
2026-03-29T22:40:02.846+08:00  INFO 35016 --- [order-service] [http-nio-9004-exec-5] c.c.o.aspect.BusinessLogAspect           : 业务类型：订单查询
2026-03-29T22:40:02.846+08:00  INFO 35016 --- [order-service] [http-nio-9004-exec-5] c.c.o.aspect.BusinessLogAspect           : 请求参数：[2038244988630581249]
2026-03-29T22:40:02.854+08:00  INFO 35016 --- [order-service] [http-nio-9004-exec-5] c.c.o.aspect.BusinessLogAspect           : ========== 业务操作结束 ==========
2026-03-29T22:40:02.854+08:00  INFO 35016 --- [order-service] [http-nio-9004-exec-5] c.c.o.aspect.BusinessLogAspect           : 执行耗时：8ms
2026-03-29T22:40:02.854+08:00  INFO 35016 --- [order-service] [http-nio-9004-exec-5] c.c.o.aspect.BusinessLogAspect           : 执行状态：成功
2026-03-29T22:40:17.001+08:00  INFO 35016 --- [order-service] [http-nio-9004-exec-6] c.c.o.aspect.BusinessLogAspect           : ========== 业务操作开始 ==========
2026-03-29T22:40:17.001+08:00  INFO 35016 --- [order-service] [http-nio-9004-exec-6] c.c.o.aspect.BusinessLogAspect           : 时间：2026-03-29 22:40:17.001
2026-03-29T22:40:17.001+08:00  INFO 35016 --- [order-service] [http-nio-9004-exec-6] c.c.o.aspect.BusinessLogAspect           : 接口：POST /order/create
2026-03-29T22:40:17.001+08:00  INFO 35016 --- [order-service] [http-nio-9004-exec-6] c.c.o.aspect.BusinessLogAspect           : 类名：OrderServiceImpl.createOrder
2026-03-29T22:40:17.001+08:00  INFO 35016 --- [order-service] [http-nio-9004-exec-6] c.c.o.aspect.BusinessLogAspect           : 业务描述：创建订单（MQ 异步）
2026-03-29T22:40:17.001+08:00  INFO 35016 --- [order-service] [http-nio-9004-exec-6] c.c.o.aspect.BusinessLogAspect           : 业务类型：订单管理
2026-03-29T22:40:17.001+08:00  INFO 35016 --- [order-service] [http-nio-9004-exec-6] c.c.o.aspect.BusinessLogAspect           : 请求参数：[2038062241085591554,409525316297859870,202604092099]
2026-03-29T22:40:17.003+08:00  INFO 13880 --- [doctor-service] [http-nio-9002-exec-8] c.c.d.aspect.BusinessLogAspect           : [业务] 挂号下单 - ScheduleServiceImpl.deductAvailableNum - 扣减号源库存
2026-03-29T22:40:17.014+08:00  INFO 27824 --- [user-service] [http-nio-9003-exec-10] c.c.u.aspect.BusinessLogAspect           : ========== 业务操作开始 ==========
2026-03-29T22:40:17.014+08:00  INFO 27824 --- [user-service] [http-nio-9003-exec-10] c.c.u.aspect.BusinessLogAspect           : 时间：2026-03-29 22:40:17.014
2026-03-29T22:40:17.014+08:00  INFO 27824 --- [user-service] [http-nio-9003-exec-10] c.c.u.aspect.BusinessLogAspect           : 接口：GET /user/patient/list
2026-03-29T22:40:17.014+08:00  INFO 27824 --- [user-service] [http-nio-9003-exec-10] c.c.u.aspect.BusinessLogAspect           : 类名：PatientServiceImpl.getPatients
2026-03-29T22:40:17.014+08:00  INFO 27824 --- [user-service] [http-nio-9003-exec-10] c.c.u.aspect.BusinessLogAspect           : 业务描述：查询就诊人列表
2026-03-29T22:40:17.014+08:00  INFO 27824 --- [user-service] [http-nio-9003-exec-10] c.c.u.aspect.BusinessLogAspect           : 业务类型：就诊人管理
2026-03-29T22:40:17.014+08:00  INFO 27824 --- [user-service] [http-nio-9003-exec-10] c.c.u.aspect.BusinessLogAspect           : 请求参数：[2038062241085591554]
2026-03-29T22:40:17.017+08:00  INFO 27824 --- [user-service] [http-nio-9003-exec-10] c.c.u.aspect.BusinessLogAspect           : ========== 业务操作结束 ==========
2026-03-29T22:40:17.017+08:00  INFO 27824 --- [user-service] [http-nio-9003-exec-10] c.c.u.aspect.BusinessLogAspect           : 执行耗时：3ms
2026-03-29T22:40:17.017+08:00  INFO 27824 --- [user-service] [http-nio-9003-exec-10] c.c.u.aspect.BusinessLogAspect           : 执行状态：成功
2026-03-29T22:40:17.040+08:00  INFO 35016 --- [order-service] [http-nio-9004-exec-6] c.c.o.aspect.BusinessLogAspect           : ========== 业务操作结束 ==========
2026-03-29T22:40:17.040+08:00  INFO 35016 --- [order-service] [http-nio-9004-exec-6] c.c.o.aspect.BusinessLogAspect           : 执行耗时：39ms
2026-03-29T22:40:17.040+08:00  INFO 35016 --- [order-service] [http-nio-9004-exec-6] c.c.o.aspect.BusinessLogAspect           : 执行状态：成功
2026-03-29T22:40:44.215+08:00  INFO 13880 --- [doctor-service] [http-nio-9002-exec-1] c.c.d.aspect.BusinessLogAspect           : [业务] 排班查询 - ScheduleServiceImpl.findDetailByDate - 查询排班详情（缓存优化）
2026-03-29T22:40:45.717+08:00  INFO 27824 --- [user-service] [http-nio-9003-exec-1] c.c.u.aspect.BusinessLogAspect           : ========== 业务操作开始 ==========
2026-03-29T22:40:45.717+08:00  INFO 27824 --- [user-service] [http-nio-9003-exec-1] c.c.u.aspect.BusinessLogAspect           : 时间：2026-03-29 22:40:45.717
2026-03-29T22:40:45.718+08:00  INFO 27824 --- [user-service] [http-nio-9003-exec-1] c.c.u.aspect.BusinessLogAspect           : 接口：GET /user/patient/list
2026-03-29T22:40:45.719+08:00  INFO 27824 --- [user-service] [http-nio-9003-exec-1] c.c.u.aspect.BusinessLogAspect           : 类名：PatientServiceImpl.getPatients
2026-03-29T22:40:45.719+08:00  INFO 27824 --- [user-service] [http-nio-9003-exec-1] c.c.u.aspect.BusinessLogAspect           : 业务描述：查询就诊人列表
2026-03-29T22:40:45.719+08:00  INFO 27824 --- [user-service] [http-nio-9003-exec-1] c.c.u.aspect.BusinessLogAspect           : 业务类型：就诊人管理
2026-03-29T22:40:45.719+08:00  INFO 27824 --- [user-service] [http-nio-9003-exec-1] c.c.u.aspect.BusinessLogAspect           : 请求参数：[2038244988630581249]
2026-03-29T22:40:45.724+08:00  INFO 27824 --- [user-service] [http-nio-9003-exec-1] c.c.u.aspect.BusinessLogAspect           : ========== 业务操作结束 ==========
2026-03-29T22:40:45.724+08:00  INFO 27824 --- [user-service] [http-nio-9003-exec-1] c.c.u.aspect.BusinessLogAspect           : 执行耗时：5ms
2026-03-29T22:40:45.724+08:00  INFO 27824 --- [user-service] [http-nio-9003-exec-1] c.c.u.aspect.BusinessLogAspect           : 执行状态：成功
2026-03-29T22:40:46.800+08:00  INFO 35016 --- [order-service] [http-nio-9004-exec-7] c.c.o.aspect.BusinessLogAspect           : ========== 业务操作开始 ==========
2026-03-29T22:40:46.800+08:00  INFO 35016 --- [order-service] [http-nio-9004-exec-7] c.c.o.aspect.BusinessLogAspect           : 时间：2026-03-29 22:40:46.800
2026-03-29T22:40:46.800+08:00  INFO 35016 --- [order-service] [http-nio-9004-exec-7] c.c.o.aspect.BusinessLogAspect           : 接口：POST /order/create
2026-03-29T22:40:46.800+08:00  INFO 35016 --- [order-service] [http-nio-9004-exec-7] c.c.o.aspect.BusinessLogAspect           : 类名：OrderServiceImpl.createOrder
2026-03-29T22:40:46.800+08:00  INFO 35016 --- [order-service] [http-nio-9004-exec-7] c.c.o.aspect.BusinessLogAspect           : 业务描述：创建订单（MQ 异步）
2026-03-29T22:40:46.800+08:00  INFO 35016 --- [order-service] [http-nio-9004-exec-7] c.c.o.aspect.BusinessLogAspect           : 业务类型：订单管理
2026-03-29T22:40:46.800+08:00  INFO 35016 --- [order-service] [http-nio-9004-exec-7] c.c.o.aspect.BusinessLogAspect           : 请求参数：[2038244988630581249,6821689192093854000,202603292037]
2026-03-29T22:40:46.804+08:00  INFO 13880 --- [doctor-service] [http-nio-9002-exec-5] c.c.d.aspect.BusinessLogAspect           : [业务] 挂号下单 - ScheduleServiceImpl.deductAvailableNum - 扣减号源库存
2026-03-29T22:40:46.820+08:00  INFO 27824 --- [user-service] [http-nio-9003-exec-2] c.c.u.aspect.BusinessLogAspect           : ========== 业务操作开始 ==========
2026-03-29T22:40:46.820+08:00  INFO 27824 --- [user-service] [http-nio-9003-exec-2] c.c.u.aspect.BusinessLogAspect           : 时间：2026-03-29 22:40:46.820
2026-03-29T22:40:46.820+08:00  INFO 27824 --- [user-service] [http-nio-9003-exec-2] c.c.u.aspect.BusinessLogAspect           : 接口：GET /user/patient/list
2026-03-29T22:40:46.820+08:00  INFO 27824 --- [user-service] [http-nio-9003-exec-2] c.c.u.aspect.BusinessLogAspect           : 类名：PatientServiceImpl.getPatients
2026-03-29T22:40:46.820+08:00  INFO 27824 --- [user-service] [http-nio-9003-exec-2] c.c.u.aspect.BusinessLogAspect           : 业务描述：查询就诊人列表
2026-03-29T22:40:46.820+08:00  INFO 27824 --- [user-service] [http-nio-9003-exec-2] c.c.u.aspect.BusinessLogAspect           : 业务类型：就诊人管理
2026-03-29T22:40:46.820+08:00  INFO 27824 --- [user-service] [http-nio-9003-exec-2] c.c.u.aspect.BusinessLogAspect           : 请求参数：[2038244988630581249]
2026-03-29T22:40:46.823+08:00  INFO 27824 --- [user-service] [http-nio-9003-exec-2] c.c.u.aspect.BusinessLogAspect           : ========== 业务操作结束 ==========
2026-03-29T22:40:46.823+08:00  INFO 27824 --- [user-service] [http-nio-9003-exec-2] c.c.u.aspect.BusinessLogAspect           : 执行耗时：3ms
2026-03-29T22:40:46.823+08:00  INFO 27824 --- [user-service] [http-nio-9003-exec-2] c.c.u.aspect.BusinessLogAspect           : 执行状态：成功
2026-03-29T22:40:46.826+08:00  INFO 35016 --- [order-service] [http-nio-9004-exec-7] c.c.o.aspect.BusinessLogAspect           : ========== 业务操作结束 ==========
2026-03-29T22:40:46.826+08:00  INFO 35016 --- [order-service] [http-nio-9004-exec-7] c.c.o.aspect.BusinessLogAspect           : 执行耗时：26ms
2026-03-29T22:40:46.826+08:00  INFO 35016 --- [order-service] [http-nio-9004-exec-7] c.c.o.aspect.BusinessLogAspect           : 执行状态：成功
2026-03-29T22:40:47.812+08:00  INFO 13880 --- [doctor-service] [http-nio-9002-exec-6] c.c.d.aspect.BusinessLogAspect           : [业务] 排班查询 - ScheduleServiceImpl.findDetailByDate - 查询排班详情（缓存优化）
2026-03-29T22:41:35.779+08:00  INFO 35016 --- [order-service] [http-nio-9004-exec-8] c.c.o.aspect.BusinessLogAspect           : ========== 业务操作开始 ==========
2026-03-29T22:41:35.779+08:00  INFO 35016 --- [order-service] [http-nio-9004-exec-8] c.c.o.aspect.BusinessLogAspect           : 时间：2026-03-29 22:41:35.779
2026-03-29T22:41:35.779+08:00  INFO 35016 --- [order-service] [http-nio-9004-exec-8] c.c.o.aspect.BusinessLogAspect           : 接口：POST /order/create
2026-03-29T22:41:35.779+08:00  INFO 35016 --- [order-service] [http-nio-9004-exec-8] c.c.o.aspect.BusinessLogAspect           : 类名：OrderServiceImpl.createOrder
2026-03-29T22:41:35.779+08:00  INFO 35016 --- [order-service] [http-nio-9004-exec-8] c.c.o.aspect.BusinessLogAspect           : 业务描述：创建订单（MQ 异步）
2026-03-29T22:41:35.779+08:00  INFO 35016 --- [order-service] [http-nio-9004-exec-8] c.c.o.aspect.BusinessLogAspect           : 业务类型：订单管理
2026-03-29T22:41:35.779+08:00  INFO 35016 --- [order-service] [http-nio-9004-exec-8] c.c.o.aspect.BusinessLogAspect           : 请求参数：[2038062241085591554,409525316297859870,202604092099]
2026-03-29T22:41:35.781+08:00  INFO 13880 --- [doctor-service] [http-nio-9002-exec-7] c.c.d.aspect.BusinessLogAspect           : [业务] 挂号下单 - ScheduleServiceImpl.deductAvailableNum - 扣减号源库存
2026-03-29T22:41:35.789+08:00  INFO 27824 --- [user-service] [http-nio-9003-exec-3] c.c.u.aspect.BusinessLogAspect           : ========== 业务操作开始 ==========
2026-03-29T22:41:35.790+08:00  INFO 27824 --- [user-service] [http-nio-9003-exec-3] c.c.u.aspect.BusinessLogAspect           : 时间：2026-03-29 22:41:35.789
2026-03-29T22:41:35.790+08:00  INFO 27824 --- [user-service] [http-nio-9003-exec-3] c.c.u.aspect.BusinessLogAspect           : 接口：GET /user/patient/list
2026-03-29T22:41:35.790+08:00  INFO 27824 --- [user-service] [http-nio-9003-exec-3] c.c.u.aspect.BusinessLogAspect           : 类名：PatientServiceImpl.getPatients
2026-03-29T22:41:35.790+08:00  INFO 27824 --- [user-service] [http-nio-9003-exec-3] c.c.u.aspect.BusinessLogAspect           : 业务描述：查询就诊人列表
2026-03-29T22:41:35.790+08:00  INFO 27824 --- [user-service] [http-nio-9003-exec-3] c.c.u.aspect.BusinessLogAspect           : 业务类型：就诊人管理
2026-03-29T22:41:35.790+08:00  INFO 27824 --- [user-service] [http-nio-9003-exec-3] c.c.u.aspect.BusinessLogAspect           : 请求参数：[2038062241085591554]
2026-03-29T22:41:35.792+08:00  INFO 27824 --- [user-service] [http-nio-9003-exec-3] c.c.u.aspect.BusinessLogAspect           : ========== 业务操作结束 ==========
2026-03-29T22:41:35.792+08:00  INFO 27824 --- [user-service] [http-nio-9003-exec-3] c.c.u.aspect.BusinessLogAspect           : 执行耗时：2ms
2026-03-29T22:41:35.792+08:00  INFO 27824 --- [user-service] [http-nio-9003-exec-3] c.c.u.aspect.BusinessLogAspect           : 执行状态：成功
2026-03-29T22:41:35.809+08:00  INFO 35016 --- [order-service] [http-nio-9004-exec-8] c.c.o.aspect.BusinessLogAspect           : ========== 业务操作结束 ==========
2026-03-29T22:41:35.809+08:00  INFO 35016 --- [order-service] [http-nio-9004-exec-8] c.c.o.aspect.BusinessLogAspect           : 执行耗时：30ms
2026-03-29T22:41:35.809+08:00  INFO 35016 --- [order-service] [http-nio-9004-exec-8] c.c.o.aspect.BusinessLogAspect           : 执行状态：成功
2026-03-29T22:41:50.163+08:00  INFO 35016 --- [order-service] [http-nio-9004-exec-9] c.c.o.aspect.BusinessLogAspect           : ========== 业务操作开始 ==========
2026-03-29T22:41:50.163+08:00  INFO 35016 --- [order-service] [http-nio-9004-exec-9] c.c.o.aspect.BusinessLogAspect           : 时间：2026-03-29 22:41:50.163
2026-03-29T22:41:50.163+08:00  INFO 35016 --- [order-service] [http-nio-9004-exec-9] c.c.o.aspect.BusinessLogAspect           : 接口：POST /order/create
2026-03-29T22:41:50.163+08:00  INFO 35016 --- [order-service] [http-nio-9004-exec-9] c.c.o.aspect.BusinessLogAspect           : 类名：OrderServiceImpl.createOrder
2026-03-29T22:41:50.163+08:00  INFO 35016 --- [order-service] [http-nio-9004-exec-9] c.c.o.aspect.BusinessLogAspect           : 业务描述：创建订单（MQ 异步）
2026-03-29T22:41:50.163+08:00  INFO 35016 --- [order-service] [http-nio-9004-exec-9] c.c.o.aspect.BusinessLogAspect           : 业务类型：订单管理
2026-03-29T22:41:50.163+08:00  INFO 35016 --- [order-service] [http-nio-9004-exec-9] c.c.o.aspect.BusinessLogAspect           : 请求参数：[2038062241085591554,409525316297859870,202604092099]
2026-03-29T22:41:50.165+08:00  INFO 13880 --- [doctor-service] [http-nio-9002-exec-3] c.c.d.aspect.BusinessLogAspect           : [业务] 挂号下单 - ScheduleServiceImpl.deductAvailableNum - 扣减号源库存
2026-03-29T22:41:50.173+08:00  INFO 27824 --- [user-service] [http-nio-9003-exec-5] c.c.u.aspect.BusinessLogAspect           : ========== 业务操作开始 ==========
2026-03-29T22:41:50.173+08:00  INFO 27824 --- [user-service] [http-nio-9003-exec-5] c.c.u.aspect.BusinessLogAspect           : 时间：2026-03-29 22:41:50.173
2026-03-29T22:41:50.173+08:00  INFO 27824 --- [user-service] [http-nio-9003-exec-5] c.c.u.aspect.BusinessLogAspect           : 接口：GET /user/patient/list
2026-03-29T22:41:50.173+08:00  INFO 27824 --- [user-service] [http-nio-9003-exec-5] c.c.u.aspect.BusinessLogAspect           : 类名：PatientServiceImpl.getPatients
2026-03-29T22:41:50.173+08:00  INFO 27824 --- [user-service] [http-nio-9003-exec-5] c.c.u.aspect.BusinessLogAspect           : 业务描述：查询就诊人列表
2026-03-29T22:41:50.173+08:00  INFO 27824 --- [user-service] [http-nio-9003-exec-5] c.c.u.aspect.BusinessLogAspect           : 业务类型：就诊人管理
2026-03-29T22:41:50.173+08:00  INFO 27824 --- [user-service] [http-nio-9003-exec-5] c.c.u.aspect.BusinessLogAspect           : 请求参数：[2038062241085591554]
2026-03-29T22:41:50.176+08:00  INFO 27824 --- [user-service] [http-nio-9003-exec-5] c.c.u.aspect.BusinessLogAspect           : ========== 业务操作结束 ==========
2026-03-29T22:41:50.176+08:00  INFO 27824 --- [user-service] [http-nio-9003-exec-5] c.c.u.aspect.BusinessLogAspect           : 执行耗时：2ms
2026-03-29T22:41:50.176+08:00  INFO 27824 --- [user-service] [http-nio-9003-exec-5] c.c.u.aspect.BusinessLogAspect           : 执行状态：成功
2026-03-29T22:41:50.191+08:00  INFO 35016 --- [order-service] [http-nio-9004-exec-9] c.c.o.aspect.BusinessLogAspect           : ========== 业务操作结束 ==========
2026-03-29T22:41:50.191+08:00  INFO 35016 --- [order-service] [http-nio-9004-exec-9] c.c.o.aspect.BusinessLogAspect           : 执行耗时：28ms
2026-03-29T22:41:50.191+08:00  INFO 35016 --- [order-service] [http-nio-9004-exec-9] c.c.o.aspect.BusinessLogAspect           : 执行状态：成功
2026-03-29T22:42:05.146+08:00  INFO 13880 --- [doctor-service] [http-nio-9002-exec-8] c.c.d.aspect.BusinessLogAspect           : [业务] 排班查询 - ScheduleServiceImpl.findDetailByDate - 查询排班详情（缓存优化）
2026-03-29T22:42:07.208+08:00  INFO 27824 --- [user-service] [http-nio-9003-exec-7] c.c.u.aspect.BusinessLogAspect           : ========== 业务操作开始 ==========
2026-03-29T22:42:07.208+08:00  INFO 27824 --- [user-service] [http-nio-9003-exec-7] c.c.u.aspect.BusinessLogAspect           : 时间：2026-03-29 22:42:07.208
2026-03-29T22:42:07.208+08:00  INFO 27824 --- [user-service] [http-nio-9003-exec-7] c.c.u.aspect.BusinessLogAspect           : 接口：GET /user/patient/list
2026-03-29T22:42:07.208+08:00  INFO 27824 --- [user-service] [http-nio-9003-exec-7] c.c.u.aspect.BusinessLogAspect           : 类名：PatientServiceImpl.getPatients
2026-03-29T22:42:07.208+08:00  INFO 27824 --- [user-service] [http-nio-9003-exec-7] c.c.u.aspect.BusinessLogAspect           : 业务描述：查询就诊人列表
2026-03-29T22:42:07.208+08:00  INFO 27824 --- [user-service] [http-nio-9003-exec-7] c.c.u.aspect.BusinessLogAspect           : 业务类型：就诊人管理
2026-03-29T22:42:07.208+08:00  INFO 27824 --- [user-service] [http-nio-9003-exec-7] c.c.u.aspect.BusinessLogAspect           : 请求参数：[2038244988630581249]
2026-03-29T22:42:07.210+08:00  INFO 27824 --- [user-service] [http-nio-9003-exec-7] c.c.u.aspect.BusinessLogAspect           : ========== 业务操作结束 ==========
2026-03-29T22:42:07.210+08:00  INFO 27824 --- [user-service] [http-nio-9003-exec-7] c.c.u.aspect.BusinessLogAspect           : 执行耗时：2ms
2026-03-29T22:42:07.211+08:00  INFO 27824 --- [user-service] [http-nio-9003-exec-7] c.c.u.aspect.BusinessLogAspect           : 执行状态：成功
2026-03-29T22:42:08.098+08:00  INFO 35016 --- [order-service] [http-nio-9004-exec-10] c.c.o.aspect.BusinessLogAspect           : ========== 业务操作开始 ==========
2026-03-29T22:42:08.098+08:00  INFO 35016 --- [order-service] [http-nio-9004-exec-10] c.c.o.aspect.BusinessLogAspect           : 时间：2026-03-29 22:42:08.098
2026-03-29T22:42:08.098+08:00  INFO 35016 --- [order-service] [http-nio-9004-exec-10] c.c.o.aspect.BusinessLogAspect           : 接口：POST /order/create
2026-03-29T22:42:08.098+08:00  INFO 35016 --- [order-service] [http-nio-9004-exec-10] c.c.o.aspect.BusinessLogAspect           : 类名：OrderServiceImpl.createOrder
2026-03-29T22:42:08.098+08:00  INFO 35016 --- [order-service] [http-nio-9004-exec-10] c.c.o.aspect.BusinessLogAspect           : 业务描述：创建订单（MQ 异步）
2026-03-29T22:42:08.098+08:00  INFO 35016 --- [order-service] [http-nio-9004-exec-10] c.c.o.aspect.BusinessLogAspect           : 业务类型：订单管理
2026-03-29T22:42:08.098+08:00  INFO 35016 --- [order-service] [http-nio-9004-exec-10] c.c.o.aspect.BusinessLogAspect           : 请求参数：[2038244988630581249,6821689192093854000,202603292068]
2026-03-29T22:42:08.102+08:00  INFO 13880 --- [doctor-service] [http-nio-9002-exec-4] c.c.d.aspect.BusinessLogAspect           : [业务] 挂号下单 - ScheduleServiceImpl.deductAvailableNum - 扣减号源库存
2026-03-29T22:42:08.118+08:00  INFO 27824 --- [user-service] [http-nio-9003-exec-8] c.c.u.aspect.BusinessLogAspect           : ========== 业务操作开始 ==========
2026-03-29T22:42:08.118+08:00  INFO 27824 --- [user-service] [http-nio-9003-exec-8] c.c.u.aspect.BusinessLogAspect           : 时间：2026-03-29 22:42:08.118
2026-03-29T22:42:08.118+08:00  INFO 27824 --- [user-service] [http-nio-9003-exec-8] c.c.u.aspect.BusinessLogAspect           : 接口：GET /user/patient/list
2026-03-29T22:42:08.118+08:00  INFO 27824 --- [user-service] [http-nio-9003-exec-8] c.c.u.aspect.BusinessLogAspect           : 类名：PatientServiceImpl.getPatients
2026-03-29T22:42:08.118+08:00  INFO 27824 --- [user-service] [http-nio-9003-exec-8] c.c.u.aspect.BusinessLogAspect           : 业务描述：查询就诊人列表
2026-03-29T22:42:08.118+08:00  INFO 27824 --- [user-service] [http-nio-9003-exec-8] c.c.u.aspect.BusinessLogAspect           : 业务类型：就诊人管理
2026-03-29T22:42:08.118+08:00  INFO 27824 --- [user-service] [http-nio-9003-exec-8] c.c.u.aspect.BusinessLogAspect           : 请求参数：[2038244988630581249]
2026-03-29T22:42:08.120+08:00  INFO 27824 --- [user-service] [http-nio-9003-exec-8] c.c.u.aspect.BusinessLogAspect           : ========== 业务操作结束 ==========
2026-03-29T22:42:08.120+08:00  INFO 27824 --- [user-service] [http-nio-9003-exec-8] c.c.u.aspect.BusinessLogAspect           : 执行耗时：2ms
2026-03-29T22:42:08.120+08:00  INFO 27824 --- [user-service] [http-nio-9003-exec-8] c.c.u.aspect.BusinessLogAspect           : 执行状态：成功
2026-03-29T22:42:08.122+08:00  INFO 35016 --- [order-service] [http-nio-9004-exec-10] c.c.o.aspect.BusinessLogAspect           : ========== 业务操作结束 ==========
2026-03-29T22:42:08.122+08:00  INFO 35016 --- [order-service] [http-nio-9004-exec-10] c.c.o.aspect.BusinessLogAspect           : 执行耗时：24ms
2026-03-29T22:42:08.122+08:00  INFO 35016 --- [order-service] [http-nio-9004-exec-10] c.c.o.aspect.BusinessLogAspect           : 执行状态：成功
2026-03-29T22:42:08.991+08:00  INFO 13880 --- [doctor-service] [http-nio-9002-exec-1] c.c.d.aspect.BusinessLogAspect           : [业务] 排班查询 - ScheduleServiceImpl.findDetailByDate - 查询排班详情（缓存优化）
2026-03-29T22:42:56.403+08:00  INFO 13880 --- [doctor-service] [http-nio-9002-exec-5] c.c.d.aspect.BusinessLogAspect           : [业务] 排班查询 - ScheduleServiceImpl.findDetailByDate - 查询排班详情（缓存优化）
2026-03-29T22:43:45.097+08:00  INFO 13880 --- [doctor-service] [http-nio-9002-exec-7] c.c.d.aspect.BusinessLogAspect           : [业务] 排班查询 - ScheduleServiceImpl.findDetailByDate - 查询排班详情（缓存优化）
2026-03-29T22:46:02.252+08:00  INFO 13880 --- [doctor-service] [http-nio-9002-exec-2] c.c.d.aspect.BusinessLogAspect           : [业务] 排班查询 - ScheduleServiceImpl.findDetailByDate - 查询排班详情（缓存优化）
2026-03-29T22:48:38.733+08:00  INFO 13880 --- [doctor-service] [http-nio-9002-exec-9] c.c.d.aspect.BusinessLogAspect           : [业务] 排班查询 - ScheduleServiceImpl.findDetailByDate - 查询排班详情（缓存优化）
2026-03-29T22:51:03.672+08:00  INFO 13880 --- [doctor-service] [http-nio-9002-exec-4] c.c.d.aspect.BusinessLogAspect           : [业务] 排班查询 - ScheduleServiceImpl.findDetailByDate - 查询排班详情（缓存优化）
2026-03-29T22:51:05.749+08:00  INFO 35016 --- [order-service] [http-nio-9004-exec-2] c.c.o.aspect.BusinessLogAspect           : ========== 业务操作开始 ==========
2026-03-29T22:51:05.750+08:00  INFO 35016 --- [order-service] [http-nio-9004-exec-2] c.c.o.aspect.BusinessLogAspect           : 时间：2026-03-29 22:51:05.750
2026-03-29T22:51:05.750+08:00  INFO 35016 --- [order-service] [http-nio-9004-exec-2] c.c.o.aspect.BusinessLogAspect           : 接口：GET /order/list
2026-03-29T22:51:05.750+08:00  INFO 35016 --- [order-service] [http-nio-9004-exec-2] c.c.o.aspect.BusinessLogAspect           : 类名：OrderServiceImpl.getOrders
2026-03-29T22:51:05.750+08:00  INFO 35016 --- [order-service] [http-nio-9004-exec-2] c.c.o.aspect.BusinessLogAspect           : 业务描述：查询用户订单列表
2026-03-29T22:51:05.750+08:00  INFO 35016 --- [order-service] [http-nio-9004-exec-2] c.c.o.aspect.BusinessLogAspect           : 业务类型：订单查询
2026-03-29T22:51:05.750+08:00  INFO 35016 --- [order-service] [http-nio-9004-exec-2] c.c.o.aspect.BusinessLogAspect           : 请求参数：[2038244988630581249]
2026-03-29T22:51:05.758+08:00  INFO 35016 --- [order-service] [http-nio-9004-exec-2] c.c.o.aspect.BusinessLogAspect           : ========== 业务操作结束 ==========
2026-03-29T22:51:05.758+08:00  INFO 35016 --- [order-service] [http-nio-9004-exec-2] c.c.o.aspect.BusinessLogAspect           : 执行耗时：8ms
2026-03-29T22:51:05.758+08:00  INFO 35016 --- [order-service] [http-nio-9004-exec-2] c.c.o.aspect.BusinessLogAspect           : 执行状态：成功
2026-03-29T22:51:06.169+08:00  INFO 13880 --- [doctor-service] [http-nio-9002-exec-1] c.c.d.aspect.BusinessLogAspect           : [业务] 排班查询 - ScheduleServiceImpl.findDetailByDate - 查询排班详情（缓存优化）
2026-03-29T22:51:07.030+08:00  INFO 27824 --- [user-service] [http-nio-9003-exec-10] c.c.u.aspect.BusinessLogAspect           : ========== 业务操作开始 ==========
2026-03-29T22:51:07.030+08:00  INFO 27824 --- [user-service] [http-nio-9003-exec-10] c.c.u.aspect.BusinessLogAspect           : 时间：2026-03-29 22:51:07.030
2026-03-29T22:51:07.030+08:00  INFO 27824 --- [user-service] [http-nio-9003-exec-10] c.c.u.aspect.BusinessLogAspect           : 接口：GET /user/patient/list
2026-03-29T22:51:07.030+08:00  INFO 27824 --- [user-service] [http-nio-9003-exec-10] c.c.u.aspect.BusinessLogAspect           : 类名：PatientServiceImpl.getPatients
2026-03-29T22:51:07.030+08:00  INFO 27824 --- [user-service] [http-nio-9003-exec-10] c.c.u.aspect.BusinessLogAspect           : 业务描述：查询就诊人列表
2026-03-29T22:51:07.030+08:00  INFO 27824 --- [user-service] [http-nio-9003-exec-10] c.c.u.aspect.BusinessLogAspect           : 业务类型：就诊人管理
2026-03-29T22:51:07.030+08:00  INFO 27824 --- [user-service] [http-nio-9003-exec-10] c.c.u.aspect.BusinessLogAspect           : 请求参数：[2038244988630581249]
2026-03-29T22:51:07.034+08:00  INFO 27824 --- [user-service] [http-nio-9003-exec-10] c.c.u.aspect.BusinessLogAspect           : ========== 业务操作结束 ==========
2026-03-29T22:51:07.034+08:00  INFO 27824 --- [user-service] [http-nio-9003-exec-10] c.c.u.aspect.BusinessLogAspect           : 执行耗时：4ms
2026-03-29T22:51:07.034+08:00  INFO 27824 --- [user-service] [http-nio-9003-exec-10] c.c.u.aspect.BusinessLogAspect           : 执行状态：成功
2026-03-29T22:51:08.243+08:00  INFO 35016 --- [order-service] [http-nio-9004-exec-4] c.c.o.aspect.BusinessLogAspect           : ========== 业务操作开始 ==========
2026-03-29T22:51:08.243+08:00  INFO 35016 --- [order-service] [http-nio-9004-exec-4] c.c.o.aspect.BusinessLogAspect           : 时间：2026-03-29 22:51:08.243
2026-03-29T22:51:08.243+08:00  INFO 35016 --- [order-service] [http-nio-9004-exec-4] c.c.o.aspect.BusinessLogAspect           : 接口：POST /order/create
2026-03-29T22:51:08.243+08:00  INFO 35016 --- [order-service] [http-nio-9004-exec-4] c.c.o.aspect.BusinessLogAspect           : 类名：OrderServiceImpl.createOrder
2026-03-29T22:51:08.243+08:00  INFO 35016 --- [order-service] [http-nio-9004-exec-4] c.c.o.aspect.BusinessLogAspect           : 业务描述：创建订单（MQ 异步）
2026-03-29T22:51:08.243+08:00  INFO 35016 --- [order-service] [http-nio-9004-exec-4] c.c.o.aspect.BusinessLogAspect           : 业务类型：订单管理
2026-03-29T22:51:08.243+08:00  INFO 35016 --- [order-service] [http-nio-9004-exec-4] c.c.o.aspect.BusinessLogAspect           : 请求参数：[2038244988630581249,6821689192093854000,202603292037]
2026-03-29T22:51:08.245+08:00  INFO 13880 --- [doctor-service] [http-nio-9002-exec-5] c.c.d.aspect.BusinessLogAspect           : [业务] 挂号下单 - ScheduleServiceImpl.deductAvailableNum - 扣减号源库存
2026-03-29T22:51:08.259+08:00  INFO 27824 --- [user-service] [http-nio-9003-exec-1] c.c.u.aspect.BusinessLogAspect           : ========== 业务操作开始 ==========
2026-03-29T22:51:08.259+08:00  INFO 27824 --- [user-service] [http-nio-9003-exec-1] c.c.u.aspect.BusinessLogAspect           : 时间：2026-03-29 22:51:08.259
2026-03-29T22:51:08.259+08:00  INFO 27824 --- [user-service] [http-nio-9003-exec-1] c.c.u.aspect.BusinessLogAspect           : 接口：GET /user/patient/list
2026-03-29T22:51:08.259+08:00  INFO 27824 --- [user-service] [http-nio-9003-exec-1] c.c.u.aspect.BusinessLogAspect           : 类名：PatientServiceImpl.getPatients
2026-03-29T22:51:08.259+08:00  INFO 27824 --- [user-service] [http-nio-9003-exec-1] c.c.u.aspect.BusinessLogAspect           : 业务描述：查询就诊人列表
2026-03-29T22:51:08.259+08:00  INFO 27824 --- [user-service] [http-nio-9003-exec-1] c.c.u.aspect.BusinessLogAspect           : 业务类型：就诊人管理
2026-03-29T22:51:08.259+08:00  INFO 27824 --- [user-service] [http-nio-9003-exec-1] c.c.u.aspect.BusinessLogAspect           : 请求参数：[2038244988630581249]
2026-03-29T22:51:08.261+08:00  INFO 27824 --- [user-service] [http-nio-9003-exec-1] c.c.u.aspect.BusinessLogAspect           : ========== 业务操作结束 ==========
2026-03-29T22:51:08.261+08:00  INFO 27824 --- [user-service] [http-nio-9003-exec-1] c.c.u.aspect.BusinessLogAspect           : 执行耗时：2ms
2026-03-29T22:51:08.262+08:00  INFO 27824 --- [user-service] [http-nio-9003-exec-1] c.c.u.aspect.BusinessLogAspect           : 执行状态：成功
2026-03-29T22:51:08.265+08:00  INFO 35016 --- [order-service] [http-nio-9004-exec-4] c.c.o.aspect.BusinessLogAspect           : ========== 业务操作结束 ==========
2026-03-29T22:51:08.265+08:00  INFO 35016 --- [order-service] [http-nio-9004-exec-4] c.c.o.aspect.BusinessLogAspect           : 执行耗时：22ms
2026-03-29T22:51:08.265+08:00  INFO 35016 --- [order-service] [http-nio-9004-exec-4] c.c.o.aspect.BusinessLogAspect           : 执行状态：成功
2026-03-29T22:51:09.096+08:00  INFO 13880 --- [doctor-service] [http-nio-9002-exec-6] c.c.d.aspect.BusinessLogAspect           : [业务] 排班查询 - ScheduleServiceImpl.findDetailByDate - 查询排班详情（缓存优化）
2026-03-29T22:51:09.795+08:00  INFO 35016 --- [order-service] [http-nio-9004-exec-3] c.c.o.aspect.BusinessLogAspect           : ========== 业务操作开始 ==========
2026-03-29T22:51:09.796+08:00  INFO 35016 --- [order-service] [http-nio-9004-exec-3] c.c.o.aspect.BusinessLogAspect           : 时间：2026-03-29 22:51:09.796
2026-03-29T22:51:09.796+08:00  INFO 35016 --- [order-service] [http-nio-9004-exec-3] c.c.o.aspect.BusinessLogAspect           : 接口：GET /order/list
2026-03-29T22:51:09.796+08:00  INFO 35016 --- [order-service] [http-nio-9004-exec-3] c.c.o.aspect.BusinessLogAspect           : 类名：OrderServiceImpl.getOrders
2026-03-29T22:51:09.796+08:00  INFO 35016 --- [order-service] [http-nio-9004-exec-3] c.c.o.aspect.BusinessLogAspect           : 业务描述：查询用户订单列表
2026-03-29T22:51:09.796+08:00  INFO 35016 --- [order-service] [http-nio-9004-exec-3] c.c.o.aspect.BusinessLogAspect           : 业务类型：订单查询
2026-03-29T22:51:09.796+08:00  INFO 35016 --- [order-service] [http-nio-9004-exec-3] c.c.o.aspect.BusinessLogAspect           : 请求参数：[2038244988630581249]
2026-03-29T22:51:09.804+08:00  INFO 35016 --- [order-service] [http-nio-9004-exec-3] c.c.o.aspect.BusinessLogAspect           : ========== 业务操作结束 ==========
2026-03-29T22:51:09.804+08:00  INFO 35016 --- [order-service] [http-nio-9004-exec-3] c.c.o.aspect.BusinessLogAspect           : 执行耗时：8ms
2026-03-29T22:51:09.804+08:00  INFO 35016 --- [order-service] [http-nio-9004-exec-3] c.c.o.aspect.BusinessLogAspect           : 执行状态：成功
2026-03-29T22:51:12.207+08:00  INFO 35016 --- [order-service] [http-nio-9004-exec-5] c.c.o.aspect.BusinessLogAspect           : ========== 业务操作开始 ==========
2026-03-29T22:51:12.207+08:00  INFO 35016 --- [order-service] [http-nio-9004-exec-5] c.c.o.aspect.BusinessLogAspect           : 时间：2026-03-29 22:51:12.207
2026-03-29T22:51:12.207+08:00  INFO 35016 --- [order-service] [http-nio-9004-exec-5] c.c.o.aspect.BusinessLogAspect           : 接口：GET /order/list
2026-03-29T22:51:12.207+08:00  INFO 35016 --- [order-service] [http-nio-9004-exec-5] c.c.o.aspect.BusinessLogAspect           : 类名：OrderServiceImpl.getOrders
2026-03-29T22:51:12.208+08:00  INFO 35016 --- [order-service] [http-nio-9004-exec-5] c.c.o.aspect.BusinessLogAspect           : 业务描述：查询用户订单列表
2026-03-29T22:51:12.208+08:00  INFO 35016 --- [order-service] [http-nio-9004-exec-5] c.c.o.aspect.BusinessLogAspect           : 业务类型：订单查询
2026-03-29T22:51:12.208+08:00  INFO 35016 --- [order-service] [http-nio-9004-exec-5] c.c.o.aspect.BusinessLogAspect           : 请求参数：[2038244988630581249]
2026-03-29T22:51:12.216+08:00  INFO 35016 --- [order-service] [http-nio-9004-exec-5] c.c.o.aspect.BusinessLogAspect           : ========== 业务操作结束 ==========
2026-03-29T22:51:12.216+08:00  INFO 35016 --- [order-service] [http-nio-9004-exec-5] c.c.o.aspect.BusinessLogAspect           : 执行耗时：8ms
2026-03-29T22:51:12.216+08:00  INFO 35016 --- [order-service] [http-nio-9004-exec-5] c.c.o.aspect.BusinessLogAspect           : 执行状态：成功
2026-03-29T22:51:12.334+08:00  INFO 35016 --- [order-service] [http-nio-9004-exec-6] c.c.o.aspect.BusinessLogAspect           : ========== 业务操作开始 ==========
2026-03-29T22:51:12.334+08:00  INFO 35016 --- [order-service] [http-nio-9004-exec-6] c.c.o.aspect.BusinessLogAspect           : 时间：2026-03-29 22:51:12.334
2026-03-29T22:51:12.334+08:00  INFO 35016 --- [order-service] [http-nio-9004-exec-6] c.c.o.aspect.BusinessLogAspect           : 接口：GET /order/list
2026-03-29T22:51:12.334+08:00  INFO 35016 --- [order-service] [http-nio-9004-exec-6] c.c.o.aspect.BusinessLogAspect           : 类名：OrderServiceImpl.getOrders
2026-03-29T22:51:12.334+08:00  INFO 35016 --- [order-service] [http-nio-9004-exec-6] c.c.o.aspect.BusinessLogAspect           : 业务描述：查询用户订单列表
2026-03-29T22:51:12.334+08:00  INFO 35016 --- [order-service] [http-nio-9004-exec-6] c.c.o.aspect.BusinessLogAspect           : 业务类型：订单查询
2026-03-29T22:51:12.335+08:00  INFO 35016 --- [order-service] [http-nio-9004-exec-6] c.c.o.aspect.BusinessLogAspect           : 请求参数：[2038244988630581249]
2026-03-29T22:51:12.341+08:00  INFO 35016 --- [order-service] [http-nio-9004-exec-6] c.c.o.aspect.BusinessLogAspect           : ========== 业务操作结束 ==========
2026-03-29T22:51:12.341+08:00  INFO 35016 --- [order-service] [http-nio-9004-exec-6] c.c.o.aspect.BusinessLogAspect           : 执行耗时：6ms
2026-03-29T22:51:12.341+08:00  INFO 35016 --- [order-service] [http-nio-9004-exec-6] c.c.o.aspect.BusinessLogAspect           : 执行状态：成功
2026-03-29T22:51:12.560+08:00  INFO 35016 --- [order-service] [http-nio-9004-exec-7] c.c.o.aspect.BusinessLogAspect           : ========== 业务操作开始 ==========
2026-03-29T22:51:12.560+08:00  INFO 35016 --- [order-service] [http-nio-9004-exec-7] c.c.o.aspect.BusinessLogAspect           : 时间：2026-03-29 22:51:12.560
2026-03-29T22:51:12.560+08:00  INFO 35016 --- [order-service] [http-nio-9004-exec-7] c.c.o.aspect.BusinessLogAspect           : 接口：GET /order/list
2026-03-29T22:51:12.560+08:00  INFO 35016 --- [order-service] [http-nio-9004-exec-7] c.c.o.aspect.BusinessLogAspect           : 类名：OrderServiceImpl.getOrders
2026-03-29T22:51:12.560+08:00  INFO 35016 --- [order-service] [http-nio-9004-exec-7] c.c.o.aspect.BusinessLogAspect           : 业务描述：查询用户订单列表
2026-03-29T22:51:12.560+08:00  INFO 35016 --- [order-service] [http-nio-9004-exec-7] c.c.o.aspect.BusinessLogAspect           : 业务类型：订单查询
2026-03-29T22:51:12.560+08:00  INFO 35016 --- [order-service] [http-nio-9004-exec-7] c.c.o.aspect.BusinessLogAspect           : 请求参数：[2038244988630581249]
2026-03-29T22:51:12.568+08:00  INFO 35016 --- [order-service] [http-nio-9004-exec-7] c.c.o.aspect.BusinessLogAspect           : ========== 业务操作结束 ==========
2026-03-29T22:51:12.568+08:00  INFO 35016 --- [order-service] [http-nio-9004-exec-7] c.c.o.aspect.BusinessLogAspect           : 执行耗时：8ms
2026-03-29T22:51:12.568+08:00  INFO 35016 --- [order-service] [http-nio-9004-exec-7] c.c.o.aspect.BusinessLogAspect           : 执行状态：成功
2026-03-29T22:51:12.862+08:00  INFO 35016 --- [order-service] [http-nio-9004-exec-8] c.c.o.aspect.BusinessLogAspect           : ========== 业务操作开始 ==========
2026-03-29T22:51:12.862+08:00  INFO 35016 --- [order-service] [http-nio-9004-exec-8] c.c.o.aspect.BusinessLogAspect           : 时间：2026-03-29 22:51:12.862
2026-03-29T22:51:12.862+08:00  INFO 35016 --- [order-service] [http-nio-9004-exec-8] c.c.o.aspect.BusinessLogAspect           : 接口：GET /order/list
2026-03-29T22:51:12.862+08:00  INFO 35016 --- [order-service] [http-nio-9004-exec-8] c.c.o.aspect.BusinessLogAspect           : 类名：OrderServiceImpl.getOrders
2026-03-29T22:51:12.864+08:00  INFO 35016 --- [order-service] [http-nio-9004-exec-8] c.c.o.aspect.BusinessLogAspect           : 业务描述：查询用户订单列表
2026-03-29T22:51:12.864+08:00  INFO 35016 --- [order-service] [http-nio-9004-exec-8] c.c.o.aspect.BusinessLogAspect           : 业务类型：订单查询
2026-03-29T22:51:12.864+08:00  INFO 35016 --- [order-service] [http-nio-9004-exec-8] c.c.o.aspect.BusinessLogAspect           : 请求参数：[2038244988630581249]
2026-03-29T22:51:12.871+08:00  INFO 35016 --- [order-service] [http-nio-9004-exec-8] c.c.o.aspect.BusinessLogAspect           : ========== 业务操作结束 ==========
2026-03-29T22:51:12.871+08:00  INFO 35016 --- [order-service] [http-nio-9004-exec-8] c.c.o.aspect.BusinessLogAspect           : 执行耗时：7ms
2026-03-29T22:51:12.871+08:00  INFO 35016 --- [order-service] [http-nio-9004-exec-8] c.c.o.aspect.BusinessLogAspect           : 执行状态：成功
2026-03-29T22:51:28.714+08:00  INFO 13880 --- [doctor-service] [http-nio-9002-exec-7] c.c.d.aspect.BusinessLogAspect           : [业务] 排班查询 - ScheduleServiceImpl.findDetailByDate - 查询排班详情（缓存优化）
2026-03-29T22:51:30.764+08:00  INFO 27824 --- [user-service] [http-nio-9003-exec-2] c.c.u.aspect.BusinessLogAspect           : ========== 业务操作开始 ==========
2026-03-29T22:51:30.764+08:00  INFO 27824 --- [user-service] [http-nio-9003-exec-2] c.c.u.aspect.BusinessLogAspect           : 时间：2026-03-29 22:51:30.764
2026-03-29T22:51:30.764+08:00  INFO 27824 --- [user-service] [http-nio-9003-exec-2] c.c.u.aspect.BusinessLogAspect           : 接口：GET /user/patient/list
2026-03-29T22:51:30.764+08:00  INFO 27824 --- [user-service] [http-nio-9003-exec-2] c.c.u.aspect.BusinessLogAspect           : 类名：PatientServiceImpl.getPatients
2026-03-29T22:51:30.764+08:00  INFO 27824 --- [user-service] [http-nio-9003-exec-2] c.c.u.aspect.BusinessLogAspect           : 业务描述：查询就诊人列表
2026-03-29T22:51:30.764+08:00  INFO 27824 --- [user-service] [http-nio-9003-exec-2] c.c.u.aspect.BusinessLogAspect           : 业务类型：就诊人管理
2026-03-29T22:51:30.764+08:00  INFO 27824 --- [user-service] [http-nio-9003-exec-2] c.c.u.aspect.BusinessLogAspect           : 请求参数：[2038244988630581249]
2026-03-29T22:51:30.766+08:00  INFO 27824 --- [user-service] [http-nio-9003-exec-2] c.c.u.aspect.BusinessLogAspect           : ========== 业务操作结束 ==========
2026-03-29T22:51:30.766+08:00  INFO 27824 --- [user-service] [http-nio-9003-exec-2] c.c.u.aspect.BusinessLogAspect           : 执行耗时：2ms
2026-03-29T22:51:30.766+08:00  INFO 27824 --- [user-service] [http-nio-9003-exec-2] c.c.u.aspect.BusinessLogAspect           : 执行状态：成功
2026-03-29T22:51:31.425+08:00  INFO 35016 --- [order-service] [http-nio-9004-exec-9] c.c.o.aspect.BusinessLogAspect           : ========== 业务操作开始 ==========
2026-03-29T22:51:31.425+08:00  INFO 35016 --- [order-service] [http-nio-9004-exec-9] c.c.o.aspect.BusinessLogAspect           : 时间：2026-03-29 22:51:31.425
2026-03-29T22:51:31.425+08:00  INFO 35016 --- [order-service] [http-nio-9004-exec-9] c.c.o.aspect.BusinessLogAspect           : 接口：POST /order/create
2026-03-29T22:51:31.425+08:00  INFO 35016 --- [order-service] [http-nio-9004-exec-9] c.c.o.aspect.BusinessLogAspect           : 类名：OrderServiceImpl.createOrder
2026-03-29T22:51:31.425+08:00  INFO 35016 --- [order-service] [http-nio-9004-exec-9] c.c.o.aspect.BusinessLogAspect           : 业务描述：创建订单（MQ 异步）
2026-03-29T22:51:31.425+08:00  INFO 35016 --- [order-service] [http-nio-9004-exec-9] c.c.o.aspect.BusinessLogAspect           : 业务类型：订单管理
2026-03-29T22:51:31.425+08:00  INFO 35016 --- [order-service] [http-nio-9004-exec-9] c.c.o.aspect.BusinessLogAspect           : 请求参数：[2038244988630581249,6821689192093854000,202603292098]
2026-03-29T22:51:31.428+08:00  INFO 13880 --- [doctor-service] [http-nio-9002-exec-10] c.c.d.aspect.BusinessLogAspect           : [业务] 挂号下单 - ScheduleServiceImpl.deductAvailableNum - 扣减号源库存
2026-03-29T22:51:31.439+08:00  INFO 27824 --- [user-service] [http-nio-9003-exec-3] c.c.u.aspect.BusinessLogAspect           : ========== 业务操作开始 ==========
2026-03-29T22:51:31.439+08:00  INFO 27824 --- [user-service] [http-nio-9003-exec-3] c.c.u.aspect.BusinessLogAspect           : 时间：2026-03-29 22:51:31.439
2026-03-29T22:51:31.439+08:00  INFO 27824 --- [user-service] [http-nio-9003-exec-3] c.c.u.aspect.BusinessLogAspect           : 接口：GET /user/patient/list
2026-03-29T22:51:31.439+08:00  INFO 27824 --- [user-service] [http-nio-9003-exec-3] c.c.u.aspect.BusinessLogAspect           : 类名：PatientServiceImpl.getPatients
2026-03-29T22:51:31.439+08:00  INFO 27824 --- [user-service] [http-nio-9003-exec-3] c.c.u.aspect.BusinessLogAspect           : 业务描述：查询就诊人列表
2026-03-29T22:51:31.439+08:00  INFO 27824 --- [user-service] [http-nio-9003-exec-3] c.c.u.aspect.BusinessLogAspect           : 业务类型：就诊人管理
2026-03-29T22:51:31.439+08:00  INFO 27824 --- [user-service] [http-nio-9003-exec-3] c.c.u.aspect.BusinessLogAspect           : 请求参数：[2038244988630581249]
2026-03-29T22:51:31.442+08:00  INFO 27824 --- [user-service] [http-nio-9003-exec-3] c.c.u.aspect.BusinessLogAspect           : ========== 业务操作结束 ==========
2026-03-29T22:51:31.442+08:00  INFO 27824 --- [user-service] [http-nio-9003-exec-3] c.c.u.aspect.BusinessLogAspect           : 执行耗时：3ms
2026-03-29T22:51:31.443+08:00  INFO 27824 --- [user-service] [http-nio-9003-exec-3] c.c.u.aspect.BusinessLogAspect           : 执行状态：成功
2026-03-29T22:51:31.444+08:00  INFO 35016 --- [order-service] [http-nio-9004-exec-9] c.c.o.aspect.BusinessLogAspect           : ========== 业务操作结束 ==========
2026-03-29T22:51:31.444+08:00  INFO 35016 --- [order-service] [http-nio-9004-exec-9] c.c.o.aspect.BusinessLogAspect           : 执行耗时：19ms
2026-03-29T22:51:31.444+08:00  INFO 35016 --- [order-service] [http-nio-9004-exec-9] c.c.o.aspect.BusinessLogAspect           : 执行状态：成功
2026-03-29T22:51:32.353+08:00  INFO 13880 --- [doctor-service] [http-nio-9002-exec-2] c.c.d.aspect.BusinessLogAspect           : [业务] 排班查询 - ScheduleServiceImpl.findDetailByDate - 查询排班详情（缓存优化）
2026-03-29T22:53:50.900+08:00  INFO 13880 --- [doctor-service] [http-nio-9002-exec-8] c.c.d.aspect.BusinessLogAspect           : [业务] 排班查询 - ScheduleServiceImpl.findDetailByDate - 查询排班详情（缓存优化）
2026-03-29T22:53:55.962+08:00  INFO 6996 --- [order-service] [http-nio-9004-exec-1] c.c.o.aspect.BusinessLogAspect           : ========== 业务操作开始 ==========
2026-03-29T22:53:55.963+08:00  INFO 6996 --- [order-service] [http-nio-9004-exec-1] c.c.o.aspect.BusinessLogAspect           : 时间：2026-03-29 22:53:55.962
2026-03-29T22:53:55.963+08:00  INFO 6996 --- [order-service] [http-nio-9004-exec-1] c.c.o.aspect.BusinessLogAspect           : 接口：GET /order/list
2026-03-29T22:53:55.963+08:00  INFO 6996 --- [order-service] [http-nio-9004-exec-1] c.c.o.aspect.BusinessLogAspect           : 类名：OrderServiceImpl.getOrders
2026-03-29T22:53:55.963+08:00  INFO 6996 --- [order-service] [http-nio-9004-exec-1] c.c.o.aspect.BusinessLogAspect           : 业务描述：查询用户订单列表
2026-03-29T22:53:55.963+08:00  INFO 6996 --- [order-service] [http-nio-9004-exec-1] c.c.o.aspect.BusinessLogAspect           : 业务类型：订单查询
2026-03-29T22:53:55.967+08:00  INFO 6996 --- [order-service] [http-nio-9004-exec-1] c.c.o.aspect.BusinessLogAspect           : 请求参数：[2038244988630581249]
2026-03-29T22:53:56.249+08:00  INFO 6996 --- [order-service] [http-nio-9004-exec-4] c.c.o.aspect.BusinessLogAspect           : ========== 业务操作开始 ==========
2026-03-29T22:53:56.249+08:00  INFO 6996 --- [order-service] [http-nio-9004-exec-4] c.c.o.aspect.BusinessLogAspect           : 时间：2026-03-29 22:53:56.249
2026-03-29T22:53:56.249+08:00  INFO 6996 --- [order-service] [http-nio-9004-exec-4] c.c.o.aspect.BusinessLogAspect           : 接口：GET /order/list
2026-03-29T22:53:56.249+08:00  INFO 6996 --- [order-service] [http-nio-9004-exec-4] c.c.o.aspect.BusinessLogAspect           : 类名：OrderServiceImpl.getOrders
2026-03-29T22:53:56.249+08:00  INFO 6996 --- [order-service] [http-nio-9004-exec-4] c.c.o.aspect.BusinessLogAspect           : 业务描述：查询用户订单列表
2026-03-29T22:53:56.249+08:00  INFO 6996 --- [order-service] [http-nio-9004-exec-4] c.c.o.aspect.BusinessLogAspect           : 业务类型：订单查询
2026-03-29T22:53:56.250+08:00  INFO 6996 --- [order-service] [http-nio-9004-exec-4] c.c.o.aspect.BusinessLogAspect           : 请求参数：[2038244988630581249]
2026-03-29T22:53:57.027+08:00  INFO 6996 --- [order-service] [http-nio-9004-exec-4] c.c.o.aspect.BusinessLogAspect           : ========== 业务操作结束 ==========
2026-03-29T22:53:57.027+08:00  INFO 6996 --- [order-service] [http-nio-9004-exec-1] c.c.o.aspect.BusinessLogAspect           : ========== 业务操作结束 ==========
2026-03-29T22:53:57.027+08:00  INFO 6996 --- [order-service] [http-nio-9004-exec-4] c.c.o.aspect.BusinessLogAspect           : 执行耗时：777ms
2026-03-29T22:53:57.027+08:00  INFO 6996 --- [order-service] [http-nio-9004-exec-1] c.c.o.aspect.BusinessLogAspect           : 执行耗时：1060ms
2026-03-29T22:53:57.027+08:00  INFO 6996 --- [order-service] [http-nio-9004-exec-4] c.c.o.aspect.BusinessLogAspect           : 执行状态：成功
2026-03-29T22:53:57.027+08:00  INFO 6996 --- [order-service] [http-nio-9004-exec-1] c.c.o.aspect.BusinessLogAspect           : 执行状态：成功
2026-03-29T22:53:57.687+08:00  INFO 6996 --- [order-service] [http-nio-9004-exec-7] c.c.o.aspect.BusinessLogAspect           : ========== 业务操作开始 ==========
2026-03-29T22:53:57.687+08:00  INFO 6996 --- [order-service] [http-nio-9004-exec-7] c.c.o.aspect.BusinessLogAspect           : 时间：2026-03-29 22:53:57.687
2026-03-29T22:53:57.687+08:00  INFO 6996 --- [order-service] [http-nio-9004-exec-7] c.c.o.aspect.BusinessLogAspect           : 接口：GET /order/list
2026-03-29T22:53:57.687+08:00  INFO 6996 --- [order-service] [http-nio-9004-exec-7] c.c.o.aspect.BusinessLogAspect           : 类名：OrderServiceImpl.getOrders
2026-03-29T22:53:57.687+08:00  INFO 6996 --- [order-service] [http-nio-9004-exec-7] c.c.o.aspect.BusinessLogAspect           : 业务描述：查询用户订单列表
2026-03-29T22:53:57.687+08:00  INFO 6996 --- [order-service] [http-nio-9004-exec-7] c.c.o.aspect.BusinessLogAspect           : 业务类型：订单查询
2026-03-29T22:53:57.687+08:00  INFO 6996 --- [order-service] [http-nio-9004-exec-7] c.c.o.aspect.BusinessLogAspect           : 请求参数：[2038244988630581249]
2026-03-29T22:53:57.695+08:00  INFO 6996 --- [order-service] [http-nio-9004-exec-7] c.c.o.aspect.BusinessLogAspect           : ========== 业务操作结束 ==========
2026-03-29T22:53:57.695+08:00  INFO 6996 --- [order-service] [http-nio-9004-exec-7] c.c.o.aspect.BusinessLogAspect           : 执行耗时：8ms
2026-03-29T22:53:57.695+08:00  INFO 6996 --- [order-service] [http-nio-9004-exec-7] c.c.o.aspect.BusinessLogAspect           : 执行状态：成功
2026-03-29T22:53:58.407+08:00  INFO 13880 --- [doctor-service] [http-nio-9002-exec-4] c.c.d.aspect.BusinessLogAspect           : [业务] 排班查询 - ScheduleServiceImpl.findDetailByDate - 查询排班详情（缓存优化）
2026-03-29T22:53:59.618+08:00  INFO 27824 --- [user-service] [http-nio-9003-exec-7] c.c.u.aspect.BusinessLogAspect           : ========== 业务操作开始 ==========
2026-03-29T22:53:59.618+08:00  INFO 27824 --- [user-service] [http-nio-9003-exec-7] c.c.u.aspect.BusinessLogAspect           : 时间：2026-03-29 22:53:59.618
2026-03-29T22:53:59.618+08:00  INFO 27824 --- [user-service] [http-nio-9003-exec-7] c.c.u.aspect.BusinessLogAspect           : 接口：GET /user/patient/list
2026-03-29T22:53:59.618+08:00  INFO 27824 --- [user-service] [http-nio-9003-exec-7] c.c.u.aspect.BusinessLogAspect           : 类名：PatientServiceImpl.getPatients
2026-03-29T22:53:59.618+08:00  INFO 27824 --- [user-service] [http-nio-9003-exec-7] c.c.u.aspect.BusinessLogAspect           : 业务描述：查询就诊人列表
2026-03-29T22:53:59.618+08:00  INFO 27824 --- [user-service] [http-nio-9003-exec-7] c.c.u.aspect.BusinessLogAspect           : 业务类型：就诊人管理
2026-03-29T22:53:59.618+08:00  INFO 27824 --- [user-service] [http-nio-9003-exec-7] c.c.u.aspect.BusinessLogAspect           : 请求参数：[2038244988630581249]
2026-03-29T22:53:59.621+08:00  INFO 27824 --- [user-service] [http-nio-9003-exec-7] c.c.u.aspect.BusinessLogAspect           : ========== 业务操作结束 ==========
2026-03-29T22:53:59.621+08:00  INFO 27824 --- [user-service] [http-nio-9003-exec-7] c.c.u.aspect.BusinessLogAspect           : 执行耗时：3ms
2026-03-29T22:53:59.621+08:00  INFO 27824 --- [user-service] [http-nio-9003-exec-7] c.c.u.aspect.BusinessLogAspect           : 执行状态：成功
2026-03-29T22:54:00.385+08:00  INFO 6996 --- [order-service] [http-nio-9004-exec-2] c.c.o.aspect.BusinessLogAspect           : ========== 业务操作开始 ==========
2026-03-29T22:54:00.385+08:00  INFO 6996 --- [order-service] [http-nio-9004-exec-2] c.c.o.aspect.BusinessLogAspect           : 时间：2026-03-29 22:54:00.385
2026-03-29T22:54:00.385+08:00  INFO 6996 --- [order-service] [http-nio-9004-exec-2] c.c.o.aspect.BusinessLogAspect           : 接口：POST /order/create
2026-03-29T22:54:00.385+08:00  INFO 6996 --- [order-service] [http-nio-9004-exec-2] c.c.o.aspect.BusinessLogAspect           : 类名：OrderServiceImpl.createOrder
2026-03-29T22:54:00.385+08:00  INFO 6996 --- [order-service] [http-nio-9004-exec-2] c.c.o.aspect.BusinessLogAspect           : 业务描述：创建订单（MQ 异步）
2026-03-29T22:54:00.385+08:00  INFO 6996 --- [order-service] [http-nio-9004-exec-2] c.c.o.aspect.BusinessLogAspect           : 业务类型：订单管理
2026-03-29T22:54:00.385+08:00  INFO 6996 --- [order-service] [http-nio-9004-exec-2] c.c.o.aspect.BusinessLogAspect           : 请求参数：[2038244988630581249,6821689192093854000,202603292037]
2026-03-29T22:54:00.568+08:00  INFO 13880 --- [doctor-service] [http-nio-9002-exec-1] c.c.d.aspect.BusinessLogAspect           : [业务] 挂号下单 - ScheduleServiceImpl.deductAvailableNum - 扣减号源库存
2026-03-29T22:54:00.665+08:00  INFO 27824 --- [user-service] [http-nio-9003-exec-8] c.c.u.aspect.BusinessLogAspect           : ========== 业务操作开始 ==========
2026-03-29T22:54:00.665+08:00  INFO 27824 --- [user-service] [http-nio-9003-exec-8] c.c.u.aspect.BusinessLogAspect           : 时间：2026-03-29 22:54:00.665
2026-03-29T22:54:00.665+08:00  INFO 27824 --- [user-service] [http-nio-9003-exec-8] c.c.u.aspect.BusinessLogAspect           : 接口：GET /user/patient/list
2026-03-29T22:54:00.665+08:00  INFO 27824 --- [user-service] [http-nio-9003-exec-8] c.c.u.aspect.BusinessLogAspect           : 类名：PatientServiceImpl.getPatients
2026-03-29T22:54:00.665+08:00  INFO 27824 --- [user-service] [http-nio-9003-exec-8] c.c.u.aspect.BusinessLogAspect           : 业务描述：查询就诊人列表
2026-03-29T22:54:00.665+08:00  INFO 27824 --- [user-service] [http-nio-9003-exec-8] c.c.u.aspect.BusinessLogAspect           : 业务类型：就诊人管理
2026-03-29T22:54:00.666+08:00  INFO 27824 --- [user-service] [http-nio-9003-exec-8] c.c.u.aspect.BusinessLogAspect           : 请求参数：[2038244988630581249]
2026-03-29T22:54:00.668+08:00  INFO 27824 --- [user-service] [http-nio-9003-exec-8] c.c.u.aspect.BusinessLogAspect           : ========== 业务操作结束 ==========
2026-03-29T22:54:00.668+08:00  INFO 27824 --- [user-service] [http-nio-9003-exec-8] c.c.u.aspect.BusinessLogAspect           : 执行耗时：2ms
2026-03-29T22:54:00.668+08:00  INFO 27824 --- [user-service] [http-nio-9003-exec-8] c.c.u.aspect.BusinessLogAspect           : 执行状态：成功
2026-03-29T22:54:00.746+08:00  INFO 6996 --- [order-service] [http-nio-9004-exec-2] c.c.o.aspect.BusinessLogAspect           : ========== 业务操作结束 ==========
2026-03-29T22:54:00.747+08:00  INFO 6996 --- [order-service] [http-nio-9004-exec-2] c.c.o.aspect.BusinessLogAspect           : 执行耗时：361ms
2026-03-29T22:54:00.747+08:00  INFO 6996 --- [order-service] [http-nio-9004-exec-2] c.c.o.aspect.BusinessLogAspect           : 执行状态：成功
2026-03-29T22:54:01.697+08:00  INFO 13880 --- [doctor-service] [http-nio-9002-exec-5] c.c.d.aspect.BusinessLogAspect           : [业务] 排班查询 - ScheduleServiceImpl.findDetailByDate - 查询排班详情（缓存优化）
2026-03-29T22:54:02.360+08:00  INFO 6996 --- [order-service] [http-nio-9004-exec-8] c.c.o.aspect.BusinessLogAspect           : ========== 业务操作开始 ==========
2026-03-29T22:54:02.360+08:00  INFO 6996 --- [order-service] [http-nio-9004-exec-8] c.c.o.aspect.BusinessLogAspect           : 时间：2026-03-29 22:54:02.360
2026-03-29T22:54:02.361+08:00  INFO 6996 --- [order-service] [http-nio-9004-exec-8] c.c.o.aspect.BusinessLogAspect           : 接口：GET /order/list
2026-03-29T22:54:02.361+08:00  INFO 6996 --- [order-service] [http-nio-9004-exec-8] c.c.o.aspect.BusinessLogAspect           : 类名：OrderServiceImpl.getOrders
2026-03-29T22:54:02.361+08:00  INFO 6996 --- [order-service] [http-nio-9004-exec-8] c.c.o.aspect.BusinessLogAspect           : 业务描述：查询用户订单列表
2026-03-29T22:54:02.361+08:00  INFO 6996 --- [order-service] [http-nio-9004-exec-8] c.c.o.aspect.BusinessLogAspect           : 业务类型：订单查询
2026-03-29T22:54:02.361+08:00  INFO 6996 --- [order-service] [http-nio-9004-exec-8] c.c.o.aspect.BusinessLogAspect           : 请求参数：[2038244988630581249]
2026-03-29T22:54:02.370+08:00  INFO 6996 --- [order-service] [http-nio-9004-exec-8] c.c.o.aspect.BusinessLogAspect           : ========== 业务操作结束 ==========
2026-03-29T22:54:02.370+08:00  INFO 6996 --- [order-service] [http-nio-9004-exec-8] c.c.o.aspect.BusinessLogAspect           : 执行耗时：9ms
2026-03-29T22:54:02.370+08:00  INFO 6996 --- [order-service] [http-nio-9004-exec-8] c.c.o.aspect.BusinessLogAspect           : 执行状态：成功
2026-03-29T22:57:30.344+08:00  INFO 27824 --- [user-service] [http-nio-9003-exec-10] c.c.u.aspect.BusinessLogAspect           : ========== 业务操作开始 ==========
2026-03-29T22:57:30.345+08:00  INFO 27824 --- [user-service] [http-nio-9003-exec-10] c.c.u.aspect.BusinessLogAspect           : 时间：2026-03-29 22:57:30.344
2026-03-29T22:57:30.345+08:00  INFO 27824 --- [user-service] [http-nio-9003-exec-10] c.c.u.aspect.BusinessLogAspect           : 接口：GET /user/patient/list
2026-03-29T22:57:30.345+08:00  INFO 27824 --- [user-service] [http-nio-9003-exec-10] c.c.u.aspect.BusinessLogAspect           : 类名：PatientServiceImpl.getPatients
2026-03-29T22:57:30.345+08:00  INFO 27824 --- [user-service] [http-nio-9003-exec-10] c.c.u.aspect.BusinessLogAspect           : 业务描述：查询就诊人列表
2026-03-29T22:57:30.345+08:00  INFO 27824 --- [user-service] [http-nio-9003-exec-10] c.c.u.aspect.BusinessLogAspect           : 业务类型：就诊人管理
2026-03-29T22:57:30.345+08:00  INFO 27824 --- [user-service] [http-nio-9003-exec-10] c.c.u.aspect.BusinessLogAspect           : 请求参数：[2038244988630581249]
2026-03-29T22:57:30.349+08:00  INFO 27824 --- [user-service] [http-nio-9003-exec-10] c.c.u.aspect.BusinessLogAspect           : ========== 业务操作结束 ==========
2026-03-29T22:57:30.350+08:00  INFO 27824 --- [user-service] [http-nio-9003-exec-10] c.c.u.aspect.BusinessLogAspect           : 执行耗时：4ms
2026-03-29T22:57:30.350+08:00  INFO 27824 --- [user-service] [http-nio-9003-exec-10] c.c.u.aspect.BusinessLogAspect           : 执行状态：成功
2026-03-29T22:57:34.315+08:00  INFO 6996 --- [order-service] [http-nio-9004-exec-3] c.c.o.aspect.BusinessLogAspect           : ========== 业务操作开始 ==========
2026-03-29T22:57:34.315+08:00  INFO 6996 --- [order-service] [http-nio-9004-exec-3] c.c.o.aspect.BusinessLogAspect           : 时间：2026-03-29 22:57:34.315
2026-03-29T22:57:34.315+08:00  INFO 6996 --- [order-service] [http-nio-9004-exec-3] c.c.o.aspect.BusinessLogAspect           : 接口：GET /order/list
2026-03-29T22:57:34.315+08:00  INFO 6996 --- [order-service] [http-nio-9004-exec-3] c.c.o.aspect.BusinessLogAspect           : 类名：OrderServiceImpl.getOrders
2026-03-29T22:57:34.315+08:00  INFO 6996 --- [order-service] [http-nio-9004-exec-3] c.c.o.aspect.BusinessLogAspect           : 业务描述：查询用户订单列表
2026-03-29T22:57:34.315+08:00  INFO 6996 --- [order-service] [http-nio-9004-exec-3] c.c.o.aspect.BusinessLogAspect           : 业务类型：订单查询
2026-03-29T22:57:34.315+08:00  INFO 6996 --- [order-service] [http-nio-9004-exec-3] c.c.o.aspect.BusinessLogAspect           : 请求参数：[2038244988630581249]
2026-03-29T22:57:34.329+08:00  INFO 6996 --- [order-service] [http-nio-9004-exec-3] c.c.o.aspect.BusinessLogAspect           : ========== 业务操作结束 ==========
2026-03-29T22:57:34.329+08:00  INFO 6996 --- [order-service] [http-nio-9004-exec-3] c.c.o.aspect.BusinessLogAspect           : 执行耗时：14ms
2026-03-29T22:57:34.329+08:00  INFO 6996 --- [order-service] [http-nio-9004-exec-3] c.c.o.aspect.BusinessLogAspect           : 执行状态：成功
2026-03-29T22:57:34.686+08:00  INFO 13880 --- [doctor-service] [http-nio-9002-exec-10] c.c.d.aspect.BusinessLogAspect           : [业务] 排班查询 - ScheduleServiceImpl.findDetailByDate - 查询排班详情（缓存优化）
2026-03-29T22:57:35.473+08:00  INFO 27824 --- [user-service] [http-nio-9003-exec-1] c.c.u.aspect.BusinessLogAspect           : ========== 业务操作开始 ==========
2026-03-29T22:57:35.473+08:00  INFO 27824 --- [user-service] [http-nio-9003-exec-1] c.c.u.aspect.BusinessLogAspect           : 时间：2026-03-29 22:57:35.473
2026-03-29T22:57:35.473+08:00  INFO 27824 --- [user-service] [http-nio-9003-exec-1] c.c.u.aspect.BusinessLogAspect           : 接口：GET /user/patient/list
2026-03-29T22:57:35.473+08:00  INFO 27824 --- [user-service] [http-nio-9003-exec-1] c.c.u.aspect.BusinessLogAspect           : 类名：PatientServiceImpl.getPatients
2026-03-29T22:57:35.473+08:00  INFO 27824 --- [user-service] [http-nio-9003-exec-1] c.c.u.aspect.BusinessLogAspect           : 业务描述：查询就诊人列表
2026-03-29T22:57:35.473+08:00  INFO 27824 --- [user-service] [http-nio-9003-exec-1] c.c.u.aspect.BusinessLogAspect           : 业务类型：就诊人管理
2026-03-29T22:57:35.473+08:00  INFO 27824 --- [user-service] [http-nio-9003-exec-1] c.c.u.aspect.BusinessLogAspect           : 请求参数：[2038244988630581249]
2026-03-29T22:57:35.477+08:00  INFO 27824 --- [user-service] [http-nio-9003-exec-1] c.c.u.aspect.BusinessLogAspect           : ========== 业务操作结束 ==========
2026-03-29T22:57:35.477+08:00  INFO 27824 --- [user-service] [http-nio-9003-exec-1] c.c.u.aspect.BusinessLogAspect           : 执行耗时：4ms
2026-03-29T22:57:35.477+08:00  INFO 27824 --- [user-service] [http-nio-9003-exec-1] c.c.u.aspect.BusinessLogAspect           : 执行状态：成功
2026-03-29T22:57:35.771+08:00  INFO 13880 --- [doctor-service] [http-nio-9002-exec-2] c.c.d.aspect.BusinessLogAspect           : [业务] 排班查询 - ScheduleServiceImpl.findDetailByDate - 查询排班详情（缓存优化）
2026-03-29T23:00:24.348+08:00  INFO 13880 --- [doctor-service] [http-nio-9002-exec-9] c.c.d.aspect.BusinessLogAspect           : [业务] 排班查询 - ScheduleServiceImpl.findDetailByDate - 查询排班详情（缓存优化）
2026-03-29T23:06:08.123+08:00  INFO 13880 --- [doctor-service] [http-nio-9002-exec-4] c.c.d.aspect.BusinessLogAspect           : [业务] 排班查询 - ScheduleServiceImpl.findDetailByDate - 查询排班详情（缓存优化）
2026-03-29T23:06:09.041+08:00  INFO 13880 --- [doctor-service] [http-nio-9002-exec-1] c.c.d.aspect.BusinessLogAspect           : [业务] 排班查询 - ScheduleServiceImpl.findDetailByDate - 查询排班详情（缓存优化）
2026-03-29T23:06:09.691+08:00  INFO 6996 --- [order-service] [http-nio-9004-exec-6] c.c.o.aspect.BusinessLogAspect           : ========== 业务操作开始 ==========
2026-03-29T23:06:09.691+08:00  INFO 6996 --- [order-service] [http-nio-9004-exec-6] c.c.o.aspect.BusinessLogAspect           : 时间：2026-03-29 23:06:09.691
2026-03-29T23:06:09.691+08:00  INFO 6996 --- [order-service] [http-nio-9004-exec-6] c.c.o.aspect.BusinessLogAspect           : 接口：GET /order/list
2026-03-29T23:06:09.691+08:00  INFO 6996 --- [order-service] [http-nio-9004-exec-6] c.c.o.aspect.BusinessLogAspect           : 类名：OrderServiceImpl.getOrders
2026-03-29T23:06:09.691+08:00  INFO 6996 --- [order-service] [http-nio-9004-exec-6] c.c.o.aspect.BusinessLogAspect           : 业务描述：查询用户订单列表
2026-03-29T23:06:09.691+08:00  INFO 6996 --- [order-service] [http-nio-9004-exec-6] c.c.o.aspect.BusinessLogAspect           : 业务类型：订单查询
2026-03-29T23:06:09.691+08:00  INFO 6996 --- [order-service] [http-nio-9004-exec-6] c.c.o.aspect.BusinessLogAspect           : 请求参数：[2038244988630581249]
2026-03-29T23:06:09.698+08:00  INFO 6996 --- [order-service] [http-nio-9004-exec-6] c.c.o.aspect.BusinessLogAspect           : ========== 业务操作结束 ==========
2026-03-29T23:06:09.698+08:00  INFO 6996 --- [order-service] [http-nio-9004-exec-6] c.c.o.aspect.BusinessLogAspect           : 执行耗时：7ms
2026-03-29T23:06:09.698+08:00  INFO 6996 --- [order-service] [http-nio-9004-exec-6] c.c.o.aspect.BusinessLogAspect           : 执行状态：成功
2026-03-29T23:06:10.461+08:00  INFO 13880 --- [doctor-service] [http-nio-9002-exec-5] c.c.d.aspect.BusinessLogAspect           : [业务] 排班查询 - ScheduleServiceImpl.findDetailByDate - 查询排班详情（缓存优化）
2026-03-29T23:06:29.726+08:00  INFO 27824 --- [user-service] [http-nio-9003-exec-3] c.c.u.aspect.BusinessLogAspect           : ========== 业务操作开始 ==========
2026-03-29T23:06:29.726+08:00  INFO 27824 --- [user-service] [http-nio-9003-exec-3] c.c.u.aspect.BusinessLogAspect           : 时间：2026-03-29 23:06:29.726
2026-03-29T23:06:29.726+08:00  INFO 27824 --- [user-service] [http-nio-9003-exec-3] c.c.u.aspect.BusinessLogAspect           : 接口：GET /user/patient/list
2026-03-29T23:06:29.726+08:00  INFO 27824 --- [user-service] [http-nio-9003-exec-3] c.c.u.aspect.BusinessLogAspect           : 类名：PatientServiceImpl.getPatients
2026-03-29T23:06:29.726+08:00  INFO 27824 --- [user-service] [http-nio-9003-exec-3] c.c.u.aspect.BusinessLogAspect           : 业务描述：查询就诊人列表
2026-03-29T23:06:29.726+08:00  INFO 27824 --- [user-service] [http-nio-9003-exec-3] c.c.u.aspect.BusinessLogAspect           : 业务类型：就诊人管理
2026-03-29T23:06:29.726+08:00  INFO 27824 --- [user-service] [http-nio-9003-exec-3] c.c.u.aspect.BusinessLogAspect           : 请求参数：[2038244988630581249]
2026-03-29T23:06:29.729+08:00  INFO 27824 --- [user-service] [http-nio-9003-exec-3] c.c.u.aspect.BusinessLogAspect           : ========== 业务操作结束 ==========
2026-03-29T23:06:29.729+08:00  INFO 27824 --- [user-service] [http-nio-9003-exec-3] c.c.u.aspect.BusinessLogAspect           : 执行耗时：3ms
2026-03-29T23:06:29.729+08:00  INFO 27824 --- [user-service] [http-nio-9003-exec-3] c.c.u.aspect.BusinessLogAspect           : 执行状态：成功
2026-03-29T23:06:30.839+08:00  INFO 6996 --- [order-service] [http-nio-9004-exec-10] c.c.o.aspect.BusinessLogAspect           : ========== 业务操作开始 ==========
2026-03-29T23:06:30.839+08:00  INFO 6996 --- [order-service] [http-nio-9004-exec-10] c.c.o.aspect.BusinessLogAspect           : 时间：2026-03-29 23:06:30.839
2026-03-29T23:06:30.839+08:00  INFO 6996 --- [order-service] [http-nio-9004-exec-10] c.c.o.aspect.BusinessLogAspect           : 接口：POST /order/create
2026-03-29T23:06:30.839+08:00  INFO 6996 --- [order-service] [http-nio-9004-exec-10] c.c.o.aspect.BusinessLogAspect           : 类名：OrderServiceImpl.createOrder
2026-03-29T23:06:30.839+08:00  INFO 6996 --- [order-service] [http-nio-9004-exec-10] c.c.o.aspect.BusinessLogAspect           : 业务描述：创建订单（MQ 异步）
2026-03-29T23:06:30.839+08:00  INFO 6996 --- [order-service] [http-nio-9004-exec-10] c.c.o.aspect.BusinessLogAspect           : 业务类型：订单管理
2026-03-29T23:06:30.839+08:00  INFO 6996 --- [order-service] [http-nio-9004-exec-10] c.c.o.aspect.BusinessLogAspect           : 请求参数：[2038244988630581249,6821689192093854000,202603292037]
2026-03-29T23:06:30.845+08:00  INFO 13880 --- [doctor-service] [http-nio-9002-exec-6] c.c.d.aspect.BusinessLogAspect           : [业务] 挂号下单 - ScheduleServiceImpl.deductAvailableNum - 扣减号源库存
2026-03-29T23:06:30.860+08:00  INFO 27824 --- [user-service] [http-nio-9003-exec-4] c.c.u.aspect.BusinessLogAspect           : ========== 业务操作开始 ==========
2026-03-29T23:06:30.860+08:00  INFO 27824 --- [user-service] [http-nio-9003-exec-4] c.c.u.aspect.BusinessLogAspect           : 时间：2026-03-29 23:06:30.860
2026-03-29T23:06:30.860+08:00  INFO 27824 --- [user-service] [http-nio-9003-exec-4] c.c.u.aspect.BusinessLogAspect           : 接口：GET /user/patient/list
2026-03-29T23:06:30.860+08:00  INFO 27824 --- [user-service] [http-nio-9003-exec-4] c.c.u.aspect.BusinessLogAspect           : 类名：PatientServiceImpl.getPatients
2026-03-29T23:06:30.860+08:00  INFO 27824 --- [user-service] [http-nio-9003-exec-4] c.c.u.aspect.BusinessLogAspect           : 业务描述：查询就诊人列表
2026-03-29T23:06:30.860+08:00  INFO 27824 --- [user-service] [http-nio-9003-exec-4] c.c.u.aspect.BusinessLogAspect           : 业务类型：就诊人管理
2026-03-29T23:06:30.860+08:00  INFO 27824 --- [user-service] [http-nio-9003-exec-4] c.c.u.aspect.BusinessLogAspect           : 请求参数：[2038244988630581249]
2026-03-29T23:06:30.863+08:00  INFO 27824 --- [user-service] [http-nio-9003-exec-4] c.c.u.aspect.BusinessLogAspect           : ========== 业务操作结束 ==========
2026-03-29T23:06:30.863+08:00  INFO 27824 --- [user-service] [http-nio-9003-exec-4] c.c.u.aspect.BusinessLogAspect           : 执行耗时：3ms
2026-03-29T23:06:30.863+08:00  INFO 27824 --- [user-service] [http-nio-9003-exec-4] c.c.u.aspect.BusinessLogAspect           : 执行状态：成功
2026-03-29T23:06:30.865+08:00  INFO 6996 --- [order-service] [http-nio-9004-exec-10] c.c.o.aspect.BusinessLogAspect           : ========== 业务操作结束 ==========
2026-03-29T23:06:30.865+08:00  INFO 6996 --- [order-service] [http-nio-9004-exec-10] c.c.o.aspect.BusinessLogAspect           : 执行耗时：26ms
2026-03-29T23:06:30.865+08:00  INFO 6996 --- [order-service] [http-nio-9004-exec-10] c.c.o.aspect.BusinessLogAspect           : 执行状态：成功
2026-03-29T23:06:31.800+08:00  INFO 13880 --- [doctor-service] [http-nio-9002-exec-7] c.c.d.aspect.BusinessLogAspect           : [业务] 排班查询 - ScheduleServiceImpl.findDetailByDate - 查询排班详情（缓存优化）
2026-03-29T23:06:32.843+08:00  INFO 6996 --- [order-service] [http-nio-9004-exec-4] c.c.o.aspect.BusinessLogAspect           : ========== 业务操作开始 ==========
2026-03-29T23:06:32.843+08:00  INFO 6996 --- [order-service] [http-nio-9004-exec-4] c.c.o.aspect.BusinessLogAspect           : 时间：2026-03-29 23:06:32.843
2026-03-29T23:06:32.843+08:00  INFO 6996 --- [order-service] [http-nio-9004-exec-4] c.c.o.aspect.BusinessLogAspect           : 接口：GET /order/list
2026-03-29T23:06:32.843+08:00  INFO 6996 --- [order-service] [http-nio-9004-exec-4] c.c.o.aspect.BusinessLogAspect           : 类名：OrderServiceImpl.getOrders
2026-03-29T23:06:32.843+08:00  INFO 6996 --- [order-service] [http-nio-9004-exec-4] c.c.o.aspect.BusinessLogAspect           : 业务描述：查询用户订单列表
2026-03-29T23:06:32.843+08:00  INFO 6996 --- [order-service] [http-nio-9004-exec-4] c.c.o.aspect.BusinessLogAspect           : 业务类型：订单查询
2026-03-29T23:06:32.843+08:00  INFO 6996 --- [order-service] [http-nio-9004-exec-4] c.c.o.aspect.BusinessLogAspect           : 请求参数：[2038244988630581249]
2026-03-29T23:06:32.851+08:00  INFO 6996 --- [order-service] [http-nio-9004-exec-4] c.c.o.aspect.BusinessLogAspect           : ========== 业务操作结束 ==========
2026-03-29T23:06:32.851+08:00  INFO 6996 --- [order-service] [http-nio-9004-exec-4] c.c.o.aspect.BusinessLogAspect           : 执行耗时：8ms
2026-03-29T23:06:32.851+08:00  INFO 6996 --- [order-service] [http-nio-9004-exec-4] c.c.o.aspect.BusinessLogAspect           : 执行状态：成功
2026-03-29T23:06:43.637+08:00  INFO 13880 --- [doctor-service] [http-nio-9002-exec-10] c.c.d.aspect.BusinessLogAspect           : [业务] 排班查询 - ScheduleServiceImpl.findDetailByDate - 查询排班详情（缓存优化）
2026-03-29T23:06:44.998+08:00  INFO 27824 --- [user-service] [http-nio-9003-exec-5] c.c.u.aspect.BusinessLogAspect           : ========== 业务操作开始 ==========
2026-03-29T23:06:44.998+08:00  INFO 27824 --- [user-service] [http-nio-9003-exec-5] c.c.u.aspect.BusinessLogAspect           : 时间：2026-03-29 23:06:44.998
2026-03-29T23:06:44.998+08:00  INFO 27824 --- [user-service] [http-nio-9003-exec-5] c.c.u.aspect.BusinessLogAspect           : 接口：GET /user/patient/list
2026-03-29T23:06:44.998+08:00  INFO 27824 --- [user-service] [http-nio-9003-exec-5] c.c.u.aspect.BusinessLogAspect           : 类名：PatientServiceImpl.getPatients
2026-03-29T23:06:44.998+08:00  INFO 27824 --- [user-service] [http-nio-9003-exec-5] c.c.u.aspect.BusinessLogAspect           : 业务描述：查询就诊人列表
2026-03-29T23:06:44.998+08:00  INFO 27824 --- [user-service] [http-nio-9003-exec-5] c.c.u.aspect.BusinessLogAspect           : 业务类型：就诊人管理
2026-03-29T23:06:44.998+08:00  INFO 27824 --- [user-service] [http-nio-9003-exec-5] c.c.u.aspect.BusinessLogAspect           : 请求参数：[2038244988630581249]
2026-03-29T23:06:45.001+08:00  INFO 27824 --- [user-service] [http-nio-9003-exec-5] c.c.u.aspect.BusinessLogAspect           : ========== 业务操作结束 ==========
2026-03-29T23:06:45.001+08:00  INFO 27824 --- [user-service] [http-nio-9003-exec-5] c.c.u.aspect.BusinessLogAspect           : 执行耗时：3ms
2026-03-29T23:06:45.001+08:00  INFO 27824 --- [user-service] [http-nio-9003-exec-5] c.c.u.aspect.BusinessLogAspect           : 执行状态：成功
2026-03-29T23:06:45.698+08:00  INFO 6996 --- [order-service] [http-nio-9004-exec-1] c.c.o.aspect.BusinessLogAspect           : ========== 业务操作开始 ==========
2026-03-29T23:06:45.698+08:00  INFO 6996 --- [order-service] [http-nio-9004-exec-1] c.c.o.aspect.BusinessLogAspect           : 时间：2026-03-29 23:06:45.698
2026-03-29T23:06:45.698+08:00  INFO 6996 --- [order-service] [http-nio-9004-exec-1] c.c.o.aspect.BusinessLogAspect           : 接口：POST /order/create
2026-03-29T23:06:45.698+08:00  INFO 6996 --- [order-service] [http-nio-9004-exec-1] c.c.o.aspect.BusinessLogAspect           : 类名：OrderServiceImpl.createOrder
2026-03-29T23:06:45.698+08:00  INFO 6996 --- [order-service] [http-nio-9004-exec-1] c.c.o.aspect.BusinessLogAspect           : 业务描述：创建订单（MQ 异步）
2026-03-29T23:06:45.698+08:00  INFO 6996 --- [order-service] [http-nio-9004-exec-1] c.c.o.aspect.BusinessLogAspect           : 业务类型：订单管理
2026-03-29T23:06:45.698+08:00  INFO 6996 --- [order-service] [http-nio-9004-exec-1] c.c.o.aspect.BusinessLogAspect           : 请求参数：[2038244988630581249,6821689192093854000,202603292037]
2026-03-29T23:06:45.703+08:00  INFO 13880 --- [doctor-service] [http-nio-9002-exec-2] c.c.d.aspect.BusinessLogAspect           : [业务] 挂号下单 - ScheduleServiceImpl.deductAvailableNum - 扣减号源库存
2026-03-29T23:06:45.712+08:00  INFO 27824 --- [user-service] [http-nio-9003-exec-7] c.c.u.aspect.BusinessLogAspect           : ========== 业务操作开始 ==========
2026-03-29T23:06:45.712+08:00  INFO 27824 --- [user-service] [http-nio-9003-exec-7] c.c.u.aspect.BusinessLogAspect           : 时间：2026-03-29 23:06:45.712
2026-03-29T23:06:45.712+08:00  INFO 27824 --- [user-service] [http-nio-9003-exec-7] c.c.u.aspect.BusinessLogAspect           : 接口：GET /user/patient/list
2026-03-29T23:06:45.712+08:00  INFO 27824 --- [user-service] [http-nio-9003-exec-7] c.c.u.aspect.BusinessLogAspect           : 类名：PatientServiceImpl.getPatients
2026-03-29T23:06:45.712+08:00  INFO 27824 --- [user-service] [http-nio-9003-exec-7] c.c.u.aspect.BusinessLogAspect           : 业务描述：查询就诊人列表
2026-03-29T23:06:45.712+08:00  INFO 27824 --- [user-service] [http-nio-9003-exec-7] c.c.u.aspect.BusinessLogAspect           : 业务类型：就诊人管理
2026-03-29T23:06:45.712+08:00  INFO 27824 --- [user-service] [http-nio-9003-exec-7] c.c.u.aspect.BusinessLogAspect           : 请求参数：[2038244988630581249]
2026-03-29T23:06:45.714+08:00  INFO 27824 --- [user-service] [http-nio-9003-exec-7] c.c.u.aspect.BusinessLogAspect           : ========== 业务操作结束 ==========
2026-03-29T23:06:45.714+08:00  INFO 27824 --- [user-service] [http-nio-9003-exec-7] c.c.u.aspect.BusinessLogAspect           : 执行耗时：2ms
2026-03-29T23:06:45.714+08:00  INFO 27824 --- [user-service] [http-nio-9003-exec-7] c.c.u.aspect.BusinessLogAspect           : 执行状态：成功
2026-03-29T23:06:45.716+08:00  INFO 6996 --- [order-service] [http-nio-9004-exec-1] c.c.o.aspect.BusinessLogAspect           : ========== 业务操作结束 ==========
2026-03-29T23:06:45.716+08:00  INFO 6996 --- [order-service] [http-nio-9004-exec-1] c.c.o.aspect.BusinessLogAspect           : 执行耗时：18ms
2026-03-29T23:06:45.716+08:00  INFO 6996 --- [order-service] [http-nio-9004-exec-1] c.c.o.aspect.BusinessLogAspect           : 执行状态：成功
2026-03-29T23:06:47.062+08:00  INFO 13880 --- [doctor-service] [http-nio-9002-exec-3] c.c.d.aspect.BusinessLogAspect           : [业务] 排班查询 - ScheduleServiceImpl.findDetailByDate - 查询排班详情（缓存优化）
2026-03-29T23:08:36.685+08:00  INFO 13880 --- [doctor-service] [http-nio-9002-exec-4] c.c.d.aspect.BusinessLogAspect           : [业务] 排班查询 - ScheduleServiceImpl.findDetailByDate - 查询排班详情（缓存优化）
2026-03-29T23:08:47.836+08:00  INFO 6996 --- [order-service] [http-nio-9004-exec-2] c.c.o.aspect.BusinessLogAspect           : ========== 业务操作开始 ==========
2026-03-29T23:08:47.836+08:00  INFO 6996 --- [order-service] [http-nio-9004-exec-2] c.c.o.aspect.BusinessLogAspect           : 时间：2026-03-29 23:08:47.836
2026-03-29T23:08:47.836+08:00  INFO 6996 --- [order-service] [http-nio-9004-exec-2] c.c.o.aspect.BusinessLogAspect           : 接口：GET /order/list
2026-03-29T23:08:47.836+08:00  INFO 6996 --- [order-service] [http-nio-9004-exec-2] c.c.o.aspect.BusinessLogAspect           : 类名：OrderServiceImpl.getOrders
2026-03-29T23:08:47.836+08:00  INFO 6996 --- [order-service] [http-nio-9004-exec-2] c.c.o.aspect.BusinessLogAspect           : 业务描述：查询用户订单列表
2026-03-29T23:08:47.836+08:00  INFO 6996 --- [order-service] [http-nio-9004-exec-2] c.c.o.aspect.BusinessLogAspect           : 业务类型：订单查询
2026-03-29T23:08:47.836+08:00  INFO 6996 --- [order-service] [http-nio-9004-exec-2] c.c.o.aspect.BusinessLogAspect           : 请求参数：[2038244988630581249]
2026-03-29T23:08:47.846+08:00  INFO 6996 --- [order-service] [http-nio-9004-exec-2] c.c.o.aspect.BusinessLogAspect           : ========== 业务操作结束 ==========
2026-03-29T23:08:47.846+08:00  INFO 6996 --- [order-service] [http-nio-9004-exec-2] c.c.o.aspect.BusinessLogAspect           : 执行耗时：10ms
2026-03-29T23:08:47.846+08:00  INFO 6996 --- [order-service] [http-nio-9004-exec-2] c.c.o.aspect.BusinessLogAspect           : 执行状态：成功
2026-03-29T23:08:48.294+08:00  INFO 13880 --- [doctor-service] [http-nio-9002-exec-1] c.c.d.aspect.BusinessLogAspect           : [业务] 排班查询 - ScheduleServiceImpl.findDetailByDate - 查询排班详情（缓存优化）
2026-03-29T23:08:50.349+08:00  INFO 27824 --- [user-service] [http-nio-9003-exec-9] c.c.u.aspect.BusinessLogAspect           : ========== 业务操作开始 ==========
2026-03-29T23:08:50.349+08:00  INFO 27824 --- [user-service] [http-nio-9003-exec-9] c.c.u.aspect.BusinessLogAspect           : 时间：2026-03-29 23:08:50.349
2026-03-29T23:08:50.349+08:00  INFO 27824 --- [user-service] [http-nio-9003-exec-9] c.c.u.aspect.BusinessLogAspect           : 接口：GET /user/patient/list
2026-03-29T23:08:50.349+08:00  INFO 27824 --- [user-service] [http-nio-9003-exec-9] c.c.u.aspect.BusinessLogAspect           : 类名：PatientServiceImpl.getPatients
2026-03-29T23:08:50.349+08:00  INFO 27824 --- [user-service] [http-nio-9003-exec-9] c.c.u.aspect.BusinessLogAspect           : 业务描述：查询就诊人列表
2026-03-29T23:08:50.349+08:00  INFO 27824 --- [user-service] [http-nio-9003-exec-9] c.c.u.aspect.BusinessLogAspect           : 业务类型：就诊人管理
2026-03-29T23:08:50.349+08:00  INFO 27824 --- [user-service] [http-nio-9003-exec-9] c.c.u.aspect.BusinessLogAspect           : 请求参数：[2038244988630581249]
2026-03-29T23:08:50.351+08:00  INFO 27824 --- [user-service] [http-nio-9003-exec-9] c.c.u.aspect.BusinessLogAspect           : ========== 业务操作结束 ==========
2026-03-29T23:08:50.351+08:00  INFO 27824 --- [user-service] [http-nio-9003-exec-9] c.c.u.aspect.BusinessLogAspect           : 执行耗时：2ms
2026-03-29T23:08:50.351+08:00  INFO 27824 --- [user-service] [http-nio-9003-exec-9] c.c.u.aspect.BusinessLogAspect           : 执行状态：成功
2026-03-29T23:08:51.082+08:00  INFO 6996 --- [order-service] [http-nio-9004-exec-8] c.c.o.aspect.BusinessLogAspect           : ========== 业务操作开始 ==========
2026-03-29T23:08:51.082+08:00  INFO 6996 --- [order-service] [http-nio-9004-exec-8] c.c.o.aspect.BusinessLogAspect           : 时间：2026-03-29 23:08:51.082
2026-03-29T23:08:51.082+08:00  INFO 6996 --- [order-service] [http-nio-9004-exec-8] c.c.o.aspect.BusinessLogAspect           : 接口：POST /order/create
2026-03-29T23:08:51.082+08:00  INFO 6996 --- [order-service] [http-nio-9004-exec-8] c.c.o.aspect.BusinessLogAspect           : 类名：OrderServiceImpl.createOrder
2026-03-29T23:08:51.082+08:00  INFO 6996 --- [order-service] [http-nio-9004-exec-8] c.c.o.aspect.BusinessLogAspect           : 业务描述：创建订单（MQ 异步）
2026-03-29T23:08:51.082+08:00  INFO 6996 --- [order-service] [http-nio-9004-exec-8] c.c.o.aspect.BusinessLogAspect           : 业务类型：订单管理
2026-03-29T23:08:51.082+08:00  INFO 6996 --- [order-service] [http-nio-9004-exec-8] c.c.o.aspect.BusinessLogAspect           : 请求参数：[2038244988630581249,6821689192093854000,202603292037]
2026-03-29T23:08:51.087+08:00  INFO 13880 --- [doctor-service] [http-nio-9002-exec-5] c.c.d.aspect.BusinessLogAspect           : [业务] 挂号下单 - ScheduleServiceImpl.deductAvailableNum - 扣减号源库存
2026-03-29T23:08:51.099+08:00  INFO 27824 --- [user-service] [http-nio-9003-exec-10] c.c.u.aspect.BusinessLogAspect           : ========== 业务操作开始 ==========
2026-03-29T23:08:51.099+08:00  INFO 27824 --- [user-service] [http-nio-9003-exec-10] c.c.u.aspect.BusinessLogAspect           : 时间：2026-03-29 23:08:51.099
2026-03-29T23:08:51.099+08:00  INFO 27824 --- [user-service] [http-nio-9003-exec-10] c.c.u.aspect.BusinessLogAspect           : 接口：GET /user/patient/list
2026-03-29T23:08:51.099+08:00  INFO 27824 --- [user-service] [http-nio-9003-exec-10] c.c.u.aspect.BusinessLogAspect           : 类名：PatientServiceImpl.getPatients
2026-03-29T23:08:51.099+08:00  INFO 27824 --- [user-service] [http-nio-9003-exec-10] c.c.u.aspect.BusinessLogAspect           : 业务描述：查询就诊人列表
2026-03-29T23:08:51.099+08:00  INFO 27824 --- [user-service] [http-nio-9003-exec-10] c.c.u.aspect.BusinessLogAspect           : 业务类型：就诊人管理
2026-03-29T23:08:51.099+08:00  INFO 27824 --- [user-service] [http-nio-9003-exec-10] c.c.u.aspect.BusinessLogAspect           : 请求参数：[2038244988630581249]
2026-03-29T23:08:51.102+08:00  INFO 27824 --- [user-service] [http-nio-9003-exec-10] c.c.u.aspect.BusinessLogAspect           : ========== 业务操作结束 ==========
2026-03-29T23:08:51.102+08:00  INFO 27824 --- [user-service] [http-nio-9003-exec-10] c.c.u.aspect.BusinessLogAspect           : 执行耗时：3ms
2026-03-29T23:08:51.102+08:00  INFO 27824 --- [user-service] [http-nio-9003-exec-10] c.c.u.aspect.BusinessLogAspect           : 执行状态：成功
2026-03-29T23:08:51.103+08:00  INFO 6996 --- [order-service] [http-nio-9004-exec-8] c.c.o.aspect.BusinessLogAspect           : ========== 业务操作结束 ==========
2026-03-29T23:08:51.103+08:00  INFO 6996 --- [order-service] [http-nio-9004-exec-8] c.c.o.aspect.BusinessLogAspect           : 执行耗时：21ms
2026-03-29T23:08:51.103+08:00  INFO 6996 --- [order-service] [http-nio-9004-exec-8] c.c.o.aspect.BusinessLogAspect           : 执行状态：成功
2026-03-29T23:08:52.059+08:00  INFO 13880 --- [doctor-service] [http-nio-9002-exec-6] c.c.d.aspect.BusinessLogAspect           : [业务] 排班查询 - ScheduleServiceImpl.findDetailByDate - 查询排班详情（缓存优化）
2026-03-29T23:08:52.749+08:00  INFO 6996 --- [order-service] [http-nio-9004-exec-9] c.c.o.aspect.BusinessLogAspect           : ========== 业务操作开始 ==========
2026-03-29T23:08:52.750+08:00  INFO 6996 --- [order-service] [http-nio-9004-exec-9] c.c.o.aspect.BusinessLogAspect           : 时间：2026-03-29 23:08:52.750
2026-03-29T23:08:52.750+08:00  INFO 6996 --- [order-service] [http-nio-9004-exec-9] c.c.o.aspect.BusinessLogAspect           : 接口：GET /order/list
2026-03-29T23:08:52.750+08:00  INFO 6996 --- [order-service] [http-nio-9004-exec-9] c.c.o.aspect.BusinessLogAspect           : 类名：OrderServiceImpl.getOrders
2026-03-29T23:08:52.750+08:00  INFO 6996 --- [order-service] [http-nio-9004-exec-9] c.c.o.aspect.BusinessLogAspect           : 业务描述：查询用户订单列表
2026-03-29T23:08:52.750+08:00  INFO 6996 --- [order-service] [http-nio-9004-exec-9] c.c.o.aspect.BusinessLogAspect           : 业务类型：订单查询
2026-03-29T23:08:52.750+08:00  INFO 6996 --- [order-service] [http-nio-9004-exec-9] c.c.o.aspect.BusinessLogAspect           : 请求参数：[2038244988630581249]
2026-03-29T23:08:52.760+08:00  INFO 6996 --- [order-service] [http-nio-9004-exec-9] c.c.o.aspect.BusinessLogAspect           : ========== 业务操作结束 ==========
2026-03-29T23:08:52.760+08:00  INFO 6996 --- [order-service] [http-nio-9004-exec-9] c.c.o.aspect.BusinessLogAspect           : 执行耗时：10ms
2026-03-29T23:08:52.760+08:00  INFO 6996 --- [order-service] [http-nio-9004-exec-9] c.c.o.aspect.BusinessLogAspect           : 执行状态：成功
2026-03-29T23:09:59.621+08:00  INFO 27824 --- [user-service] [http-nio-9003-exec-3] c.c.u.aspect.BusinessLogAspect           : ========== 业务操作开始 ==========
2026-03-29T23:09:59.621+08:00  INFO 27824 --- [user-service] [http-nio-9003-exec-3] c.c.u.aspect.BusinessLogAspect           : 时间：2026-03-29 23:09:59.621
2026-03-29T23:09:59.621+08:00  INFO 27824 --- [user-service] [http-nio-9003-exec-3] c.c.u.aspect.BusinessLogAspect           : 接口：POST /user/login
2026-03-29T23:09:59.621+08:00  INFO 27824 --- [user-service] [http-nio-9003-exec-3] c.c.u.aspect.BusinessLogAspect           : 类名：UserServiceImpl.login
2026-03-29T23:09:59.621+08:00  INFO 27824 --- [user-service] [http-nio-9003-exec-3] c.c.u.aspect.BusinessLogAspect           : 业务描述：用户登录
2026-03-29T23:09:59.621+08:00  INFO 27824 --- [user-service] [http-nio-9003-exec-3] c.c.u.aspect.BusinessLogAspect           : 业务类型：用户认证
2026-03-29T23:09:59.621+08:00  INFO 27824 --- [user-service] [http-nio-9003-exec-3] c.c.u.aspect.BusinessLogAspect           : 请求参数：["13800000001","123456"]
2026-03-29T23:09:59.674+08:00  INFO 27824 --- [user-service] [http-nio-9003-exec-3] c.c.u.aspect.BusinessLogAspect           : ========== 业务操作结束 ==========
2026-03-29T23:09:59.675+08:00  INFO 27824 --- [user-service] [http-nio-9003-exec-3] c.c.u.aspect.BusinessLogAspect           : 执行耗时：53ms
2026-03-29T23:09:59.675+08:00  INFO 27824 --- [user-service] [http-nio-9003-exec-3] c.c.u.aspect.BusinessLogAspect           : 执行状态：成功
2026-03-29T23:10:01.080+08:00  INFO 13880 --- [doctor-service] [http-nio-9002-exec-2] c.c.d.aspect.BusinessLogAspect           : [业务] 排班查询 - ScheduleServiceImpl.findDetailByDate - 查询排班详情（缓存优化）
2026-03-29T23:10:02.259+08:00  INFO 27824 --- [user-service] [http-nio-9003-exec-4] c.c.u.aspect.BusinessLogAspect           : ========== 业务操作开始 ==========
2026-03-29T23:10:02.259+08:00  INFO 27824 --- [user-service] [http-nio-9003-exec-4] c.c.u.aspect.BusinessLogAspect           : 时间：2026-03-29 23:10:02.259
2026-03-29T23:10:02.259+08:00  INFO 27824 --- [user-service] [http-nio-9003-exec-4] c.c.u.aspect.BusinessLogAspect           : 接口：GET /user/patient/list
2026-03-29T23:10:02.259+08:00  INFO 27824 --- [user-service] [http-nio-9003-exec-4] c.c.u.aspect.BusinessLogAspect           : 类名：PatientServiceImpl.getPatients
2026-03-29T23:10:02.259+08:00  INFO 27824 --- [user-service] [http-nio-9003-exec-4] c.c.u.aspect.BusinessLogAspect           : 业务描述：查询就诊人列表
2026-03-29T23:10:02.260+08:00  INFO 27824 --- [user-service] [http-nio-9003-exec-4] c.c.u.aspect.BusinessLogAspect           : 业务类型：就诊人管理
2026-03-29T23:10:02.260+08:00  INFO 27824 --- [user-service] [http-nio-9003-exec-4] c.c.u.aspect.BusinessLogAspect           : 请求参数：[2038244279730257921]
2026-03-29T23:10:02.266+08:00  INFO 27824 --- [user-service] [http-nio-9003-exec-4] c.c.u.aspect.BusinessLogAspect           : ========== 业务操作结束 ==========
2026-03-29T23:10:02.266+08:00  INFO 27824 --- [user-service] [http-nio-9003-exec-4] c.c.u.aspect.BusinessLogAspect           : 执行耗时：6ms
2026-03-29T23:10:02.266+08:00  INFO 27824 --- [user-service] [http-nio-9003-exec-4] c.c.u.aspect.BusinessLogAspect           : 执行状态：成功
2026-03-29T23:10:03.804+08:00  INFO 13880 --- [doctor-service] [http-nio-9002-exec-3] c.c.d.aspect.BusinessLogAspect           : [业务] 排班查询 - ScheduleServiceImpl.findDetailByDate - 查询排班详情（缓存优化）
2026-03-29T23:10:06.284+08:00  INFO 13880 --- [doctor-service] [http-nio-9002-exec-9] c.c.d.aspect.BusinessLogAspect           : [业务] 排班查询 - ScheduleServiceImpl.findDetailByDate - 查询排班详情（缓存优化）
2026-03-29T23:10:11.028+08:00  INFO 6996 --- [order-service] [http-nio-9004-exec-5] c.c.o.aspect.BusinessLogAspect           : ========== 业务操作开始 ==========
2026-03-29T23:10:11.028+08:00  INFO 6996 --- [order-service] [http-nio-9004-exec-5] c.c.o.aspect.BusinessLogAspect           : 时间：2026-03-29 23:10:11.028
2026-03-29T23:10:11.028+08:00  INFO 6996 --- [order-service] [http-nio-9004-exec-5] c.c.o.aspect.BusinessLogAspect           : 接口：GET /order/list
2026-03-29T23:10:11.028+08:00  INFO 6996 --- [order-service] [http-nio-9004-exec-5] c.c.o.aspect.BusinessLogAspect           : 类名：OrderServiceImpl.getOrders
2026-03-29T23:10:11.028+08:00  INFO 6996 --- [order-service] [http-nio-9004-exec-5] c.c.o.aspect.BusinessLogAspect           : 业务描述：查询用户订单列表
2026-03-29T23:10:11.028+08:00  INFO 6996 --- [order-service] [http-nio-9004-exec-5] c.c.o.aspect.BusinessLogAspect           : 业务类型：订单查询
2026-03-29T23:10:11.028+08:00  INFO 6996 --- [order-service] [http-nio-9004-exec-5] c.c.o.aspect.BusinessLogAspect           : 请求参数：[2038244279730257921]
2026-03-29T23:10:11.035+08:00  INFO 6996 --- [order-service] [http-nio-9004-exec-5] c.c.o.aspect.BusinessLogAspect           : ========== 业务操作结束 ==========
2026-03-29T23:10:11.035+08:00  INFO 6996 --- [order-service] [http-nio-9004-exec-5] c.c.o.aspect.BusinessLogAspect           : 执行耗时：7ms
2026-03-29T23:10:11.035+08:00  INFO 6996 --- [order-service] [http-nio-9004-exec-5] c.c.o.aspect.BusinessLogAspect           : 执行状态：成功
2026-03-29T23:10:11.596+08:00  INFO 13880 --- [doctor-service] [http-nio-9002-exec-8] c.c.d.aspect.BusinessLogAspect           : [业务] 排班查询 - ScheduleServiceImpl.findDetailByDate - 查询排班详情（缓存优化）
2026-03-29T23:10:12.220+08:00  INFO 6996 --- [order-service] [http-nio-9004-exec-6] c.c.o.aspect.BusinessLogAspect           : ========== 业务操作开始 ==========
2026-03-29T23:10:12.220+08:00  INFO 6996 --- [order-service] [http-nio-9004-exec-6] c.c.o.aspect.BusinessLogAspect           : 时间：2026-03-29 23:10:12.220
2026-03-29T23:10:12.220+08:00  INFO 6996 --- [order-service] [http-nio-9004-exec-6] c.c.o.aspect.BusinessLogAspect           : 接口：GET /order/list
2026-03-29T23:10:12.220+08:00  INFO 6996 --- [order-service] [http-nio-9004-exec-6] c.c.o.aspect.BusinessLogAspect           : 类名：OrderServiceImpl.getOrders
2026-03-29T23:10:12.220+08:00  INFO 6996 --- [order-service] [http-nio-9004-exec-6] c.c.o.aspect.BusinessLogAspect           : 业务描述：查询用户订单列表
2026-03-29T23:10:12.220+08:00  INFO 6996 --- [order-service] [http-nio-9004-exec-6] c.c.o.aspect.BusinessLogAspect           : 业务类型：订单查询
2026-03-29T23:10:12.220+08:00  INFO 6996 --- [order-service] [http-nio-9004-exec-6] c.c.o.aspect.BusinessLogAspect           : 请求参数：[2038244279730257921]
2026-03-29T23:10:12.228+08:00  INFO 6996 --- [order-service] [http-nio-9004-exec-6] c.c.o.aspect.BusinessLogAspect           : ========== 业务操作结束 ==========
2026-03-29T23:10:12.228+08:00  INFO 6996 --- [order-service] [http-nio-9004-exec-6] c.c.o.aspect.BusinessLogAspect           : 执行耗时：8ms
2026-03-29T23:10:12.228+08:00  INFO 6996 --- [order-service] [http-nio-9004-exec-6] c.c.o.aspect.BusinessLogAspect           : 执行状态：成功
2026-03-29T23:10:12.581+08:00  INFO 27824 --- [user-service] [http-nio-9003-exec-5] c.c.u.aspect.BusinessLogAspect           : ========== 业务操作开始 ==========
2026-03-29T23:10:12.581+08:00  INFO 27824 --- [user-service] [http-nio-9003-exec-5] c.c.u.aspect.BusinessLogAspect           : 时间：2026-03-29 23:10:12.581
2026-03-29T23:10:12.581+08:00  INFO 27824 --- [user-service] [http-nio-9003-exec-5] c.c.u.aspect.BusinessLogAspect           : 接口：GET /user/patient/list
2026-03-29T23:10:12.581+08:00  INFO 27824 --- [user-service] [http-nio-9003-exec-5] c.c.u.aspect.BusinessLogAspect           : 类名：PatientServiceImpl.getPatients
2026-03-29T23:10:12.581+08:00  INFO 27824 --- [user-service] [http-nio-9003-exec-5] c.c.u.aspect.BusinessLogAspect           : 业务描述：查询就诊人列表
2026-03-29T23:10:12.581+08:00  INFO 27824 --- [user-service] [http-nio-9003-exec-5] c.c.u.aspect.BusinessLogAspect           : 业务类型：就诊人管理
2026-03-29T23:10:12.581+08:00  INFO 27824 --- [user-service] [http-nio-9003-exec-5] c.c.u.aspect.BusinessLogAspect           : 请求参数：[2038244279730257921]
2026-03-29T23:10:12.590+08:00  INFO 27824 --- [user-service] [http-nio-9003-exec-5] c.c.u.aspect.BusinessLogAspect           : ========== 业务操作结束 ==========
2026-03-29T23:10:12.590+08:00  INFO 27824 --- [user-service] [http-nio-9003-exec-5] c.c.u.aspect.BusinessLogAspect           : 执行耗时：9ms
2026-03-29T23:10:12.590+08:00  INFO 27824 --- [user-service] [http-nio-9003-exec-5] c.c.u.aspect.BusinessLogAspect           : 执行状态：成功
2026-03-29T23:10:13.053+08:00  INFO 6996 --- [order-service] [http-nio-9004-exec-10] c.c.o.aspect.BusinessLogAspect           : ========== 业务操作开始 ==========
2026-03-29T23:10:13.053+08:00  INFO 6996 --- [order-service] [http-nio-9004-exec-10] c.c.o.aspect.BusinessLogAspect           : 时间：2026-03-29 23:10:13.053
2026-03-29T23:10:13.053+08:00  INFO 6996 --- [order-service] [http-nio-9004-exec-10] c.c.o.aspect.BusinessLogAspect           : 接口：GET /order/list
2026-03-29T23:10:13.054+08:00  INFO 6996 --- [order-service] [http-nio-9004-exec-10] c.c.o.aspect.BusinessLogAspect           : 类名：OrderServiceImpl.getOrders
2026-03-29T23:10:13.054+08:00  INFO 6996 --- [order-service] [http-nio-9004-exec-10] c.c.o.aspect.BusinessLogAspect           : 业务描述：查询用户订单列表
2026-03-29T23:10:13.054+08:00  INFO 6996 --- [order-service] [http-nio-9004-exec-10] c.c.o.aspect.BusinessLogAspect           : 业务类型：订单查询
2026-03-29T23:10:13.054+08:00  INFO 6996 --- [order-service] [http-nio-9004-exec-10] c.c.o.aspect.BusinessLogAspect           : 请求参数：[2038244279730257921]
2026-03-29T23:10:13.062+08:00  INFO 6996 --- [order-service] [http-nio-9004-exec-10] c.c.o.aspect.BusinessLogAspect           : ========== 业务操作结束 ==========
2026-03-29T23:10:13.062+08:00  INFO 6996 --- [order-service] [http-nio-9004-exec-10] c.c.o.aspect.BusinessLogAspect           : 执行耗时：8ms
2026-03-29T23:10:13.063+08:00  INFO 6996 --- [order-service] [http-nio-9004-exec-10] c.c.o.aspect.BusinessLogAspect           : 执行状态：成功
2026-03-29T23:10:13.496+08:00  INFO 13880 --- [doctor-service] [http-nio-9002-exec-4] c.c.d.aspect.BusinessLogAspect           : [业务] 排班查询 - ScheduleServiceImpl.findDetailByDate - 查询排班详情（缓存优化）
2026-03-29T23:10:14.580+08:00  INFO 13880 --- [doctor-service] [http-nio-9002-exec-1] c.c.d.aspect.BusinessLogAspect           : [业务] 排班查询 - ScheduleServiceImpl.findDetailByDate - 查询排班详情（缓存优化）
2026-03-29T23:10:16.786+08:00  INFO 6996 --- [order-service] [http-nio-9004-exec-4] c.c.o.aspect.BusinessLogAspect           : ========== 业务操作开始 ==========
2026-03-29T23:10:16.786+08:00  INFO 6996 --- [order-service] [http-nio-9004-exec-4] c.c.o.aspect.BusinessLogAspect           : 时间：2026-03-29 23:10:16.786
2026-03-29T23:10:16.786+08:00  INFO 6996 --- [order-service] [http-nio-9004-exec-4] c.c.o.aspect.BusinessLogAspect           : 接口：GET /order/list
2026-03-29T23:10:16.786+08:00  INFO 6996 --- [order-service] [http-nio-9004-exec-4] c.c.o.aspect.BusinessLogAspect           : 类名：OrderServiceImpl.getOrders
2026-03-29T23:10:16.786+08:00  INFO 6996 --- [order-service] [http-nio-9004-exec-4] c.c.o.aspect.BusinessLogAspect           : 业务描述：查询用户订单列表
2026-03-29T23:10:16.786+08:00  INFO 6996 --- [order-service] [http-nio-9004-exec-4] c.c.o.aspect.BusinessLogAspect           : 业务类型：订单查询
2026-03-29T23:10:16.786+08:00  INFO 6996 --- [order-service] [http-nio-9004-exec-4] c.c.o.aspect.BusinessLogAspect           : 请求参数：[2038244279730257921]
2026-03-29T23:10:16.795+08:00  INFO 6996 --- [order-service] [http-nio-9004-exec-4] c.c.o.aspect.BusinessLogAspect           : ========== 业务操作结束 ==========
2026-03-29T23:10:16.795+08:00  INFO 6996 --- [order-service] [http-nio-9004-exec-4] c.c.o.aspect.BusinessLogAspect           : 执行耗时：9ms
2026-03-29T23:10:16.795+08:00  INFO 6996 --- [order-service] [http-nio-9004-exec-4] c.c.o.aspect.BusinessLogAspect           : 执行状态：成功
2026-03-29T23:10:17.179+08:00  INFO 13880 --- [doctor-service] [http-nio-9002-exec-5] c.c.d.aspect.BusinessLogAspect           : [业务] 排班查询 - ScheduleServiceImpl.findDetailByDate - 查询排班详情（缓存优化）
2026-03-29T23:10:17.809+08:00  INFO 27824 --- [user-service] [http-nio-9003-exec-7] c.c.u.aspect.BusinessLogAspect           : ========== 业务操作开始 ==========
2026-03-29T23:10:17.809+08:00  INFO 27824 --- [user-service] [http-nio-9003-exec-7] c.c.u.aspect.BusinessLogAspect           : 时间：2026-03-29 23:10:17.809
2026-03-29T23:10:17.809+08:00  INFO 27824 --- [user-service] [http-nio-9003-exec-7] c.c.u.aspect.BusinessLogAspect           : 接口：GET /user/patient/list
2026-03-29T23:10:17.809+08:00  INFO 27824 --- [user-service] [http-nio-9003-exec-7] c.c.u.aspect.BusinessLogAspect           : 类名：PatientServiceImpl.getPatients
2026-03-29T23:10:17.809+08:00  INFO 27824 --- [user-service] [http-nio-9003-exec-7] c.c.u.aspect.BusinessLogAspect           : 业务描述：查询就诊人列表
2026-03-29T23:10:17.809+08:00  INFO 27824 --- [user-service] [http-nio-9003-exec-7] c.c.u.aspect.BusinessLogAspect           : 业务类型：就诊人管理
2026-03-29T23:10:17.809+08:00  INFO 27824 --- [user-service] [http-nio-9003-exec-7] c.c.u.aspect.BusinessLogAspect           : 请求参数：[2038244279730257921]
2026-03-29T23:10:17.815+08:00  INFO 27824 --- [user-service] [http-nio-9003-exec-7] c.c.u.aspect.BusinessLogAspect           : ========== 业务操作结束 ==========
2026-03-29T23:10:17.815+08:00  INFO 27824 --- [user-service] [http-nio-9003-exec-7] c.c.u.aspect.BusinessLogAspect           : 执行耗时：6ms
2026-03-29T23:10:17.815+08:00  INFO 27824 --- [user-service] [http-nio-9003-exec-7] c.c.u.aspect.BusinessLogAspect           : 执行状态：成功
2026-03-29T23:10:20.532+08:00  INFO 27824 --- [user-service] [http-nio-9003-exec-8] c.c.u.aspect.BusinessLogAspect           : ========== 业务操作开始 ==========
2026-03-29T23:10:20.532+08:00  INFO 27824 --- [user-service] [http-nio-9003-exec-8] c.c.u.aspect.BusinessLogAspect           : 时间：2026-03-29 23:10:20.532
2026-03-29T23:10:20.532+08:00  INFO 27824 --- [user-service] [http-nio-9003-exec-8] c.c.u.aspect.BusinessLogAspect           : 接口：GET /user/patient/list
2026-03-29T23:10:20.532+08:00  INFO 27824 --- [user-service] [http-nio-9003-exec-8] c.c.u.aspect.BusinessLogAspect           : 类名：PatientServiceImpl.getPatients
2026-03-29T23:10:20.532+08:00  INFO 27824 --- [user-service] [http-nio-9003-exec-8] c.c.u.aspect.BusinessLogAspect           : 业务描述：查询就诊人列表
2026-03-29T23:10:20.532+08:00  INFO 27824 --- [user-service] [http-nio-9003-exec-8] c.c.u.aspect.BusinessLogAspect           : 业务类型：就诊人管理
2026-03-29T23:10:20.532+08:00  INFO 27824 --- [user-service] [http-nio-9003-exec-8] c.c.u.aspect.BusinessLogAspect           : 请求参数：[2038244279730257921]
2026-03-29T23:10:20.541+08:00  INFO 27824 --- [user-service] [http-nio-9003-exec-8] c.c.u.aspect.BusinessLogAspect           : ========== 业务操作结束 ==========
2026-03-29T23:10:20.541+08:00  INFO 27824 --- [user-service] [http-nio-9003-exec-8] c.c.u.aspect.BusinessLogAspect           : 执行耗时：9ms
2026-03-29T23:10:20.541+08:00  INFO 27824 --- [user-service] [http-nio-9003-exec-8] c.c.u.aspect.BusinessLogAspect           : 执行状态：成功
2026-03-29T23:10:27.830+08:00  INFO 27824 --- [user-service] [http-nio-9003-exec-6] c.c.u.aspect.BusinessLogAspect           : ========== 业务操作开始 ==========
2026-03-29T23:10:27.830+08:00  INFO 27824 --- [user-service] [http-nio-9003-exec-6] c.c.u.aspect.BusinessLogAspect           : 时间：2026-03-29 23:10:27.830
2026-03-29T23:10:27.830+08:00  INFO 27824 --- [user-service] [http-nio-9003-exec-6] c.c.u.aspect.BusinessLogAspect           : 接口：POST /user/login
2026-03-29T23:10:27.830+08:00  INFO 27824 --- [user-service] [http-nio-9003-exec-6] c.c.u.aspect.BusinessLogAspect           : 类名：UserServiceImpl.login
2026-03-29T23:10:27.830+08:00  INFO 27824 --- [user-service] [http-nio-9003-exec-6] c.c.u.aspect.BusinessLogAspect           : 业务描述：用户登录
2026-03-29T23:10:27.830+08:00  INFO 27824 --- [user-service] [http-nio-9003-exec-6] c.c.u.aspect.BusinessLogAspect           : 业务类型：用户认证
2026-03-29T23:10:27.830+08:00  INFO 27824 --- [user-service] [http-nio-9003-exec-6] c.c.u.aspect.BusinessLogAspect           : 请求参数：["13800000001","123456"]
2026-03-29T23:10:27.840+08:00  INFO 27824 --- [user-service] [http-nio-9003-exec-6] c.c.u.aspect.BusinessLogAspect           : ========== 业务操作结束 ==========
2026-03-29T23:10:27.840+08:00  INFO 27824 --- [user-service] [http-nio-9003-exec-6] c.c.u.aspect.BusinessLogAspect           : 执行耗时：10ms
2026-03-29T23:10:27.840+08:00  INFO 27824 --- [user-service] [http-nio-9003-exec-6] c.c.u.aspect.BusinessLogAspect           : 执行状态：成功
2026-03-29T23:10:29.966+08:00  INFO 6996 --- [order-service] [http-nio-9004-exec-1] c.c.o.aspect.BusinessLogAspect           : ========== 业务操作开始 ==========
2026-03-29T23:10:29.966+08:00  INFO 6996 --- [order-service] [http-nio-9004-exec-1] c.c.o.aspect.BusinessLogAspect           : 时间：2026-03-29 23:10:29.966
2026-03-29T23:10:29.966+08:00  INFO 6996 --- [order-service] [http-nio-9004-exec-1] c.c.o.aspect.BusinessLogAspect           : 接口：GET /order/list
2026-03-29T23:10:29.966+08:00  INFO 6996 --- [order-service] [http-nio-9004-exec-1] c.c.o.aspect.BusinessLogAspect           : 类名：OrderServiceImpl.getOrders
2026-03-29T23:10:29.966+08:00  INFO 6996 --- [order-service] [http-nio-9004-exec-1] c.c.o.aspect.BusinessLogAspect           : 业务描述：查询用户订单列表
2026-03-29T23:10:29.966+08:00  INFO 6996 --- [order-service] [http-nio-9004-exec-1] c.c.o.aspect.BusinessLogAspect           : 业务类型：订单查询
2026-03-29T23:10:29.966+08:00  INFO 6996 --- [order-service] [http-nio-9004-exec-1] c.c.o.aspect.BusinessLogAspect           : 请求参数：[2038244279730257921]
2026-03-29T23:10:29.976+08:00  INFO 6996 --- [order-service] [http-nio-9004-exec-1] c.c.o.aspect.BusinessLogAspect           : ========== 业务操作结束 ==========
2026-03-29T23:10:29.976+08:00  INFO 6996 --- [order-service] [http-nio-9004-exec-1] c.c.o.aspect.BusinessLogAspect           : 执行耗时：10ms
2026-03-29T23:10:29.976+08:00  INFO 6996 --- [order-service] [http-nio-9004-exec-1] c.c.o.aspect.BusinessLogAspect           : 执行状态：成功
2026-03-29T23:10:30.944+08:00  INFO 27824 --- [user-service] [http-nio-9003-exec-9] c.c.u.aspect.BusinessLogAspect           : ========== 业务操作开始 ==========
2026-03-29T23:10:30.944+08:00  INFO 27824 --- [user-service] [http-nio-9003-exec-9] c.c.u.aspect.BusinessLogAspect           : 时间：2026-03-29 23:10:30.944
2026-03-29T23:10:30.944+08:00  INFO 27824 --- [user-service] [http-nio-9003-exec-9] c.c.u.aspect.BusinessLogAspect           : 接口：GET /user/patient/list
2026-03-29T23:10:30.944+08:00  INFO 27824 --- [user-service] [http-nio-9003-exec-9] c.c.u.aspect.BusinessLogAspect           : 类名：PatientServiceImpl.getPatients
2026-03-29T23:10:30.944+08:00  INFO 27824 --- [user-service] [http-nio-9003-exec-9] c.c.u.aspect.BusinessLogAspect           : 业务描述：查询就诊人列表
2026-03-29T23:10:30.944+08:00  INFO 27824 --- [user-service] [http-nio-9003-exec-9] c.c.u.aspect.BusinessLogAspect           : 业务类型：就诊人管理
2026-03-29T23:10:30.944+08:00  INFO 27824 --- [user-service] [http-nio-9003-exec-9] c.c.u.aspect.BusinessLogAspect           : 请求参数：[2038244279730257921]
2026-03-29T23:10:30.952+08:00  INFO 27824 --- [user-service] [http-nio-9003-exec-9] c.c.u.aspect.BusinessLogAspect           : ========== 业务操作结束 ==========
2026-03-29T23:10:30.952+08:00  INFO 27824 --- [user-service] [http-nio-9003-exec-9] c.c.u.aspect.BusinessLogAspect           : 执行耗时：8ms
2026-03-29T23:10:30.952+08:00  INFO 27824 --- [user-service] [http-nio-9003-exec-9] c.c.u.aspect.BusinessLogAspect           : 执行状态：成功
2026-03-29T23:10:43.448+08:00  INFO 27824 --- [user-service] [http-nio-9003-exec-10] c.c.u.aspect.BusinessLogAspect           : ========== 业务操作开始 ==========
2026-03-29T23:10:43.448+08:00  INFO 27824 --- [user-service] [http-nio-9003-exec-10] c.c.u.aspect.BusinessLogAspect           : 时间：2026-03-29 23:10:43.448
2026-03-29T23:10:43.448+08:00  INFO 27824 --- [user-service] [http-nio-9003-exec-10] c.c.u.aspect.BusinessLogAspect           : 接口：POST /user/patient/insert
2026-03-29T23:10:43.448+08:00  INFO 27824 --- [user-service] [http-nio-9003-exec-10] c.c.u.aspect.BusinessLogAspect           : 类名：PatientServiceImpl.insertPatient
2026-03-29T23:10:43.448+08:00  INFO 27824 --- [user-service] [http-nio-9003-exec-10] c.c.u.aspect.BusinessLogAspect           : 业务描述：添加就诊人
2026-03-29T23:10:43.448+08:00  INFO 27824 --- [user-service] [http-nio-9003-exec-10] c.c.u.aspect.BusinessLogAspect           : 业务类型：就诊人管理
2026-03-29T23:10:43.449+08:00  INFO 27824 --- [user-service] [http-nio-9003-exec-10] c.c.u.aspect.BusinessLogAspect           : 请求参数：[2038244279730257921,{"gender":1,"idCard":"546161651651651651","name":"chen","phone":"123123414141412"}]
2026-03-29T23:10:43.611+08:00 ERROR 27824 --- [user-service] [http-nio-9003-exec-10] c.c.u.aspect.BusinessLogAspect           : 业务执行异常：
### Error updating database.  Cause: com.mysql.cj.jdbc.exceptions.MysqlDataTruncation: Data truncation: Data too long for column 'phone' at row 1
### The error may exist in com/cly/userservice/mapper/PatientMapper.java (best guess)
### The error may involve com.cly.userservice.mapper.PatientMapper.insert-Inline
### The error occurred while setting parameters
### SQL: INSERT INTO uc_patient  ( id, user_id, name, id_card, gender,  phone, is_default, create_time, update_time )  VALUES (  ?, ?, ?, ?, ?,  ?, ?, ?, ?  )
### Cause: com.mysql.cj.jdbc.exceptions.MysqlDataTruncation: Data truncation: Data too long for column 'phone' at row 1
; Data truncation: Data too long for column 'phone' at row 1

org.springframework.dao.DataIntegrityViolationException: 
### Error updating database.  Cause: com.mysql.cj.jdbc.exceptions.MysqlDataTruncation: Data truncation: Data too long for column 'phone' at row 1
### The error may exist in com/cly/userservice/mapper/PatientMapper.java (best guess)
### The error may involve com.cly.userservice.mapper.PatientMapper.insert-Inline
### The error occurred while setting parameters
### SQL: INSERT INTO uc_patient  ( id, user_id, name, id_card, gender,  phone, is_default, create_time, update_time )  VALUES (  ?, ?, ?, ?, ?,  ?, ?, ?, ?  )
### Cause: com.mysql.cj.jdbc.exceptions.MysqlDataTruncation: Data truncation: Data too long for column 'phone' at row 1
; Data truncation: Data too long for column 'phone' at row 1
	at org.springframework.jdbc.support.SQLStateSQLExceptionTranslator.doTranslate(SQLStateSQLExceptionTranslator.java:140) ~[spring-jdbc-7.0.5.jar:7.0.5]
	at org.springframework.jdbc.support.AbstractFallbackSQLExceptionTranslator.translate(AbstractFallbackSQLExceptionTranslator.java:102) ~[spring-jdbc-7.0.5.jar:7.0.5]
	at org.springframework.jdbc.support.AbstractFallbackSQLExceptionTranslator.translate(AbstractFallbackSQLExceptionTranslator.java:111) ~[spring-jdbc-7.0.5.jar:7.0.5]
	at org.springframework.jdbc.support.AbstractFallbackSQLExceptionTranslator.translate(AbstractFallbackSQLExceptionTranslator.java:111) ~[spring-jdbc-7.0.5.jar:7.0.5]
	at org.mybatis.spring.MyBatisExceptionTranslator.translateExceptionIfPossible(MyBatisExceptionTranslator.java:93) ~[mybatis-spring-3.0.4.jar:3.0.4]
	at org.mybatis.spring.SqlSessionTemplate$SqlSessionInterceptor.invoke(SqlSessionTemplate.java:347) ~[mybatis-spring-3.0.4.jar:3.0.4]
	at jdk.proxy2/jdk.proxy2.$Proxy87.insert(Unknown Source) ~[na:na]
	at org.mybatis.spring.SqlSessionTemplate.insert(SqlSessionTemplate.java:224) ~[mybatis-spring-3.0.4.jar:3.0.4]
	at com.baomidou.mybatisplus.core.override.MybatisMapperMethod.execute(MybatisMapperMethod.java:59) ~[mybatis-plus-core-3.5.10.1.jar:3.5.10.1]
	at com.baomidou.mybatisplus.core.override.MybatisMapperProxy$PlainMethodInvoker.invoke(MybatisMapperProxy.java:155) ~[mybatis-plus-core-3.5.10.1.jar:3.5.10.1]
	at com.baomidou.mybatisplus.core.override.MybatisMapperProxy.invoke(MybatisMapperProxy.java:92) ~[mybatis-plus-core-3.5.10.1.jar:3.5.10.1]
	at jdk.proxy2/jdk.proxy2.$Proxy89.insert(Unknown Source) ~[na:na]
	at com.cly.userservice.service.impl.PatientServiceImpl.insertPatient(PatientServiceImpl.java:53) ~[classes/:na]
	at java.base/jdk.internal.reflect.DirectMethodHandleAccessor.invoke(DirectMethodHandleAccessor.java:103) ~[na:na]
	at java.base/java.lang.reflect.Method.invoke(Method.java:580) ~[na:na]
	at org.springframework.aop.support.AopUtils.invokeJoinpointUsingReflection(AopUtils.java:359) ~[spring-aop-7.0.5.jar:7.0.5]
	at org.springframework.aop.framework.ReflectiveMethodInvocation.invokeJoinpoint(ReflectiveMethodInvocation.java:190) ~[spring-aop-7.0.5.jar:7.0.5]
	at org.springframework.aop.framework.ReflectiveMethodInvocation.proceed(ReflectiveMethodInvocation.java:158) ~[spring-aop-7.0.5.jar:7.0.5]
	at org.springframework.aop.aspectj.MethodInvocationProceedingJoinPoint.proceed(MethodInvocationProceedingJoinPoint.java:82) ~[spring-aop-7.0.5.jar:7.0.5]
	at com.cly.userservice.aspect.BusinessLogAspect.around(BusinessLogAspect.java:75) ~[classes/:na]
	at java.base/jdk.internal.reflect.DirectMethodHandleAccessor.invoke(DirectMethodHandleAccessor.java:103) ~[na:na]
	at java.base/java.lang.reflect.Method.invoke(Method.java:580) ~[na:na]
	at org.springframework.aop.aspectj.AbstractAspectJAdvice.invokeAdviceMethodWithGivenArgs(AbstractAspectJAdvice.java:648) ~[spring-aop-7.0.5.jar:7.0.5]
	at org.springframework.aop.aspectj.AbstractAspectJAdvice.invokeAdviceMethod(AbstractAspectJAdvice.java:630) ~[spring-aop-7.0.5.jar:7.0.5]
	at org.springframework.aop.aspectj.AspectJAroundAdvice.invoke(AspectJAroundAdvice.java:70) ~[spring-aop-7.0.5.jar:7.0.5]
	at org.springframework.aop.framework.ReflectiveMethodInvocation.proceed(ReflectiveMethodInvocation.java:168) ~[spring-aop-7.0.5.jar:7.0.5]
	at org.springframework.aop.interceptor.ExposeInvocationInterceptor.invoke(ExposeInvocationInterceptor.java:96) ~[spring-aop-7.0.5.jar:7.0.5]
	at org.springframework.aop.framework.ReflectiveMethodInvocation.proceed(ReflectiveMethodInvocation.java:179) ~[spring-aop-7.0.5.jar:7.0.5]
	at org.springframework.aop.framework.CglibAopProxy$DynamicAdvisedInterceptor.intercept(CglibAopProxy.java:719) ~[spring-aop-7.0.5.jar:7.0.5]
	at com.cly.userservice.service.impl.PatientServiceImpl$$SpringCGLIB$$0.insertPatient(<generated>) ~[classes/:na]
	at com.cly.userservice.controller.UserController.insertPatient(UserController.java:43) ~[classes/:na]
	at java.base/jdk.internal.reflect.DirectMethodHandleAccessor.invoke(DirectMethodHandleAccessor.java:103) ~[na:na]
	at java.base/java.lang.reflect.Method.invoke(Method.java:580) ~[na:na]
	at org.springframework.web.method.support.InvocableHandlerMethod.doInvoke(InvocableHandlerMethod.java:252) ~[spring-web-7.0.5.jar:7.0.5]
	at org.springframework.web.method.support.InvocableHandlerMethod.invokeForRequest(InvocableHandlerMethod.java:184) ~[spring-web-7.0.5.jar:7.0.5]
	at org.springframework.web.servlet.mvc.method.annotation.ServletInvocableHandlerMethod.invokeAndHandle(ServletInvocableHandlerMethod.java:117) ~[spring-webmvc-7.0.5.jar:7.0.5]
	at org.springframework.web.servlet.mvc.method.annotation.RequestMappingHandlerAdapter.invokeHandlerMethod(RequestMappingHandlerAdapter.java:934) ~[spring-webmvc-7.0.5.jar:7.0.5]
	at org.springframework.web.servlet.mvc.method.annotation.RequestMappingHandlerAdapter.handleInternal(RequestMappingHandlerAdapter.java:853) ~[spring-webmvc-7.0.5.jar:7.0.5]
	at org.springframework.web.servlet.mvc.method.AbstractHandlerMethodAdapter.handle(AbstractHandlerMethodAdapter.java:86) ~[spring-webmvc-7.0.5.jar:7.0.5]
	at org.springframework.web.servlet.DispatcherServlet.doDispatch(DispatcherServlet.java:963) ~[spring-webmvc-7.0.5.jar:7.0.5]
	at org.springframework.web.servlet.DispatcherServlet.doService(DispatcherServlet.java:866) ~[spring-webmvc-7.0.5.jar:7.0.5]
	at org.springframework.web.servlet.FrameworkServlet.processRequest(FrameworkServlet.java:1000) ~[spring-webmvc-7.0.5.jar:7.0.5]
	at org.springframework.web.servlet.FrameworkServlet.doPost(FrameworkServlet.java:903) ~[spring-webmvc-7.0.5.jar:7.0.5]
	at jakarta.servlet.http.HttpServlet.service(HttpServlet.java:649) ~[tomcat-embed-core-11.0.18.jar:6.1]
	at org.springframework.web.servlet.FrameworkServlet.service(FrameworkServlet.java:874) ~[spring-webmvc-7.0.5.jar:7.0.5]
	at jakarta.servlet.http.HttpServlet.service(HttpServlet.java:710) ~[tomcat-embed-core-11.0.18.jar:6.1]
	at org.apache.catalina.core.ApplicationFilterChain.doFilter(ApplicationFilterChain.java:128) ~[tomcat-embed-core-11.0.18.jar:11.0.18]
	at org.apache.tomcat.websocket.server.WsFilter.doFilter(WsFilter.java:53) ~[tomcat-embed-websocket-11.0.18.jar:11.0.18]
	at org.apache.catalina.core.ApplicationFilterChain.doFilter(ApplicationFilterChain.java:107) ~[tomcat-embed-core-11.0.18.jar:11.0.18]
	at org.springframework.web.filter.RequestContextFilter.doFilterInternal(RequestContextFilter.java:100) ~[spring-web-7.0.5.jar:7.0.5]
	at org.springframework.web.filter.OncePerRequestFilter.doFilter(OncePerRequestFilter.java:116) ~[spring-web-7.0.5.jar:7.0.5]
	at org.apache.catalina.core.ApplicationFilterChain.doFilter(ApplicationFilterChain.java:107) ~[tomcat-embed-core-11.0.18.jar:11.0.18]
	at org.springframework.web.filter.FormContentFilter.doFilterInternal(FormContentFilter.java:93) ~[spring-web-7.0.5.jar:7.0.5]
	at org.springframework.web.filter.OncePerRequestFilter.doFilter(OncePerRequestFilter.java:116) ~[spring-web-7.0.5.jar:7.0.5]
	at org.apache.catalina.core.ApplicationFilterChain.doFilter(ApplicationFilterChain.java:107) ~[tomcat-embed-core-11.0.18.jar:11.0.18]
	at org.springframework.web.filter.CharacterEncodingFilter.doFilterInternal(CharacterEncodingFilter.java:199) ~[spring-web-7.0.5.jar:7.0.5]
	at org.springframework.web.filter.OncePerRequestFilter.doFilter(OncePerRequestFilter.java:116) ~[spring-web-7.0.5.jar:7.0.5]
	at org.apache.catalina.core.ApplicationFilterChain.doFilter(ApplicationFilterChain.java:107) ~[tomcat-embed-core-11.0.18.jar:11.0.18]
	at org.apache.catalina.core.StandardWrapperValve.invoke(StandardWrapperValve.java:165) ~[tomcat-embed-core-11.0.18.jar:11.0.18]
	at org.apache.catalina.core.StandardContextValve.invoke(StandardContextValve.java:77) ~[tomcat-embed-core-11.0.18.jar:11.0.18]
	at org.apache.catalina.authenticator.AuthenticatorBase.invoke(AuthenticatorBase.java:492) ~[tomcat-embed-core-11.0.18.jar:11.0.18]
	at org.apache.catalina.core.StandardHostValve.invoke(StandardHostValve.java:113) ~[tomcat-embed-core-11.0.18.jar:11.0.18]
	at org.apache.catalina.valves.ErrorReportValve.invoke(ErrorReportValve.java:83) ~[tomcat-embed-core-11.0.18.jar:11.0.18]
	at org.apache.catalina.core.StandardEngineValve.invoke(StandardEngineValve.java:72) ~[tomcat-embed-core-11.0.18.jar:11.0.18]
	at org.apache.catalina.connector.CoyoteAdapter.service(CoyoteAdapter.java:341) ~[tomcat-embed-core-11.0.18.jar:11.0.18]
	at org.apache.coyote.http11.Http11Processor.service(Http11Processor.java:397) ~[tomcat-embed-core-11.0.18.jar:11.0.18]
	at org.apache.coyote.AbstractProcessorLight.process(AbstractProcessorLight.java:63) ~[tomcat-embed-core-11.0.18.jar:11.0.18]
	at org.apache.coyote.AbstractProtocol$ConnectionHandler.process(AbstractProtocol.java:903) ~[tomcat-embed-core-11.0.18.jar:11.0.18]
	at org.apache.tomcat.util.net.NioEndpoint$SocketProcessor.doRun(NioEndpoint.java:1779) ~[tomcat-embed-core-11.0.18.jar:11.0.18]
	at org.apache.tomcat.util.net.SocketProcessorBase.run(SocketProcessorBase.java:52) ~[tomcat-embed-core-11.0.18.jar:11.0.18]
	at org.apache.tomcat.util.threads.ThreadPoolExecutor.runWorker(ThreadPoolExecutor.java:946) ~[tomcat-embed-core-11.0.18.jar:11.0.18]
	at org.apache.tomcat.util.threads.ThreadPoolExecutor$Worker.run(ThreadPoolExecutor.java:480) ~[tomcat-embed-core-11.0.18.jar:11.0.18]
	at org.apache.tomcat.util.threads.TaskThread$WrappingRunnable.run(TaskThread.java:57) ~[tomcat-embed-core-11.0.18.jar:11.0.18]
	at java.base/java.lang.Thread.run(Thread.java:1583) ~[na:na]
Caused by: com.mysql.cj.jdbc.exceptions.MysqlDataTruncation: Data truncation: Data too long for column 'phone' at row 1
	at com.mysql.cj.jdbc.exceptions.SQLExceptionsMapping.translateException(SQLExceptionsMapping.java:104) ~[mysql-connector-j-8.0.31.jar:8.0.31]
	at com.mysql.cj.jdbc.ClientPreparedStatement.executeInternal(ClientPreparedStatement.java:916) ~[mysql-connector-j-8.0.31.jar:8.0.31]
	at com.mysql.cj.jdbc.ClientPreparedStatement.execute(ClientPreparedStatement.java:354) ~[mysql-connector-j-8.0.31.jar:8.0.31]
	at com.zaxxer.hikari.pool.ProxyPreparedStatement.execute(ProxyPreparedStatement.java:44) ~[HikariCP-7.0.2.jar:na]
	at com.zaxxer.hikari.pool.HikariProxyPreparedStatement.execute(HikariProxyPreparedStatement.java) ~[HikariCP-7.0.2.jar:na]
	at java.base/jdk.internal.reflect.DirectMethodHandleAccessor.invoke(DirectMethodHandleAccessor.java:103) ~[na:na]
	at java.base/java.lang.reflect.Method.invoke(Method.java:580) ~[na:na]
	at org.apache.ibatis.logging.jdbc.PreparedStatementLogger.invoke(PreparedStatementLogger.java:58) ~[mybatis-3.5.19.jar:3.5.19]
	at jdk.proxy3/jdk.proxy3.$Proxy133.execute(Unknown Source) ~[na:na]
	at org.apache.ibatis.executor.statement.PreparedStatementHandler.update(PreparedStatementHandler.java:48) ~[mybatis-3.5.19.jar:3.5.19]
	at org.apache.ibatis.executor.statement.RoutingStatementHandler.update(RoutingStatementHandler.java:75) ~[mybatis-3.5.19.jar:3.5.19]
	at org.apache.ibatis.executor.SimpleExecutor.doUpdate(SimpleExecutor.java:50) ~[mybatis-3.5.19.jar:3.5.19]
	at org.apache.ibatis.executor.BaseExecutor.update(BaseExecutor.java:117) ~[mybatis-3.5.19.jar:3.5.19]
	at org.apache.ibatis.executor.CachingExecutor.update(CachingExecutor.java:76) ~[mybatis-3.5.19.jar:3.5.19]
	at org.apache.ibatis.session.defaults.DefaultSqlSession.update(DefaultSqlSession.java:197) ~[mybatis-3.5.19.jar:3.5.19]
	at org.apache.ibatis.session.defaults.DefaultSqlSession.insert(DefaultSqlSession.java:184) ~[mybatis-3.5.19.jar:3.5.19]
	at java.base/jdk.internal.reflect.DirectMethodHandleAccessor.invoke(DirectMethodHandleAccessor.java:103) ~[na:na]
	at java.base/java.lang.reflect.Method.invoke(Method.java:580) ~[na:na]
	at org.mybatis.spring.SqlSessionTemplate$SqlSessionInterceptor.invoke(SqlSessionTemplate.java:333) ~[mybatis-spring-3.0.4.jar:3.0.4]
	... 68 common frames omitted

2026-03-29T23:10:43.617+08:00  INFO 27824 --- [user-service] [http-nio-9003-exec-10] c.c.u.aspect.BusinessLogAspect           : ========== 业务操作结束 ==========
2026-03-29T23:10:43.617+08:00  INFO 27824 --- [user-service] [http-nio-9003-exec-10] c.c.u.aspect.BusinessLogAspect           : 执行耗时：168ms
2026-03-29T23:10:43.617+08:00  INFO 27824 --- [user-service] [http-nio-9003-exec-10] c.c.u.aspect.BusinessLogAspect           : 执行状态：失败
2026-03-29T23:11:14.741+08:00  INFO 27824 --- [user-service] [http-nio-9003-exec-1] c.c.u.aspect.BusinessLogAspect           : ========== 业务操作开始 ==========
2026-03-29T23:11:14.741+08:00  INFO 27824 --- [user-service] [http-nio-9003-exec-1] c.c.u.aspect.BusinessLogAspect           : 时间：2026-03-29 23:11:14.741
2026-03-29T23:11:14.741+08:00  INFO 27824 --- [user-service] [http-nio-9003-exec-1] c.c.u.aspect.BusinessLogAspect           : 接口：POST /user/patient/insert
2026-03-29T23:11:14.741+08:00  INFO 27824 --- [user-service] [http-nio-9003-exec-1] c.c.u.aspect.BusinessLogAspect           : 类名：PatientServiceImpl.insertPatient
2026-03-29T23:11:14.741+08:00  INFO 27824 --- [user-service] [http-nio-9003-exec-1] c.c.u.aspect.BusinessLogAspect           : 业务描述：添加就诊人
2026-03-29T23:11:14.741+08:00  INFO 27824 --- [user-service] [http-nio-9003-exec-1] c.c.u.aspect.BusinessLogAspect           : 业务类型：就诊人管理
2026-03-29T23:11:14.741+08:00  INFO 27824 --- [user-service] [http-nio-9003-exec-1] c.c.u.aspect.BusinessLogAspect           : 请求参数：[2038244279730257921,{"gender":1,"idCard":"1145236552215444512","name":"chenliyao","phone":"13542458745"}]
2026-03-29T23:11:14.752+08:00 ERROR 27824 --- [user-service] [http-nio-9003-exec-1] c.c.u.aspect.BusinessLogAspect           : 业务执行异常：
### Error updating database.  Cause: com.mysql.cj.jdbc.exceptions.MysqlDataTruncation: Data truncation: Data too long for column 'id_card' at row 1
### The error may exist in com/cly/userservice/mapper/PatientMapper.java (best guess)
### The error may involve com.cly.userservice.mapper.PatientMapper.insert-Inline
### The error occurred while setting parameters
### SQL: INSERT INTO uc_patient  ( id, user_id, name, id_card, gender,  phone, is_default, create_time, update_time )  VALUES (  ?, ?, ?, ?, ?,  ?, ?, ?, ?  )
### Cause: com.mysql.cj.jdbc.exceptions.MysqlDataTruncation: Data truncation: Data too long for column 'id_card' at row 1
; Data truncation: Data too long for column 'id_card' at row 1

org.springframework.dao.DataIntegrityViolationException: 
### Error updating database.  Cause: com.mysql.cj.jdbc.exceptions.MysqlDataTruncation: Data truncation: Data too long for column 'id_card' at row 1
### The error may exist in com/cly/userservice/mapper/PatientMapper.java (best guess)
### The error may involve com.cly.userservice.mapper.PatientMapper.insert-Inline
### The error occurred while setting parameters
### SQL: INSERT INTO uc_patient  ( id, user_id, name, id_card, gender,  phone, is_default, create_time, update_time )  VALUES (  ?, ?, ?, ?, ?,  ?, ?, ?, ?  )
### Cause: com.mysql.cj.jdbc.exceptions.MysqlDataTruncation: Data truncation: Data too long for column 'id_card' at row 1
; Data truncation: Data too long for column 'id_card' at row 1
	at org.springframework.jdbc.support.SQLStateSQLExceptionTranslator.doTranslate(SQLStateSQLExceptionTranslator.java:140) ~[spring-jdbc-7.0.5.jar:7.0.5]
	at org.springframework.jdbc.support.AbstractFallbackSQLExceptionTranslator.translate(AbstractFallbackSQLExceptionTranslator.java:102) ~[spring-jdbc-7.0.5.jar:7.0.5]
	at org.springframework.jdbc.support.AbstractFallbackSQLExceptionTranslator.translate(AbstractFallbackSQLExceptionTranslator.java:111) ~[spring-jdbc-7.0.5.jar:7.0.5]
	at org.springframework.jdbc.support.AbstractFallbackSQLExceptionTranslator.translate(AbstractFallbackSQLExceptionTranslator.java:111) ~[spring-jdbc-7.0.5.jar:7.0.5]
	at org.mybatis.spring.MyBatisExceptionTranslator.translateExceptionIfPossible(MyBatisExceptionTranslator.java:93) ~[mybatis-spring-3.0.4.jar:3.0.4]
	at org.mybatis.spring.SqlSessionTemplate$SqlSessionInterceptor.invoke(SqlSessionTemplate.java:347) ~[mybatis-spring-3.0.4.jar:3.0.4]
	at jdk.proxy2/jdk.proxy2.$Proxy87.insert(Unknown Source) ~[na:na]
	at org.mybatis.spring.SqlSessionTemplate.insert(SqlSessionTemplate.java:224) ~[mybatis-spring-3.0.4.jar:3.0.4]
	at com.baomidou.mybatisplus.core.override.MybatisMapperMethod.execute(MybatisMapperMethod.java:59) ~[mybatis-plus-core-3.5.10.1.jar:3.5.10.1]
	at com.baomidou.mybatisplus.core.override.MybatisMapperProxy$PlainMethodInvoker.invoke(MybatisMapperProxy.java:155) ~[mybatis-plus-core-3.5.10.1.jar:3.5.10.1]
	at com.baomidou.mybatisplus.core.override.MybatisMapperProxy.invoke(MybatisMapperProxy.java:92) ~[mybatis-plus-core-3.5.10.1.jar:3.5.10.1]
	at jdk.proxy2/jdk.proxy2.$Proxy89.insert(Unknown Source) ~[na:na]
	at com.cly.userservice.service.impl.PatientServiceImpl.insertPatient(PatientServiceImpl.java:53) ~[classes/:na]
	at java.base/jdk.internal.reflect.DirectMethodHandleAccessor.invoke(DirectMethodHandleAccessor.java:103) ~[na:na]
	at java.base/java.lang.reflect.Method.invoke(Method.java:580) ~[na:na]
	at org.springframework.aop.support.AopUtils.invokeJoinpointUsingReflection(AopUtils.java:359) ~[spring-aop-7.0.5.jar:7.0.5]
	at org.springframework.aop.framework.ReflectiveMethodInvocation.invokeJoinpoint(ReflectiveMethodInvocation.java:190) ~[spring-aop-7.0.5.jar:7.0.5]
	at org.springframework.aop.framework.ReflectiveMethodInvocation.proceed(ReflectiveMethodInvocation.java:158) ~[spring-aop-7.0.5.jar:7.0.5]
	at org.springframework.aop.aspectj.MethodInvocationProceedingJoinPoint.proceed(MethodInvocationProceedingJoinPoint.java:82) ~[spring-aop-7.0.5.jar:7.0.5]
	at com.cly.userservice.aspect.BusinessLogAspect.around(BusinessLogAspect.java:75) ~[classes/:na]
	at java.base/jdk.internal.reflect.DirectMethodHandleAccessor.invoke(DirectMethodHandleAccessor.java:103) ~[na:na]
	at java.base/java.lang.reflect.Method.invoke(Method.java:580) ~[na:na]
	at org.springframework.aop.aspectj.AbstractAspectJAdvice.invokeAdviceMethodWithGivenArgs(AbstractAspectJAdvice.java:648) ~[spring-aop-7.0.5.jar:7.0.5]
	at org.springframework.aop.aspectj.AbstractAspectJAdvice.invokeAdviceMethod(AbstractAspectJAdvice.java:630) ~[spring-aop-7.0.5.jar:7.0.5]
	at org.springframework.aop.aspectj.AspectJAroundAdvice.invoke(AspectJAroundAdvice.java:70) ~[spring-aop-7.0.5.jar:7.0.5]
	at org.springframework.aop.framework.ReflectiveMethodInvocation.proceed(ReflectiveMethodInvocation.java:168) ~[spring-aop-7.0.5.jar:7.0.5]
	at org.springframework.aop.interceptor.ExposeInvocationInterceptor.invoke(ExposeInvocationInterceptor.java:96) ~[spring-aop-7.0.5.jar:7.0.5]
	at org.springframework.aop.framework.ReflectiveMethodInvocation.proceed(ReflectiveMethodInvocation.java:179) ~[spring-aop-7.0.5.jar:7.0.5]
	at org.springframework.aop.framework.CglibAopProxy$DynamicAdvisedInterceptor.intercept(CglibAopProxy.java:719) ~[spring-aop-7.0.5.jar:7.0.5]
	at com.cly.userservice.service.impl.PatientServiceImpl$$SpringCGLIB$$0.insertPatient(<generated>) ~[classes/:na]
	at com.cly.userservice.controller.UserController.insertPatient(UserController.java:43) ~[classes/:na]
	at java.base/jdk.internal.reflect.DirectMethodHandleAccessor.invoke(DirectMethodHandleAccessor.java:103) ~[na:na]
	at java.base/java.lang.reflect.Method.invoke(Method.java:580) ~[na:na]
	at org.springframework.web.method.support.InvocableHandlerMethod.doInvoke(InvocableHandlerMethod.java:252) ~[spring-web-7.0.5.jar:7.0.5]
	at org.springframework.web.method.support.InvocableHandlerMethod.invokeForRequest(InvocableHandlerMethod.java:184) ~[spring-web-7.0.5.jar:7.0.5]
	at org.springframework.web.servlet.mvc.method.annotation.ServletInvocableHandlerMethod.invokeAndHandle(ServletInvocableHandlerMethod.java:117) ~[spring-webmvc-7.0.5.jar:7.0.5]
	at org.springframework.web.servlet.mvc.method.annotation.RequestMappingHandlerAdapter.invokeHandlerMethod(RequestMappingHandlerAdapter.java:934) ~[spring-webmvc-7.0.5.jar:7.0.5]
	at org.springframework.web.servlet.mvc.method.annotation.RequestMappingHandlerAdapter.handleInternal(RequestMappingHandlerAdapter.java:853) ~[spring-webmvc-7.0.5.jar:7.0.5]
	at org.springframework.web.servlet.mvc.method.AbstractHandlerMethodAdapter.handle(AbstractHandlerMethodAdapter.java:86) ~[spring-webmvc-7.0.5.jar:7.0.5]
	at org.springframework.web.servlet.DispatcherServlet.doDispatch(DispatcherServlet.java:963) ~[spring-webmvc-7.0.5.jar:7.0.5]
	at org.springframework.web.servlet.DispatcherServlet.doService(DispatcherServlet.java:866) ~[spring-webmvc-7.0.5.jar:7.0.5]
	at org.springframework.web.servlet.FrameworkServlet.processRequest(FrameworkServlet.java:1000) ~[spring-webmvc-7.0.5.jar:7.0.5]
	at org.springframework.web.servlet.FrameworkServlet.doPost(FrameworkServlet.java:903) ~[spring-webmvc-7.0.5.jar:7.0.5]
	at jakarta.servlet.http.HttpServlet.service(HttpServlet.java:649) ~[tomcat-embed-core-11.0.18.jar:6.1]
	at org.springframework.web.servlet.FrameworkServlet.service(FrameworkServlet.java:874) ~[spring-webmvc-7.0.5.jar:7.0.5]
	at jakarta.servlet.http.HttpServlet.service(HttpServlet.java:710) ~[tomcat-embed-core-11.0.18.jar:6.1]
	at org.apache.catalina.core.ApplicationFilterChain.doFilter(ApplicationFilterChain.java:128) ~[tomcat-embed-core-11.0.18.jar:11.0.18]
	at org.apache.tomcat.websocket.server.WsFilter.doFilter(WsFilter.java:53) ~[tomcat-embed-websocket-11.0.18.jar:11.0.18]
	at org.apache.catalina.core.ApplicationFilterChain.doFilter(ApplicationFilterChain.java:107) ~[tomcat-embed-core-11.0.18.jar:11.0.18]
	at org.springframework.web.filter.RequestContextFilter.doFilterInternal(RequestContextFilter.java:100) ~[spring-web-7.0.5.jar:7.0.5]
	at org.springframework.web.filter.OncePerRequestFilter.doFilter(OncePerRequestFilter.java:116) ~[spring-web-7.0.5.jar:7.0.5]
	at org.apache.catalina.core.ApplicationFilterChain.doFilter(ApplicationFilterChain.java:107) ~[tomcat-embed-core-11.0.18.jar:11.0.18]
	at org.springframework.web.filter.FormContentFilter.doFilterInternal(FormContentFilter.java:93) ~[spring-web-7.0.5.jar:7.0.5]
	at org.springframework.web.filter.OncePerRequestFilter.doFilter(OncePerRequestFilter.java:116) ~[spring-web-7.0.5.jar:7.0.5]
	at org.apache.catalina.core.ApplicationFilterChain.doFilter(ApplicationFilterChain.java:107) ~[tomcat-embed-core-11.0.18.jar:11.0.18]
	at org.springframework.web.filter.CharacterEncodingFilter.doFilterInternal(CharacterEncodingFilter.java:199) ~[spring-web-7.0.5.jar:7.0.5]
	at org.springframework.web.filter.OncePerRequestFilter.doFilter(OncePerRequestFilter.java:116) ~[spring-web-7.0.5.jar:7.0.5]
	at org.apache.catalina.core.ApplicationFilterChain.doFilter(ApplicationFilterChain.java:107) ~[tomcat-embed-core-11.0.18.jar:11.0.18]
	at org.apache.catalina.core.StandardWrapperValve.invoke(StandardWrapperValve.java:165) ~[tomcat-embed-core-11.0.18.jar:11.0.18]
	at org.apache.catalina.core.StandardContextValve.invoke(StandardContextValve.java:77) ~[tomcat-embed-core-11.0.18.jar:11.0.18]
	at org.apache.catalina.authenticator.AuthenticatorBase.invoke(AuthenticatorBase.java:492) ~[tomcat-embed-core-11.0.18.jar:11.0.18]
	at org.apache.catalina.core.StandardHostValve.invoke(StandardHostValve.java:113) ~[tomcat-embed-core-11.0.18.jar:11.0.18]
	at org.apache.catalina.valves.ErrorReportValve.invoke(ErrorReportValve.java:83) ~[tomcat-embed-core-11.0.18.jar:11.0.18]
	at org.apache.catalina.core.StandardEngineValve.invoke(StandardEngineValve.java:72) ~[tomcat-embed-core-11.0.18.jar:11.0.18]
	at org.apache.catalina.connector.CoyoteAdapter.service(CoyoteAdapter.java:341) ~[tomcat-embed-core-11.0.18.jar:11.0.18]
	at org.apache.coyote.http11.Http11Processor.service(Http11Processor.java:397) ~[tomcat-embed-core-11.0.18.jar:11.0.18]
	at org.apache.coyote.AbstractProcessorLight.process(AbstractProcessorLight.java:63) ~[tomcat-embed-core-11.0.18.jar:11.0.18]
	at org.apache.coyote.AbstractProtocol$ConnectionHandler.process(AbstractProtocol.java:903) ~[tomcat-embed-core-11.0.18.jar:11.0.18]
	at org.apache.tomcat.util.net.NioEndpoint$SocketProcessor.doRun(NioEndpoint.java:1779) ~[tomcat-embed-core-11.0.18.jar:11.0.18]
	at org.apache.tomcat.util.net.SocketProcessorBase.run(SocketProcessorBase.java:52) ~[tomcat-embed-core-11.0.18.jar:11.0.18]
	at org.apache.tomcat.util.threads.ThreadPoolExecutor.runWorker(ThreadPoolExecutor.java:946) ~[tomcat-embed-core-11.0.18.jar:11.0.18]
	at org.apache.tomcat.util.threads.ThreadPoolExecutor$Worker.run(ThreadPoolExecutor.java:480) ~[tomcat-embed-core-11.0.18.jar:11.0.18]
	at org.apache.tomcat.util.threads.TaskThread$WrappingRunnable.run(TaskThread.java:57) ~[tomcat-embed-core-11.0.18.jar:11.0.18]
	at java.base/java.lang.Thread.run(Thread.java:1583) ~[na:na]
Caused by: com.mysql.cj.jdbc.exceptions.MysqlDataTruncation: Data truncation: Data too long for column 'id_card' at row 1
	at com.mysql.cj.jdbc.exceptions.SQLExceptionsMapping.translateException(SQLExceptionsMapping.java:104) ~[mysql-connector-j-8.0.31.jar:8.0.31]
	at com.mysql.cj.jdbc.ClientPreparedStatement.executeInternal(ClientPreparedStatement.java:916) ~[mysql-connector-j-8.0.31.jar:8.0.31]
	at com.mysql.cj.jdbc.ClientPreparedStatement.execute(ClientPreparedStatement.java:354) ~[mysql-connector-j-8.0.31.jar:8.0.31]
	at com.zaxxer.hikari.pool.ProxyPreparedStatement.execute(ProxyPreparedStatement.java:44) ~[HikariCP-7.0.2.jar:na]
	at com.zaxxer.hikari.pool.HikariProxyPreparedStatement.execute(HikariProxyPreparedStatement.java) ~[HikariCP-7.0.2.jar:na]
	at java.base/jdk.internal.reflect.DirectMethodHandleAccessor.invoke(DirectMethodHandleAccessor.java:103) ~[na:na]
	at java.base/java.lang.reflect.Method.invoke(Method.java:580) ~[na:na]
	at org.apache.ibatis.logging.jdbc.PreparedStatementLogger.invoke(PreparedStatementLogger.java:58) ~[mybatis-3.5.19.jar:3.5.19]
	at jdk.proxy3/jdk.proxy3.$Proxy133.execute(Unknown Source) ~[na:na]
	at org.apache.ibatis.executor.statement.PreparedStatementHandler.update(PreparedStatementHandler.java:48) ~[mybatis-3.5.19.jar:3.5.19]
	at org.apache.ibatis.executor.statement.RoutingStatementHandler.update(RoutingStatementHandler.java:75) ~[mybatis-3.5.19.jar:3.5.19]
	at org.apache.ibatis.executor.SimpleExecutor.doUpdate(SimpleExecutor.java:50) ~[mybatis-3.5.19.jar:3.5.19]
	at org.apache.ibatis.executor.BaseExecutor.update(BaseExecutor.java:117) ~[mybatis-3.5.19.jar:3.5.19]
	at org.apache.ibatis.executor.CachingExecutor.update(CachingExecutor.java:76) ~[mybatis-3.5.19.jar:3.5.19]
	at org.apache.ibatis.session.defaults.DefaultSqlSession.update(DefaultSqlSession.java:197) ~[mybatis-3.5.19.jar:3.5.19]
	at org.apache.ibatis.session.defaults.DefaultSqlSession.insert(DefaultSqlSession.java:184) ~[mybatis-3.5.19.jar:3.5.19]
	at java.base/jdk.internal.reflect.DirectMethodHandleAccessor.invoke(DirectMethodHandleAccessor.java:103) ~[na:na]
	at java.base/java.lang.reflect.Method.invoke(Method.java:580) ~[na:na]
	at org.mybatis.spring.SqlSessionTemplate$SqlSessionInterceptor.invoke(SqlSessionTemplate.java:333) ~[mybatis-spring-3.0.4.jar:3.0.4]
	... 68 common frames omitted

2026-03-29T23:11:14.753+08:00  INFO 27824 --- [user-service] [http-nio-9003-exec-1] c.c.u.aspect.BusinessLogAspect           : ========== 业务操作结束 ==========
2026-03-29T23:11:14.753+08:00  INFO 27824 --- [user-service] [http-nio-9003-exec-1] c.c.u.aspect.BusinessLogAspect           : 执行耗时：12ms
2026-03-29T23:11:14.753+08:00  INFO 27824 --- [user-service] [http-nio-9003-exec-1] c.c.u.aspect.BusinessLogAspect           : 执行状态：失败
2026-03-29T23:12:39.112+08:00  INFO 27824 --- [user-service] [http-nio-9003-exec-2] c.c.u.aspect.BusinessLogAspect           : ========== 业务操作开始 ==========
2026-03-29T23:12:39.112+08:00  INFO 27824 --- [user-service] [http-nio-9003-exec-2] c.c.u.aspect.BusinessLogAspect           : 时间：2026-03-29 23:12:39.112
2026-03-29T23:12:39.112+08:00  INFO 27824 --- [user-service] [http-nio-9003-exec-2] c.c.u.aspect.BusinessLogAspect           : 接口：POST /user/patient/insert
2026-03-29T23:12:39.112+08:00  INFO 27824 --- [user-service] [http-nio-9003-exec-2] c.c.u.aspect.BusinessLogAspect           : 类名：PatientServiceImpl.insertPatient
2026-03-29T23:12:39.112+08:00  INFO 27824 --- [user-service] [http-nio-9003-exec-2] c.c.u.aspect.BusinessLogAspect           : 业务描述：添加就诊人
2026-03-29T23:12:39.112+08:00  INFO 27824 --- [user-service] [http-nio-9003-exec-2] c.c.u.aspect.BusinessLogAspect           : 业务类型：就诊人管理
2026-03-29T23:12:39.112+08:00  INFO 27824 --- [user-service] [http-nio-9003-exec-2] c.c.u.aspect.BusinessLogAspect           : 请求参数：[2038244279730257921,{"gender":1,"idCard":"441581200112011412","name":"chen","phone":"13542154578"}]
2026-03-29T23:12:39.132+08:00  INFO 27824 --- [user-service] [http-nio-9003-exec-2] c.c.u.aspect.BusinessLogAspect           : ========== 业务操作结束 ==========
2026-03-29T23:12:39.132+08:00  INFO 27824 --- [user-service] [http-nio-9003-exec-2] c.c.u.aspect.BusinessLogAspect           : 执行耗时：20ms
2026-03-29T23:12:39.132+08:00  INFO 27824 --- [user-service] [http-nio-9003-exec-2] c.c.u.aspect.BusinessLogAspect           : 执行状态：成功
2026-03-29T23:12:40.195+08:00  INFO 27824 --- [user-service] [http-nio-9003-exec-3] c.c.u.aspect.BusinessLogAspect           : ========== 业务操作开始 ==========
2026-03-29T23:12:40.195+08:00  INFO 27824 --- [user-service] [http-nio-9003-exec-3] c.c.u.aspect.BusinessLogAspect           : 时间：2026-03-29 23:12:40.195
2026-03-29T23:12:40.195+08:00  INFO 27824 --- [user-service] [http-nio-9003-exec-3] c.c.u.aspect.BusinessLogAspect           : 接口：GET /user/patient/list
2026-03-29T23:12:40.195+08:00  INFO 27824 --- [user-service] [http-nio-9003-exec-3] c.c.u.aspect.BusinessLogAspect           : 类名：PatientServiceImpl.getPatients
2026-03-29T23:12:40.195+08:00  INFO 27824 --- [user-service] [http-nio-9003-exec-3] c.c.u.aspect.BusinessLogAspect           : 业务描述：查询就诊人列表
2026-03-29T23:12:40.195+08:00  INFO 27824 --- [user-service] [http-nio-9003-exec-3] c.c.u.aspect.BusinessLogAspect           : 业务类型：就诊人管理
2026-03-29T23:12:40.195+08:00  INFO 27824 --- [user-service] [http-nio-9003-exec-3] c.c.u.aspect.BusinessLogAspect           : 请求参数：[2038244279730257921]
2026-03-29T23:12:40.211+08:00  INFO 27824 --- [user-service] [http-nio-9003-exec-3] c.c.u.aspect.BusinessLogAspect           : ========== 业务操作结束 ==========
2026-03-29T23:12:40.211+08:00  INFO 27824 --- [user-service] [http-nio-9003-exec-3] c.c.u.aspect.BusinessLogAspect           : 执行耗时：16ms
2026-03-29T23:12:40.211+08:00  INFO 27824 --- [user-service] [http-nio-9003-exec-3] c.c.u.aspect.BusinessLogAspect           : 执行状态：成功
2026-03-29T23:12:42.286+08:00  INFO 13880 --- [doctor-service] [http-nio-9002-exec-7] c.c.d.aspect.BusinessLogAspect           : [业务] 排班查询 - ScheduleServiceImpl.findDetailByDate - 查询排班详情（缓存优化）
2026-03-29T23:12:43.780+08:00  INFO 6996 --- [order-service] [http-nio-9004-exec-2] c.c.o.aspect.BusinessLogAspect           : ========== 业务操作开始 ==========
2026-03-29T23:12:43.780+08:00  INFO 6996 --- [order-service] [http-nio-9004-exec-2] c.c.o.aspect.BusinessLogAspect           : 时间：2026-03-29 23:12:43.780
2026-03-29T23:12:43.780+08:00  INFO 6996 --- [order-service] [http-nio-9004-exec-2] c.c.o.aspect.BusinessLogAspect           : 接口：GET /order/list
2026-03-29T23:12:43.780+08:00  INFO 6996 --- [order-service] [http-nio-9004-exec-2] c.c.o.aspect.BusinessLogAspect           : 类名：OrderServiceImpl.getOrders
2026-03-29T23:12:43.780+08:00  INFO 6996 --- [order-service] [http-nio-9004-exec-2] c.c.o.aspect.BusinessLogAspect           : 业务描述：查询用户订单列表
2026-03-29T23:12:43.780+08:00  INFO 6996 --- [order-service] [http-nio-9004-exec-2] c.c.o.aspect.BusinessLogAspect           : 业务类型：订单查询
2026-03-29T23:12:43.780+08:00  INFO 6996 --- [order-service] [http-nio-9004-exec-2] c.c.o.aspect.BusinessLogAspect           : 请求参数：[2038244279730257921]
2026-03-29T23:12:43.789+08:00  INFO 6996 --- [order-service] [http-nio-9004-exec-2] c.c.o.aspect.BusinessLogAspect           : ========== 业务操作结束 ==========
2026-03-29T23:12:43.789+08:00  INFO 6996 --- [order-service] [http-nio-9004-exec-2] c.c.o.aspect.BusinessLogAspect           : 执行耗时：9ms
2026-03-29T23:12:43.789+08:00  INFO 6996 --- [order-service] [http-nio-9004-exec-2] c.c.o.aspect.BusinessLogAspect           : 执行状态：成功
2026-03-29T23:12:45.235+08:00  INFO 27824 --- [user-service] [http-nio-9003-exec-4] c.c.u.aspect.BusinessLogAspect           : ========== 业务操作开始 ==========
2026-03-29T23:12:45.235+08:00  INFO 27824 --- [user-service] [http-nio-9003-exec-4] c.c.u.aspect.BusinessLogAspect           : 时间：2026-03-29 23:12:45.235
2026-03-29T23:12:45.235+08:00  INFO 27824 --- [user-service] [http-nio-9003-exec-4] c.c.u.aspect.BusinessLogAspect           : 接口：GET /user/patient/list
2026-03-29T23:12:45.235+08:00  INFO 27824 --- [user-service] [http-nio-9003-exec-4] c.c.u.aspect.BusinessLogAspect           : 类名：PatientServiceImpl.getPatients
2026-03-29T23:12:45.235+08:00  INFO 27824 --- [user-service] [http-nio-9003-exec-4] c.c.u.aspect.BusinessLogAspect           : 业务描述：查询就诊人列表
2026-03-29T23:12:45.235+08:00  INFO 27824 --- [user-service] [http-nio-9003-exec-4] c.c.u.aspect.BusinessLogAspect           : 业务类型：就诊人管理
2026-03-29T23:12:45.235+08:00  INFO 27824 --- [user-service] [http-nio-9003-exec-4] c.c.u.aspect.BusinessLogAspect           : 请求参数：[2038244279730257921]
2026-03-29T23:12:45.240+08:00  INFO 27824 --- [user-service] [http-nio-9003-exec-4] c.c.u.aspect.BusinessLogAspect           : ========== 业务操作结束 ==========
2026-03-29T23:12:45.240+08:00  INFO 27824 --- [user-service] [http-nio-9003-exec-4] c.c.u.aspect.BusinessLogAspect           : 执行耗时：5ms
2026-03-29T23:12:45.240+08:00  INFO 27824 --- [user-service] [http-nio-9003-exec-4] c.c.u.aspect.BusinessLogAspect           : 执行状态：成功
2026-03-29T23:12:45.947+08:00  INFO 6996 --- [order-service] [http-nio-9004-exec-8] c.c.o.aspect.BusinessLogAspect           : ========== 业务操作开始 ==========
2026-03-29T23:12:45.947+08:00  INFO 6996 --- [order-service] [http-nio-9004-exec-8] c.c.o.aspect.BusinessLogAspect           : 时间：2026-03-29 23:12:45.947
2026-03-29T23:12:45.947+08:00  INFO 6996 --- [order-service] [http-nio-9004-exec-8] c.c.o.aspect.BusinessLogAspect           : 接口：GET /order/list
2026-03-29T23:12:45.947+08:00  INFO 6996 --- [order-service] [http-nio-9004-exec-8] c.c.o.aspect.BusinessLogAspect           : 类名：OrderServiceImpl.getOrders
2026-03-29T23:12:45.947+08:00  INFO 6996 --- [order-service] [http-nio-9004-exec-8] c.c.o.aspect.BusinessLogAspect           : 业务描述：查询用户订单列表
2026-03-29T23:12:45.947+08:00  INFO 6996 --- [order-service] [http-nio-9004-exec-8] c.c.o.aspect.BusinessLogAspect           : 业务类型：订单查询
2026-03-29T23:12:45.947+08:00  INFO 6996 --- [order-service] [http-nio-9004-exec-8] c.c.o.aspect.BusinessLogAspect           : 请求参数：[2038244279730257921]
2026-03-29T23:12:45.956+08:00  INFO 6996 --- [order-service] [http-nio-9004-exec-8] c.c.o.aspect.BusinessLogAspect           : ========== 业务操作结束 ==========
2026-03-29T23:12:45.956+08:00  INFO 6996 --- [order-service] [http-nio-9004-exec-8] c.c.o.aspect.BusinessLogAspect           : 执行耗时：9ms
2026-03-29T23:12:45.956+08:00  INFO 6996 --- [order-service] [http-nio-9004-exec-8] c.c.o.aspect.BusinessLogAspect           : 执行状态：成功
2026-03-29T23:12:46.435+08:00  INFO 13880 --- [doctor-service] [http-nio-9002-exec-10] c.c.d.aspect.BusinessLogAspect           : [业务] 排班查询 - ScheduleServiceImpl.findDetailByDate - 查询排班详情（缓存优化）
2026-03-29T23:12:47.300+08:00  INFO 27824 --- [user-service] [http-nio-9003-exec-5] c.c.u.aspect.BusinessLogAspect           : ========== 业务操作开始 ==========
2026-03-29T23:12:47.301+08:00  INFO 27824 --- [user-service] [http-nio-9003-exec-5] c.c.u.aspect.BusinessLogAspect           : 时间：2026-03-29 23:12:47.300
2026-03-29T23:12:47.301+08:00  INFO 27824 --- [user-service] [http-nio-9003-exec-5] c.c.u.aspect.BusinessLogAspect           : 接口：GET /user/patient/list
2026-03-29T23:12:47.301+08:00  INFO 27824 --- [user-service] [http-nio-9003-exec-5] c.c.u.aspect.BusinessLogAspect           : 类名：PatientServiceImpl.getPatients
2026-03-29T23:12:47.301+08:00  INFO 27824 --- [user-service] [http-nio-9003-exec-5] c.c.u.aspect.BusinessLogAspect           : 业务描述：查询就诊人列表
2026-03-29T23:12:47.301+08:00  INFO 27824 --- [user-service] [http-nio-9003-exec-5] c.c.u.aspect.BusinessLogAspect           : 业务类型：就诊人管理
2026-03-29T23:12:47.301+08:00  INFO 27824 --- [user-service] [http-nio-9003-exec-5] c.c.u.aspect.BusinessLogAspect           : 请求参数：[2038244279730257921]
2026-03-29T23:12:47.304+08:00  INFO 27824 --- [user-service] [http-nio-9003-exec-5] c.c.u.aspect.BusinessLogAspect           : ========== 业务操作结束 ==========
2026-03-29T23:12:47.304+08:00  INFO 27824 --- [user-service] [http-nio-9003-exec-5] c.c.u.aspect.BusinessLogAspect           : 执行耗时：3ms
2026-03-29T23:12:47.304+08:00  INFO 27824 --- [user-service] [http-nio-9003-exec-5] c.c.u.aspect.BusinessLogAspect           : 执行状态：成功
2026-03-29T23:12:47.821+08:00  INFO 6996 --- [order-service] [http-nio-9004-exec-9] c.c.o.aspect.BusinessLogAspect           : ========== 业务操作开始 ==========
2026-03-29T23:12:47.821+08:00  INFO 6996 --- [order-service] [http-nio-9004-exec-9] c.c.o.aspect.BusinessLogAspect           : 时间：2026-03-29 23:12:47.821
2026-03-29T23:12:47.821+08:00  INFO 6996 --- [order-service] [http-nio-9004-exec-9] c.c.o.aspect.BusinessLogAspect           : 接口：POST /order/create
2026-03-29T23:12:47.821+08:00  INFO 6996 --- [order-service] [http-nio-9004-exec-9] c.c.o.aspect.BusinessLogAspect           : 类名：OrderServiceImpl.createOrder
2026-03-29T23:12:47.821+08:00  INFO 6996 --- [order-service] [http-nio-9004-exec-9] c.c.o.aspect.BusinessLogAspect           : 业务描述：创建订单（MQ 异步）
2026-03-29T23:12:47.821+08:00  INFO 6996 --- [order-service] [http-nio-9004-exec-9] c.c.o.aspect.BusinessLogAspect           : 业务类型：订单管理
2026-03-29T23:12:47.821+08:00  INFO 6996 --- [order-service] [http-nio-9004-exec-9] c.c.o.aspect.BusinessLogAspect           : 请求参数：[2038244279730257921,1922404122433174300,202603292037]
2026-03-29T23:12:47.829+08:00  INFO 13880 --- [doctor-service] [http-nio-9002-exec-2] c.c.d.aspect.BusinessLogAspect           : [业务] 挂号下单 - ScheduleServiceImpl.deductAvailableNum - 扣减号源库存
2026-03-29T23:12:47.850+08:00  INFO 27824 --- [user-service] [http-nio-9003-exec-7] c.c.u.aspect.BusinessLogAspect           : ========== 业务操作开始 ==========
2026-03-29T23:12:47.850+08:00  INFO 27824 --- [user-service] [http-nio-9003-exec-7] c.c.u.aspect.BusinessLogAspect           : 时间：2026-03-29 23:12:47.850
2026-03-29T23:12:47.850+08:00  INFO 27824 --- [user-service] [http-nio-9003-exec-7] c.c.u.aspect.BusinessLogAspect           : 接口：GET /user/patient/list
2026-03-29T23:12:47.850+08:00  INFO 27824 --- [user-service] [http-nio-9003-exec-7] c.c.u.aspect.BusinessLogAspect           : 类名：PatientServiceImpl.getPatients
2026-03-29T23:12:47.850+08:00  INFO 27824 --- [user-service] [http-nio-9003-exec-7] c.c.u.aspect.BusinessLogAspect           : 业务描述：查询就诊人列表
2026-03-29T23:12:47.850+08:00  INFO 27824 --- [user-service] [http-nio-9003-exec-7] c.c.u.aspect.BusinessLogAspect           : 业务类型：就诊人管理
2026-03-29T23:12:47.850+08:00  INFO 27824 --- [user-service] [http-nio-9003-exec-7] c.c.u.aspect.BusinessLogAspect           : 请求参数：[2038244279730257921]
2026-03-29T23:12:47.854+08:00  INFO 27824 --- [user-service] [http-nio-9003-exec-7] c.c.u.aspect.BusinessLogAspect           : ========== 业务操作结束 ==========
2026-03-29T23:12:47.854+08:00  INFO 27824 --- [user-service] [http-nio-9003-exec-7] c.c.u.aspect.BusinessLogAspect           : 执行耗时：4ms
2026-03-29T23:12:47.854+08:00  INFO 27824 --- [user-service] [http-nio-9003-exec-7] c.c.u.aspect.BusinessLogAspect           : 执行状态：成功
2026-03-29T23:12:47.859+08:00  INFO 6996 --- [order-service] [http-nio-9004-exec-9] c.c.o.aspect.BusinessLogAspect           : ========== 业务操作结束 ==========
2026-03-29T23:12:47.859+08:00  INFO 6996 --- [order-service] [http-nio-9004-exec-9] c.c.o.aspect.BusinessLogAspect           : 执行耗时：38ms
2026-03-29T23:12:47.859+08:00  INFO 6996 --- [order-service] [http-nio-9004-exec-9] c.c.o.aspect.BusinessLogAspect           : 执行状态：成功
2026-03-29T23:12:48.611+08:00  INFO 13880 --- [doctor-service] [http-nio-9002-exec-3] c.c.d.aspect.BusinessLogAspect           : [业务] 排班查询 - ScheduleServiceImpl.findDetailByDate - 查询排班详情（缓存优化）
2026-03-29T23:12:49.245+08:00  INFO 6996 --- [order-service] [http-nio-9004-exec-3] c.c.o.aspect.BusinessLogAspect           : ========== 业务操作开始 ==========
2026-03-29T23:12:49.245+08:00  INFO 6996 --- [order-service] [http-nio-9004-exec-3] c.c.o.aspect.BusinessLogAspect           : 时间：2026-03-29 23:12:49.245
2026-03-29T23:12:49.245+08:00  INFO 6996 --- [order-service] [http-nio-9004-exec-3] c.c.o.aspect.BusinessLogAspect           : 接口：GET /order/list
2026-03-29T23:12:49.245+08:00  INFO 6996 --- [order-service] [http-nio-9004-exec-3] c.c.o.aspect.BusinessLogAspect           : 类名：OrderServiceImpl.getOrders
2026-03-29T23:12:49.245+08:00  INFO 6996 --- [order-service] [http-nio-9004-exec-3] c.c.o.aspect.BusinessLogAspect           : 业务描述：查询用户订单列表
2026-03-29T23:12:49.245+08:00  INFO 6996 --- [order-service] [http-nio-9004-exec-3] c.c.o.aspect.BusinessLogAspect           : 业务类型：订单查询
2026-03-29T23:12:49.245+08:00  INFO 6996 --- [order-service] [http-nio-9004-exec-3] c.c.o.aspect.BusinessLogAspect           : 请求参数：[2038244279730257921]
2026-03-29T23:12:49.253+08:00  INFO 6996 --- [order-service] [http-nio-9004-exec-3] c.c.o.aspect.BusinessLogAspect           : ========== 业务操作结束 ==========
2026-03-29T23:12:49.253+08:00  INFO 6996 --- [order-service] [http-nio-9004-exec-3] c.c.o.aspect.BusinessLogAspect           : 执行耗时：8ms
2026-03-29T23:12:49.253+08:00  INFO 6996 --- [order-service] [http-nio-9004-exec-3] c.c.o.aspect.BusinessLogAspect           : 执行状态：成功
2026-03-29T23:13:10.363+08:00  INFO 13880 --- [doctor-service] [http-nio-9002-exec-9] c.c.d.aspect.BusinessLogAspect           : [业务] 排班查询 - ScheduleServiceImpl.findDetailByDate - 查询排班详情（缓存优化）
2026-03-29T23:13:11.903+08:00  INFO 27824 --- [user-service] [http-nio-9003-exec-8] c.c.u.aspect.BusinessLogAspect           : ========== 业务操作开始 ==========
2026-03-29T23:13:11.903+08:00  INFO 27824 --- [user-service] [http-nio-9003-exec-8] c.c.u.aspect.BusinessLogAspect           : 时间：2026-03-29 23:13:11.903
2026-03-29T23:13:11.903+08:00  INFO 27824 --- [user-service] [http-nio-9003-exec-8] c.c.u.aspect.BusinessLogAspect           : 接口：GET /user/patient/list
2026-03-29T23:13:11.903+08:00  INFO 27824 --- [user-service] [http-nio-9003-exec-8] c.c.u.aspect.BusinessLogAspect           : 类名：PatientServiceImpl.getPatients
2026-03-29T23:13:11.903+08:00  INFO 27824 --- [user-service] [http-nio-9003-exec-8] c.c.u.aspect.BusinessLogAspect           : 业务描述：查询就诊人列表
2026-03-29T23:13:11.903+08:00  INFO 27824 --- [user-service] [http-nio-9003-exec-8] c.c.u.aspect.BusinessLogAspect           : 业务类型：就诊人管理
2026-03-29T23:13:11.903+08:00  INFO 27824 --- [user-service] [http-nio-9003-exec-8] c.c.u.aspect.BusinessLogAspect           : 请求参数：[2038244279730257921]
2026-03-29T23:13:11.906+08:00  INFO 27824 --- [user-service] [http-nio-9003-exec-8] c.c.u.aspect.BusinessLogAspect           : ========== 业务操作结束 ==========
2026-03-29T23:13:11.906+08:00  INFO 27824 --- [user-service] [http-nio-9003-exec-8] c.c.u.aspect.BusinessLogAspect           : 执行耗时：3ms
2026-03-29T23:13:11.906+08:00  INFO 27824 --- [user-service] [http-nio-9003-exec-8] c.c.u.aspect.BusinessLogAspect           : 执行状态：成功
2026-03-29T23:13:12.551+08:00  INFO 6996 --- [order-service] [http-nio-9004-exec-5] c.c.o.aspect.BusinessLogAspect           : ========== 业务操作开始 ==========
2026-03-29T23:13:12.551+08:00  INFO 6996 --- [order-service] [http-nio-9004-exec-5] c.c.o.aspect.BusinessLogAspect           : 时间：2026-03-29 23:13:12.551
2026-03-29T23:13:12.551+08:00  INFO 6996 --- [order-service] [http-nio-9004-exec-5] c.c.o.aspect.BusinessLogAspect           : 接口：POST /order/create
2026-03-29T23:13:12.551+08:00  INFO 6996 --- [order-service] [http-nio-9004-exec-5] c.c.o.aspect.BusinessLogAspect           : 类名：OrderServiceImpl.createOrder
2026-03-29T23:13:12.551+08:00  INFO 6996 --- [order-service] [http-nio-9004-exec-5] c.c.o.aspect.BusinessLogAspect           : 业务描述：创建订单（MQ 异步）
2026-03-29T23:13:12.551+08:00  INFO 6996 --- [order-service] [http-nio-9004-exec-5] c.c.o.aspect.BusinessLogAspect           : 业务类型：订单管理
2026-03-29T23:13:12.551+08:00  INFO 6996 --- [order-service] [http-nio-9004-exec-5] c.c.o.aspect.BusinessLogAspect           : 请求参数：[2038244279730257921,1922404122433174300,202603292019]
2026-03-29T23:13:12.552+08:00  INFO 13880 --- [doctor-service] [http-nio-9002-exec-8] c.c.d.aspect.BusinessLogAspect           : [业务] 挂号下单 - ScheduleServiceImpl.deductAvailableNum - 扣减号源库存
2026-03-29T23:13:12.559+08:00  INFO 27824 --- [user-service] [http-nio-9003-exec-6] c.c.u.aspect.BusinessLogAspect           : ========== 业务操作开始 ==========
2026-03-29T23:13:12.559+08:00  INFO 27824 --- [user-service] [http-nio-9003-exec-6] c.c.u.aspect.BusinessLogAspect           : 时间：2026-03-29 23:13:12.559
2026-03-29T23:13:12.559+08:00  INFO 27824 --- [user-service] [http-nio-9003-exec-6] c.c.u.aspect.BusinessLogAspect           : 接口：GET /user/patient/list
2026-03-29T23:13:12.559+08:00  INFO 27824 --- [user-service] [http-nio-9003-exec-6] c.c.u.aspect.BusinessLogAspect           : 类名：PatientServiceImpl.getPatients
2026-03-29T23:13:12.559+08:00  INFO 27824 --- [user-service] [http-nio-9003-exec-6] c.c.u.aspect.BusinessLogAspect           : 业务描述：查询就诊人列表
2026-03-29T23:13:12.559+08:00  INFO 27824 --- [user-service] [http-nio-9003-exec-6] c.c.u.aspect.BusinessLogAspect           : 业务类型：就诊人管理
2026-03-29T23:13:12.559+08:00  INFO 27824 --- [user-service] [http-nio-9003-exec-6] c.c.u.aspect.BusinessLogAspect           : 请求参数：[2038244279730257921]
2026-03-29T23:13:12.561+08:00  INFO 27824 --- [user-service] [http-nio-9003-exec-6] c.c.u.aspect.BusinessLogAspect           : ========== 业务操作结束 ==========
2026-03-29T23:13:12.561+08:00  INFO 27824 --- [user-service] [http-nio-9003-exec-6] c.c.u.aspect.BusinessLogAspect           : 执行耗时：2ms
2026-03-29T23:13:12.561+08:00  INFO 27824 --- [user-service] [http-nio-9003-exec-6] c.c.u.aspect.BusinessLogAspect           : 执行状态：成功
2026-03-29T23:13:12.563+08:00  INFO 6996 --- [order-service] [http-nio-9004-exec-5] c.c.o.aspect.BusinessLogAspect           : ========== 业务操作结束 ==========
2026-03-29T23:13:12.563+08:00  INFO 6996 --- [order-service] [http-nio-9004-exec-5] c.c.o.aspect.BusinessLogAspect           : 执行耗时：12ms
2026-03-29T23:13:12.563+08:00  INFO 6996 --- [order-service] [http-nio-9004-exec-5] c.c.o.aspect.BusinessLogAspect           : 执行状态：成功
2026-03-29T23:13:13.395+08:00  INFO 13880 --- [doctor-service] [http-nio-9002-exec-4] c.c.d.aspect.BusinessLogAspect           : [业务] 排班查询 - ScheduleServiceImpl.findDetailByDate - 查询排班详情（缓存优化）
2026-03-29T23:22:57.221+08:00  INFO 32040 --- [user-service] [http-nio-9003-exec-1] c.c.u.aspect.BusinessLogAspect           : ========== 业务操作开始 ==========
2026-03-29T23:22:57.221+08:00  INFO 32040 --- [user-service] [http-nio-9003-exec-1] c.c.u.aspect.BusinessLogAspect           : 时间：2026-03-29 23:22:57.221
2026-03-29T23:22:57.221+08:00  INFO 32040 --- [user-service] [http-nio-9003-exec-1] c.c.u.aspect.BusinessLogAspect           : 接口：POST /user/login
2026-03-29T23:22:57.221+08:00  INFO 32040 --- [user-service] [http-nio-9003-exec-1] c.c.u.aspect.BusinessLogAspect           : 类名：UserServiceImpl.login
2026-03-29T23:22:57.221+08:00  INFO 32040 --- [user-service] [http-nio-9003-exec-1] c.c.u.aspect.BusinessLogAspect           : 业务描述：用户登录
2026-03-29T23:22:57.221+08:00  INFO 32040 --- [user-service] [http-nio-9003-exec-1] c.c.u.aspect.BusinessLogAspect           : 业务类型：用户认证
2026-03-29T23:22:57.224+08:00  INFO 32040 --- [user-service] [http-nio-9003-exec-1] c.c.u.aspect.BusinessLogAspect           : 请求参数：["13800138000","123456"]
2026-03-29T23:22:57.664+08:00 ERROR 32040 --- [user-service] [http-nio-9003-exec-1] c.c.u.aspect.BusinessLogAspect           : 业务执行异常：手机号或密码错误

java.lang.RuntimeException: 手机号或密码错误
	at com.cly.userservice.service.impl.UserServiceImpl.login(UserServiceImpl.java:29) ~[classes/:na]
	at java.base/jdk.internal.reflect.DirectMethodHandleAccessor.invoke(DirectMethodHandleAccessor.java:103) ~[na:na]
	at java.base/java.lang.reflect.Method.invoke(Method.java:580) ~[na:na]
	at org.springframework.aop.support.AopUtils.invokeJoinpointUsingReflection(AopUtils.java:359) ~[spring-aop-7.0.5.jar:7.0.5]
	at org.springframework.aop.framework.ReflectiveMethodInvocation.invokeJoinpoint(ReflectiveMethodInvocation.java:190) ~[spring-aop-7.0.5.jar:7.0.5]
	at org.springframework.aop.framework.ReflectiveMethodInvocation.proceed(ReflectiveMethodInvocation.java:158) ~[spring-aop-7.0.5.jar:7.0.5]
	at org.springframework.aop.aspectj.MethodInvocationProceedingJoinPoint.proceed(MethodInvocationProceedingJoinPoint.java:82) ~[spring-aop-7.0.5.jar:7.0.5]
	at com.cly.userservice.aspect.BusinessLogAspect.around(BusinessLogAspect.java:75) ~[classes/:na]
	at java.base/jdk.internal.reflect.DirectMethodHandleAccessor.invoke(DirectMethodHandleAccessor.java:103) ~[na:na]
	at java.base/java.lang.reflect.Method.invoke(Method.java:580) ~[na:na]
	at org.springframework.aop.aspectj.AbstractAspectJAdvice.invokeAdviceMethodWithGivenArgs(AbstractAspectJAdvice.java:648) ~[spring-aop-7.0.5.jar:7.0.5]
	at org.springframework.aop.aspectj.AbstractAspectJAdvice.invokeAdviceMethod(AbstractAspectJAdvice.java:630) ~[spring-aop-7.0.5.jar:7.0.5]
	at org.springframework.aop.aspectj.AspectJAroundAdvice.invoke(AspectJAroundAdvice.java:70) ~[spring-aop-7.0.5.jar:7.0.5]
	at org.springframework.aop.framework.ReflectiveMethodInvocation.proceed(ReflectiveMethodInvocation.java:168) ~[spring-aop-7.0.5.jar:7.0.5]
	at org.springframework.aop.interceptor.ExposeInvocationInterceptor.invoke(ExposeInvocationInterceptor.java:96) ~[spring-aop-7.0.5.jar:7.0.5]
	at org.springframework.aop.framework.ReflectiveMethodInvocation.proceed(ReflectiveMethodInvocation.java:179) ~[spring-aop-7.0.5.jar:7.0.5]
	at org.springframework.aop.framework.CglibAopProxy$DynamicAdvisedInterceptor.intercept(CglibAopProxy.java:719) ~[spring-aop-7.0.5.jar:7.0.5]
	at com.cly.userservice.service.impl.UserServiceImpl$$SpringCGLIB$$0.login(<generated>) ~[classes/:na]
	at com.cly.userservice.controller.UserController.login(UserController.java:37) ~[classes/:na]
	at java.base/jdk.internal.reflect.DirectMethodHandleAccessor.invoke(DirectMethodHandleAccessor.java:103) ~[na:na]
	at java.base/java.lang.reflect.Method.invoke(Method.java:580) ~[na:na]
	at org.springframework.web.method.support.InvocableHandlerMethod.doInvoke(InvocableHandlerMethod.java:252) ~[spring-web-7.0.5.jar:7.0.5]
	at org.springframework.web.method.support.InvocableHandlerMethod.invokeForRequest(InvocableHandlerMethod.java:184) ~[spring-web-7.0.5.jar:7.0.5]
	at org.springframework.web.servlet.mvc.method.annotation.ServletInvocableHandlerMethod.invokeAndHandle(ServletInvocableHandlerMethod.java:117) ~[spring-webmvc-7.0.5.jar:7.0.5]
	at org.springframework.web.servlet.mvc.method.annotation.RequestMappingHandlerAdapter.invokeHandlerMethod(RequestMappingHandlerAdapter.java:934) ~[spring-webmvc-7.0.5.jar:7.0.5]
	at org.springframework.web.servlet.mvc.method.annotation.RequestMappingHandlerAdapter.handleInternal(RequestMappingHandlerAdapter.java:853) ~[spring-webmvc-7.0.5.jar:7.0.5]
	at org.springframework.web.servlet.mvc.method.AbstractHandlerMethodAdapter.handle(AbstractHandlerMethodAdapter.java:86) ~[spring-webmvc-7.0.5.jar:7.0.5]
	at org.springframework.web.servlet.DispatcherServlet.doDispatch(DispatcherServlet.java:963) ~[spring-webmvc-7.0.5.jar:7.0.5]
	at org.springframework.web.servlet.DispatcherServlet.doService(DispatcherServlet.java:866) ~[spring-webmvc-7.0.5.jar:7.0.5]
	at org.springframework.web.servlet.FrameworkServlet.processRequest(FrameworkServlet.java:1000) ~[spring-webmvc-7.0.5.jar:7.0.5]
	at org.springframework.web.servlet.FrameworkServlet.doPost(FrameworkServlet.java:903) ~[spring-webmvc-7.0.5.jar:7.0.5]
	at jakarta.servlet.http.HttpServlet.service(HttpServlet.java:649) ~[tomcat-embed-core-11.0.18.jar:6.1]
	at org.springframework.web.servlet.FrameworkServlet.service(FrameworkServlet.java:874) ~[spring-webmvc-7.0.5.jar:7.0.5]
	at jakarta.servlet.http.HttpServlet.service(HttpServlet.java:710) ~[tomcat-embed-core-11.0.18.jar:6.1]
	at org.apache.catalina.core.ApplicationFilterChain.doFilter(ApplicationFilterChain.java:128) ~[tomcat-embed-core-11.0.18.jar:11.0.18]
	at org.apache.tomcat.websocket.server.WsFilter.doFilter(WsFilter.java:53) ~[tomcat-embed-websocket-11.0.18.jar:11.0.18]
	at org.apache.catalina.core.ApplicationFilterChain.doFilter(ApplicationFilterChain.java:107) ~[tomcat-embed-core-11.0.18.jar:11.0.18]
	at org.springframework.web.filter.RequestContextFilter.doFilterInternal(RequestContextFilter.java:100) ~[spring-web-7.0.5.jar:7.0.5]
	at org.springframework.web.filter.OncePerRequestFilter.doFilter(OncePerRequestFilter.java:116) ~[spring-web-7.0.5.jar:7.0.5]
	at org.apache.catalina.core.ApplicationFilterChain.doFilter(ApplicationFilterChain.java:107) ~[tomcat-embed-core-11.0.18.jar:11.0.18]
	at org.springframework.web.filter.FormContentFilter.doFilterInternal(FormContentFilter.java:93) ~[spring-web-7.0.5.jar:7.0.5]
	at org.springframework.web.filter.OncePerRequestFilter.doFilter(OncePerRequestFilter.java:116) ~[spring-web-7.0.5.jar:7.0.5]
	at org.apache.catalina.core.ApplicationFilterChain.doFilter(ApplicationFilterChain.java:107) ~[tomcat-embed-core-11.0.18.jar:11.0.18]
	at org.springframework.web.filter.CharacterEncodingFilter.doFilterInternal(CharacterEncodingFilter.java:199) ~[spring-web-7.0.5.jar:7.0.5]
	at org.springframework.web.filter.OncePerRequestFilter.doFilter(OncePerRequestFilter.java:116) ~[spring-web-7.0.5.jar:7.0.5]
	at org.apache.catalina.core.ApplicationFilterChain.doFilter(ApplicationFilterChain.java:107) ~[tomcat-embed-core-11.0.18.jar:11.0.18]
	at org.apache.catalina.core.StandardWrapperValve.invoke(StandardWrapperValve.java:165) ~[tomcat-embed-core-11.0.18.jar:11.0.18]
	at org.apache.catalina.core.StandardContextValve.invoke(StandardContextValve.java:77) ~[tomcat-embed-core-11.0.18.jar:11.0.18]
	at org.apache.catalina.authenticator.AuthenticatorBase.invoke(AuthenticatorBase.java:492) ~[tomcat-embed-core-11.0.18.jar:11.0.18]
	at org.apache.catalina.core.StandardHostValve.invoke(StandardHostValve.java:113) ~[tomcat-embed-core-11.0.18.jar:11.0.18]
	at org.apache.catalina.valves.ErrorReportValve.invoke(ErrorReportValve.java:83) ~[tomcat-embed-core-11.0.18.jar:11.0.18]
	at org.apache.catalina.core.StandardEngineValve.invoke(StandardEngineValve.java:72) ~[tomcat-embed-core-11.0.18.jar:11.0.18]
	at org.apache.catalina.connector.CoyoteAdapter.service(CoyoteAdapter.java:341) ~[tomcat-embed-core-11.0.18.jar:11.0.18]
	at org.apache.coyote.http11.Http11Processor.service(Http11Processor.java:397) ~[tomcat-embed-core-11.0.18.jar:11.0.18]
	at org.apache.coyote.AbstractProcessorLight.process(AbstractProcessorLight.java:63) ~[tomcat-embed-core-11.0.18.jar:11.0.18]
	at org.apache.coyote.AbstractProtocol$ConnectionHandler.process(AbstractProtocol.java:903) ~[tomcat-embed-core-11.0.18.jar:11.0.18]
	at org.apache.tomcat.util.net.NioEndpoint$SocketProcessor.doRun(NioEndpoint.java:1779) ~[tomcat-embed-core-11.0.18.jar:11.0.18]
	at org.apache.tomcat.util.net.SocketProcessorBase.run(SocketProcessorBase.java:52) ~[tomcat-embed-core-11.0.18.jar:11.0.18]
	at org.apache.tomcat.util.threads.ThreadPoolExecutor.runWorker(ThreadPoolExecutor.java:946) ~[tomcat-embed-core-11.0.18.jar:11.0.18]
	at org.apache.tomcat.util.threads.ThreadPoolExecutor$Worker.run(ThreadPoolExecutor.java:480) ~[tomcat-embed-core-11.0.18.jar:11.0.18]
	at org.apache.tomcat.util.threads.TaskThread$WrappingRunnable.run(TaskThread.java:57) ~[tomcat-embed-core-11.0.18.jar:11.0.18]
	at java.base/java.lang.Thread.run(Thread.java:1583) ~[na:na]

2026-03-29T23:22:57.667+08:00  INFO 32040 --- [user-service] [http-nio-9003-exec-1] c.c.u.aspect.BusinessLogAspect           : ========== 业务操作结束 ==========
2026-03-29T23:22:57.667+08:00  INFO 32040 --- [user-service] [http-nio-9003-exec-1] c.c.u.aspect.BusinessLogAspect           : 执行耗时：442ms
2026-03-29T23:22:57.667+08:00  INFO 32040 --- [user-service] [http-nio-9003-exec-1] c.c.u.aspect.BusinessLogAspect           : 执行状态：失败
2026-03-29T23:25:17.450+08:00  INFO 32040 --- [user-service] [http-nio-9003-exec-2] c.c.u.aspect.BusinessLogAspect           : ========== 业务操作开始 ==========
2026-03-29T23:25:17.450+08:00  INFO 32040 --- [user-service] [http-nio-9003-exec-2] c.c.u.aspect.BusinessLogAspect           : 时间：2026-03-29 23:25:17.450
2026-03-29T23:25:17.450+08:00  INFO 32040 --- [user-service] [http-nio-9003-exec-2] c.c.u.aspect.BusinessLogAspect           : 接口：POST /user/login
2026-03-29T23:25:17.450+08:00  INFO 32040 --- [user-service] [http-nio-9003-exec-2] c.c.u.aspect.BusinessLogAspect           : 类名：UserServiceImpl.login
2026-03-29T23:25:17.450+08:00  INFO 32040 --- [user-service] [http-nio-9003-exec-2] c.c.u.aspect.BusinessLogAspect           : 业务描述：用户登录
2026-03-29T23:25:17.450+08:00  INFO 32040 --- [user-service] [http-nio-9003-exec-2] c.c.u.aspect.BusinessLogAspect           : 业务类型：用户认证
2026-03-29T23:25:17.450+08:00  INFO 32040 --- [user-service] [http-nio-9003-exec-2] c.c.u.aspect.BusinessLogAspect           : 请求参数：["13800138000","123456"]
2026-03-29T23:25:17.454+08:00 ERROR 32040 --- [user-service] [http-nio-9003-exec-2] c.c.u.aspect.BusinessLogAspect           : 业务执行异常：手机号或密码错误

java.lang.RuntimeException: 手机号或密码错误
	at com.cly.userservice.service.impl.UserServiceImpl.login(UserServiceImpl.java:29) ~[classes/:na]
	at java.base/jdk.internal.reflect.DirectMethodHandleAccessor.invoke(DirectMethodHandleAccessor.java:103) ~[na:na]
	at java.base/java.lang.reflect.Method.invoke(Method.java:580) ~[na:na]
	at org.springframework.aop.support.AopUtils.invokeJoinpointUsingReflection(AopUtils.java:359) ~[spring-aop-7.0.5.jar:7.0.5]
	at org.springframework.aop.framework.ReflectiveMethodInvocation.invokeJoinpoint(ReflectiveMethodInvocation.java:190) ~[spring-aop-7.0.5.jar:7.0.5]
	at org.springframework.aop.framework.ReflectiveMethodInvocation.proceed(ReflectiveMethodInvocation.java:158) ~[spring-aop-7.0.5.jar:7.0.5]
	at org.springframework.aop.aspectj.MethodInvocationProceedingJoinPoint.proceed(MethodInvocationProceedingJoinPoint.java:82) ~[spring-aop-7.0.5.jar:7.0.5]
	at com.cly.userservice.aspect.BusinessLogAspect.around(BusinessLogAspect.java:75) ~[classes/:na]
	at java.base/jdk.internal.reflect.DirectMethodHandleAccessor.invoke(DirectMethodHandleAccessor.java:103) ~[na:na]
	at java.base/java.lang.reflect.Method.invoke(Method.java:580) ~[na:na]
	at org.springframework.aop.aspectj.AbstractAspectJAdvice.invokeAdviceMethodWithGivenArgs(AbstractAspectJAdvice.java:648) ~[spring-aop-7.0.5.jar:7.0.5]
	at org.springframework.aop.aspectj.AbstractAspectJAdvice.invokeAdviceMethod(AbstractAspectJAdvice.java:630) ~[spring-aop-7.0.5.jar:7.0.5]
	at org.springframework.aop.aspectj.AspectJAroundAdvice.invoke(AspectJAroundAdvice.java:70) ~[spring-aop-7.0.5.jar:7.0.5]
	at org.springframework.aop.framework.ReflectiveMethodInvocation.proceed(ReflectiveMethodInvocation.java:168) ~[spring-aop-7.0.5.jar:7.0.5]
	at org.springframework.aop.interceptor.ExposeInvocationInterceptor.invoke(ExposeInvocationInterceptor.java:96) ~[spring-aop-7.0.5.jar:7.0.5]
	at org.springframework.aop.framework.ReflectiveMethodInvocation.proceed(ReflectiveMethodInvocation.java:179) ~[spring-aop-7.0.5.jar:7.0.5]
	at org.springframework.aop.framework.CglibAopProxy$DynamicAdvisedInterceptor.intercept(CglibAopProxy.java:719) ~[spring-aop-7.0.5.jar:7.0.5]
	at com.cly.userservice.service.impl.UserServiceImpl$$SpringCGLIB$$0.login(<generated>) ~[classes/:na]
	at com.cly.userservice.controller.UserController.login(UserController.java:37) ~[classes/:na]
	at java.base/jdk.internal.reflect.DirectMethodHandleAccessor.invoke(DirectMethodHandleAccessor.java:103) ~[na:na]
	at java.base/java.lang.reflect.Method.invoke(Method.java:580) ~[na:na]
	at org.springframework.web.method.support.InvocableHandlerMethod.doInvoke(InvocableHandlerMethod.java:252) ~[spring-web-7.0.5.jar:7.0.5]
	at org.springframework.web.method.support.InvocableHandlerMethod.invokeForRequest(InvocableHandlerMethod.java:184) ~[spring-web-7.0.5.jar:7.0.5]
	at org.springframework.web.servlet.mvc.method.annotation.ServletInvocableHandlerMethod.invokeAndHandle(ServletInvocableHandlerMethod.java:117) ~[spring-webmvc-7.0.5.jar:7.0.5]
	at org.springframework.web.servlet.mvc.method.annotation.RequestMappingHandlerAdapter.invokeHandlerMethod(RequestMappingHandlerAdapter.java:934) ~[spring-webmvc-7.0.5.jar:7.0.5]
	at org.springframework.web.servlet.mvc.method.annotation.RequestMappingHandlerAdapter.handleInternal(RequestMappingHandlerAdapter.java:853) ~[spring-webmvc-7.0.5.jar:7.0.5]
	at org.springframework.web.servlet.mvc.method.AbstractHandlerMethodAdapter.handle(AbstractHandlerMethodAdapter.java:86) ~[spring-webmvc-7.0.5.jar:7.0.5]
	at org.springframework.web.servlet.DispatcherServlet.doDispatch(DispatcherServlet.java:963) ~[spring-webmvc-7.0.5.jar:7.0.5]
	at org.springframework.web.servlet.DispatcherServlet.doService(DispatcherServlet.java:866) ~[spring-webmvc-7.0.5.jar:7.0.5]
	at org.springframework.web.servlet.FrameworkServlet.processRequest(FrameworkServlet.java:1000) ~[spring-webmvc-7.0.5.jar:7.0.5]
	at org.springframework.web.servlet.FrameworkServlet.doPost(FrameworkServlet.java:903) ~[spring-webmvc-7.0.5.jar:7.0.5]
	at jakarta.servlet.http.HttpServlet.service(HttpServlet.java:649) ~[tomcat-embed-core-11.0.18.jar:6.1]
	at org.springframework.web.servlet.FrameworkServlet.service(FrameworkServlet.java:874) ~[spring-webmvc-7.0.5.jar:7.0.5]
	at jakarta.servlet.http.HttpServlet.service(HttpServlet.java:710) ~[tomcat-embed-core-11.0.18.jar:6.1]
	at org.apache.catalina.core.ApplicationFilterChain.doFilter(ApplicationFilterChain.java:128) ~[tomcat-embed-core-11.0.18.jar:11.0.18]
	at org.apache.tomcat.websocket.server.WsFilter.doFilter(WsFilter.java:53) ~[tomcat-embed-websocket-11.0.18.jar:11.0.18]
	at org.apache.catalina.core.ApplicationFilterChain.doFilter(ApplicationFilterChain.java:107) ~[tomcat-embed-core-11.0.18.jar:11.0.18]
	at org.springframework.web.filter.RequestContextFilter.doFilterInternal(RequestContextFilter.java:100) ~[spring-web-7.0.5.jar:7.0.5]
	at org.springframework.web.filter.OncePerRequestFilter.doFilter(OncePerRequestFilter.java:116) ~[spring-web-7.0.5.jar:7.0.5]
	at org.apache.catalina.core.ApplicationFilterChain.doFilter(ApplicationFilterChain.java:107) ~[tomcat-embed-core-11.0.18.jar:11.0.18]
	at org.springframework.web.filter.FormContentFilter.doFilterInternal(FormContentFilter.java:93) ~[spring-web-7.0.5.jar:7.0.5]
	at org.springframework.web.filter.OncePerRequestFilter.doFilter(OncePerRequestFilter.java:116) ~[spring-web-7.0.5.jar:7.0.5]
	at org.apache.catalina.core.ApplicationFilterChain.doFilter(ApplicationFilterChain.java:107) ~[tomcat-embed-core-11.0.18.jar:11.0.18]
	at org.springframework.web.filter.CharacterEncodingFilter.doFilterInternal(CharacterEncodingFilter.java:199) ~[spring-web-7.0.5.jar:7.0.5]
	at org.springframework.web.filter.OncePerRequestFilter.doFilter(OncePerRequestFilter.java:116) ~[spring-web-7.0.5.jar:7.0.5]
	at org.apache.catalina.core.ApplicationFilterChain.doFilter(ApplicationFilterChain.java:107) ~[tomcat-embed-core-11.0.18.jar:11.0.18]
	at org.apache.catalina.core.StandardWrapperValve.invoke(StandardWrapperValve.java:165) ~[tomcat-embed-core-11.0.18.jar:11.0.18]
	at org.apache.catalina.core.StandardContextValve.invoke(StandardContextValve.java:77) ~[tomcat-embed-core-11.0.18.jar:11.0.18]
	at org.apache.catalina.authenticator.AuthenticatorBase.invoke(AuthenticatorBase.java:492) ~[tomcat-embed-core-11.0.18.jar:11.0.18]
	at org.apache.catalina.core.StandardHostValve.invoke(StandardHostValve.java:113) ~[tomcat-embed-core-11.0.18.jar:11.0.18]
	at org.apache.catalina.valves.ErrorReportValve.invoke(ErrorReportValve.java:83) ~[tomcat-embed-core-11.0.18.jar:11.0.18]
	at org.apache.catalina.core.StandardEngineValve.invoke(StandardEngineValve.java:72) ~[tomcat-embed-core-11.0.18.jar:11.0.18]
	at org.apache.catalina.connector.CoyoteAdapter.service(CoyoteAdapter.java:341) ~[tomcat-embed-core-11.0.18.jar:11.0.18]
	at org.apache.coyote.http11.Http11Processor.service(Http11Processor.java:397) ~[tomcat-embed-core-11.0.18.jar:11.0.18]
	at org.apache.coyote.AbstractProcessorLight.process(AbstractProcessorLight.java:63) ~[tomcat-embed-core-11.0.18.jar:11.0.18]
	at org.apache.coyote.AbstractProtocol$ConnectionHandler.process(AbstractProtocol.java:903) ~[tomcat-embed-core-11.0.18.jar:11.0.18]
	at org.apache.tomcat.util.net.NioEndpoint$SocketProcessor.doRun(NioEndpoint.java:1779) ~[tomcat-embed-core-11.0.18.jar:11.0.18]
	at org.apache.tomcat.util.net.SocketProcessorBase.run(SocketProcessorBase.java:52) ~[tomcat-embed-core-11.0.18.jar:11.0.18]
	at org.apache.tomcat.util.threads.ThreadPoolExecutor.runWorker(ThreadPoolExecutor.java:946) ~[tomcat-embed-core-11.0.18.jar:11.0.18]
	at org.apache.tomcat.util.threads.ThreadPoolExecutor$Worker.run(ThreadPoolExecutor.java:480) ~[tomcat-embed-core-11.0.18.jar:11.0.18]
	at org.apache.tomcat.util.threads.TaskThread$WrappingRunnable.run(TaskThread.java:57) ~[tomcat-embed-core-11.0.18.jar:11.0.18]
	at java.base/java.lang.Thread.run(Thread.java:1583) ~[na:na]

2026-03-29T23:25:17.455+08:00  INFO 32040 --- [user-service] [http-nio-9003-exec-2] c.c.u.aspect.BusinessLogAspect           : ========== 业务操作结束 ==========
2026-03-29T23:25:17.455+08:00  INFO 32040 --- [user-service] [http-nio-9003-exec-2] c.c.u.aspect.BusinessLogAspect           : 执行耗时：5ms
2026-03-29T23:25:17.455+08:00  INFO 32040 --- [user-service] [http-nio-9003-exec-2] c.c.u.aspect.BusinessLogAspect           : 执行状态：失败
2026-03-29T23:25:52.321+08:00  INFO 32040 --- [user-service] [http-nio-9003-exec-3] c.c.u.aspect.BusinessLogAspect           : ========== 业务操作开始 ==========
2026-03-29T23:25:52.321+08:00  INFO 32040 --- [user-service] [http-nio-9003-exec-3] c.c.u.aspect.BusinessLogAspect           : 时间：2026-03-29 23:25:52.321
2026-03-29T23:25:52.321+08:00  INFO 32040 --- [user-service] [http-nio-9003-exec-3] c.c.u.aspect.BusinessLogAspect           : 接口：POST /user/login
2026-03-29T23:25:52.321+08:00  INFO 32040 --- [user-service] [http-nio-9003-exec-3] c.c.u.aspect.BusinessLogAspect           : 类名：UserServiceImpl.login
2026-03-29T23:25:52.321+08:00  INFO 32040 --- [user-service] [http-nio-9003-exec-3] c.c.u.aspect.BusinessLogAspect           : 业务描述：用户登录
2026-03-29T23:25:52.321+08:00  INFO 32040 --- [user-service] [http-nio-9003-exec-3] c.c.u.aspect.BusinessLogAspect           : 业务类型：用户认证
2026-03-29T23:25:52.321+08:00  INFO 32040 --- [user-service] [http-nio-9003-exec-3] c.c.u.aspect.BusinessLogAspect           : 请求参数：["13800138000","123456"]
2026-03-29T23:25:52.327+08:00 ERROR 32040 --- [user-service] [http-nio-9003-exec-3] c.c.u.aspect.BusinessLogAspect           : 业务执行异常：手机号或密码错误

java.lang.RuntimeException: 手机号或密码错误
	at com.cly.userservice.service.impl.UserServiceImpl.login(UserServiceImpl.java:29) ~[classes/:na]
	at java.base/jdk.internal.reflect.DirectMethodHandleAccessor.invoke(DirectMethodHandleAccessor.java:103) ~[na:na]
	at java.base/java.lang.reflect.Method.invoke(Method.java:580) ~[na:na]
	at org.springframework.aop.support.AopUtils.invokeJoinpointUsingReflection(AopUtils.java:359) ~[spring-aop-7.0.5.jar:7.0.5]
	at org.springframework.aop.framework.ReflectiveMethodInvocation.invokeJoinpoint(ReflectiveMethodInvocation.java:190) ~[spring-aop-7.0.5.jar:7.0.5]
	at org.springframework.aop.framework.ReflectiveMethodInvocation.proceed(ReflectiveMethodInvocation.java:158) ~[spring-aop-7.0.5.jar:7.0.5]
	at org.springframework.aop.aspectj.MethodInvocationProceedingJoinPoint.proceed(MethodInvocationProceedingJoinPoint.java:82) ~[spring-aop-7.0.5.jar:7.0.5]
	at com.cly.userservice.aspect.BusinessLogAspect.around(BusinessLogAspect.java:75) ~[classes/:na]
	at java.base/jdk.internal.reflect.DirectMethodHandleAccessor.invoke(DirectMethodHandleAccessor.java:103) ~[na:na]
	at java.base/java.lang.reflect.Method.invoke(Method.java:580) ~[na:na]
	at org.springframework.aop.aspectj.AbstractAspectJAdvice.invokeAdviceMethodWithGivenArgs(AbstractAspectJAdvice.java:648) ~[spring-aop-7.0.5.jar:7.0.5]
	at org.springframework.aop.aspectj.AbstractAspectJAdvice.invokeAdviceMethod(AbstractAspectJAdvice.java:630) ~[spring-aop-7.0.5.jar:7.0.5]
	at org.springframework.aop.aspectj.AspectJAroundAdvice.invoke(AspectJAroundAdvice.java:70) ~[spring-aop-7.0.5.jar:7.0.5]
	at org.springframework.aop.framework.ReflectiveMethodInvocation.proceed(ReflectiveMethodInvocation.java:168) ~[spring-aop-7.0.5.jar:7.0.5]
	at org.springframework.aop.interceptor.ExposeInvocationInterceptor.invoke(ExposeInvocationInterceptor.java:96) ~[spring-aop-7.0.5.jar:7.0.5]
	at org.springframework.aop.framework.ReflectiveMethodInvocation.proceed(ReflectiveMethodInvocation.java:179) ~[spring-aop-7.0.5.jar:7.0.5]
	at org.springframework.aop.framework.CglibAopProxy$DynamicAdvisedInterceptor.intercept(CglibAopProxy.java:719) ~[spring-aop-7.0.5.jar:7.0.5]
	at com.cly.userservice.service.impl.UserServiceImpl$$SpringCGLIB$$0.login(<generated>) ~[classes/:na]
	at com.cly.userservice.controller.UserController.login(UserController.java:37) ~[classes/:na]
	at java.base/jdk.internal.reflect.DirectMethodHandleAccessor.invoke(DirectMethodHandleAccessor.java:103) ~[na:na]
	at java.base/java.lang.reflect.Method.invoke(Method.java:580) ~[na:na]
	at org.springframework.web.method.support.InvocableHandlerMethod.doInvoke(InvocableHandlerMethod.java:252) ~[spring-web-7.0.5.jar:7.0.5]
	at org.springframework.web.method.support.InvocableHandlerMethod.invokeForRequest(InvocableHandlerMethod.java:184) ~[spring-web-7.0.5.jar:7.0.5]
	at org.springframework.web.servlet.mvc.method.annotation.ServletInvocableHandlerMethod.invokeAndHandle(ServletInvocableHandlerMethod.java:117) ~[spring-webmvc-7.0.5.jar:7.0.5]
	at org.springframework.web.servlet.mvc.method.annotation.RequestMappingHandlerAdapter.invokeHandlerMethod(RequestMappingHandlerAdapter.java:934) ~[spring-webmvc-7.0.5.jar:7.0.5]
	at org.springframework.web.servlet.mvc.method.annotation.RequestMappingHandlerAdapter.handleInternal(RequestMappingHandlerAdapter.java:853) ~[spring-webmvc-7.0.5.jar:7.0.5]
	at org.springframework.web.servlet.mvc.method.AbstractHandlerMethodAdapter.handle(AbstractHandlerMethodAdapter.java:86) ~[spring-webmvc-7.0.5.jar:7.0.5]
	at org.springframework.web.servlet.DispatcherServlet.doDispatch(DispatcherServlet.java:963) ~[spring-webmvc-7.0.5.jar:7.0.5]
	at org.springframework.web.servlet.DispatcherServlet.doService(DispatcherServlet.java:866) ~[spring-webmvc-7.0.5.jar:7.0.5]
	at org.springframework.web.servlet.FrameworkServlet.processRequest(FrameworkServlet.java:1000) ~[spring-webmvc-7.0.5.jar:7.0.5]
	at org.springframework.web.servlet.FrameworkServlet.doPost(FrameworkServlet.java:903) ~[spring-webmvc-7.0.5.jar:7.0.5]
	at jakarta.servlet.http.HttpServlet.service(HttpServlet.java:649) ~[tomcat-embed-core-11.0.18.jar:6.1]
	at org.springframework.web.servlet.FrameworkServlet.service(FrameworkServlet.java:874) ~[spring-webmvc-7.0.5.jar:7.0.5]
	at jakarta.servlet.http.HttpServlet.service(HttpServlet.java:710) ~[tomcat-embed-core-11.0.18.jar:6.1]
	at org.apache.catalina.core.ApplicationFilterChain.doFilter(ApplicationFilterChain.java:128) ~[tomcat-embed-core-11.0.18.jar:11.0.18]
	at org.apache.tomcat.websocket.server.WsFilter.doFilter(WsFilter.java:53) ~[tomcat-embed-websocket-11.0.18.jar:11.0.18]
	at org.apache.catalina.core.ApplicationFilterChain.doFilter(ApplicationFilterChain.java:107) ~[tomcat-embed-core-11.0.18.jar:11.0.18]
	at org.springframework.web.filter.RequestContextFilter.doFilterInternal(RequestContextFilter.java:100) ~[spring-web-7.0.5.jar:7.0.5]
	at org.springframework.web.filter.OncePerRequestFilter.doFilter(OncePerRequestFilter.java:116) ~[spring-web-7.0.5.jar:7.0.5]
	at org.apache.catalina.core.ApplicationFilterChain.doFilter(ApplicationFilterChain.java:107) ~[tomcat-embed-core-11.0.18.jar:11.0.18]
	at org.springframework.web.filter.FormContentFilter.doFilterInternal(FormContentFilter.java:93) ~[spring-web-7.0.5.jar:7.0.5]
	at org.springframework.web.filter.OncePerRequestFilter.doFilter(OncePerRequestFilter.java:116) ~[spring-web-7.0.5.jar:7.0.5]
	at org.apache.catalina.core.ApplicationFilterChain.doFilter(ApplicationFilterChain.java:107) ~[tomcat-embed-core-11.0.18.jar:11.0.18]
	at org.springframework.web.filter.CharacterEncodingFilter.doFilterInternal(CharacterEncodingFilter.java:199) ~[spring-web-7.0.5.jar:7.0.5]
	at org.springframework.web.filter.OncePerRequestFilter.doFilter(OncePerRequestFilter.java:116) ~[spring-web-7.0.5.jar:7.0.5]
	at org.apache.catalina.core.ApplicationFilterChain.doFilter(ApplicationFilterChain.java:107) ~[tomcat-embed-core-11.0.18.jar:11.0.18]
	at org.apache.catalina.core.StandardWrapperValve.invoke(StandardWrapperValve.java:165) ~[tomcat-embed-core-11.0.18.jar:11.0.18]
	at org.apache.catalina.core.StandardContextValve.invoke(StandardContextValve.java:77) ~[tomcat-embed-core-11.0.18.jar:11.0.18]
	at org.apache.catalina.authenticator.AuthenticatorBase.invoke(AuthenticatorBase.java:492) ~[tomcat-embed-core-11.0.18.jar:11.0.18]
	at org.apache.catalina.core.StandardHostValve.invoke(StandardHostValve.java:113) ~[tomcat-embed-core-11.0.18.jar:11.0.18]
	at org.apache.catalina.valves.ErrorReportValve.invoke(ErrorReportValve.java:83) ~[tomcat-embed-core-11.0.18.jar:11.0.18]
	at org.apache.catalina.core.StandardEngineValve.invoke(StandardEngineValve.java:72) ~[tomcat-embed-core-11.0.18.jar:11.0.18]
	at org.apache.catalina.connector.CoyoteAdapter.service(CoyoteAdapter.java:341) ~[tomcat-embed-core-11.0.18.jar:11.0.18]
	at org.apache.coyote.http11.Http11Processor.service(Http11Processor.java:397) ~[tomcat-embed-core-11.0.18.jar:11.0.18]
	at org.apache.coyote.AbstractProcessorLight.process(AbstractProcessorLight.java:63) ~[tomcat-embed-core-11.0.18.jar:11.0.18]
	at org.apache.coyote.AbstractProtocol$ConnectionHandler.process(AbstractProtocol.java:903) ~[tomcat-embed-core-11.0.18.jar:11.0.18]
	at org.apache.tomcat.util.net.NioEndpoint$SocketProcessor.doRun(NioEndpoint.java:1779) ~[tomcat-embed-core-11.0.18.jar:11.0.18]
	at org.apache.tomcat.util.net.SocketProcessorBase.run(SocketProcessorBase.java:52) ~[tomcat-embed-core-11.0.18.jar:11.0.18]
	at org.apache.tomcat.util.threads.ThreadPoolExecutor.runWorker(ThreadPoolExecutor.java:946) ~[tomcat-embed-core-11.0.18.jar:11.0.18]
	at org.apache.tomcat.util.threads.ThreadPoolExecutor$Worker.run(ThreadPoolExecutor.java:480) ~[tomcat-embed-core-11.0.18.jar:11.0.18]
	at org.apache.tomcat.util.threads.TaskThread$WrappingRunnable.run(TaskThread.java:57) ~[tomcat-embed-core-11.0.18.jar:11.0.18]
	at java.base/java.lang.Thread.run(Thread.java:1583) ~[na:na]

2026-03-29T23:25:52.327+08:00  INFO 32040 --- [user-service] [http-nio-9003-exec-3] c.c.u.aspect.BusinessLogAspect           : ========== 业务操作结束 ==========
2026-03-29T23:25:52.327+08:00  INFO 32040 --- [user-service] [http-nio-9003-exec-3] c.c.u.aspect.BusinessLogAspect           : 执行耗时：6ms
2026-03-29T23:25:52.327+08:00  INFO 32040 --- [user-service] [http-nio-9003-exec-3] c.c.u.aspect.BusinessLogAspect           : 执行状态：失败
2026-03-29T23:27:11.395+08:00  INFO 32040 --- [user-service] [http-nio-9003-exec-4] c.c.u.aspect.BusinessLogAspect           : ========== 业务操作开始 ==========
2026-03-29T23:27:11.395+08:00  INFO 32040 --- [user-service] [http-nio-9003-exec-4] c.c.u.aspect.BusinessLogAspect           : 时间：2026-03-29 23:27:11.395
2026-03-29T23:27:11.395+08:00  INFO 32040 --- [user-service] [http-nio-9003-exec-4] c.c.u.aspect.BusinessLogAspect           : 接口：POST /user/login
2026-03-29T23:27:11.395+08:00  INFO 32040 --- [user-service] [http-nio-9003-exec-4] c.c.u.aspect.BusinessLogAspect           : 类名：UserServiceImpl.login
2026-03-29T23:27:11.395+08:00  INFO 32040 --- [user-service] [http-nio-9003-exec-4] c.c.u.aspect.BusinessLogAspect           : 业务描述：用户登录
2026-03-29T23:27:11.395+08:00  INFO 32040 --- [user-service] [http-nio-9003-exec-4] c.c.u.aspect.BusinessLogAspect           : 业务类型：用户认证
2026-03-29T23:27:11.395+08:00  INFO 32040 --- [user-service] [http-nio-9003-exec-4] c.c.u.aspect.BusinessLogAspect           : 请求参数：["13800138000","123456"]
2026-03-29T23:27:11.400+08:00 ERROR 32040 --- [user-service] [http-nio-9003-exec-4] c.c.u.aspect.BusinessLogAspect           : 业务执行异常：手机号或密码错误

java.lang.RuntimeException: 手机号或密码错误
	at com.cly.userservice.service.impl.UserServiceImpl.login(UserServiceImpl.java:29) ~[classes/:na]
	at java.base/jdk.internal.reflect.DirectMethodHandleAccessor.invoke(DirectMethodHandleAccessor.java:103) ~[na:na]
	at java.base/java.lang.reflect.Method.invoke(Method.java:580) ~[na:na]
	at org.springframework.aop.support.AopUtils.invokeJoinpointUsingReflection(AopUtils.java:359) ~[spring-aop-7.0.5.jar:7.0.5]
	at org.springframework.aop.framework.ReflectiveMethodInvocation.invokeJoinpoint(ReflectiveMethodInvocation.java:190) ~[spring-aop-7.0.5.jar:7.0.5]
	at org.springframework.aop.framework.ReflectiveMethodInvocation.proceed(ReflectiveMethodInvocation.java:158) ~[spring-aop-7.0.5.jar:7.0.5]
	at org.springframework.aop.aspectj.MethodInvocationProceedingJoinPoint.proceed(MethodInvocationProceedingJoinPoint.java:82) ~[spring-aop-7.0.5.jar:7.0.5]
	at com.cly.userservice.aspect.BusinessLogAspect.around(BusinessLogAspect.java:75) ~[classes/:na]
	at java.base/jdk.internal.reflect.DirectMethodHandleAccessor.invoke(DirectMethodHandleAccessor.java:103) ~[na:na]
	at java.base/java.lang.reflect.Method.invoke(Method.java:580) ~[na:na]
	at org.springframework.aop.aspectj.AbstractAspectJAdvice.invokeAdviceMethodWithGivenArgs(AbstractAspectJAdvice.java:648) ~[spring-aop-7.0.5.jar:7.0.5]
	at org.springframework.aop.aspectj.AbstractAspectJAdvice.invokeAdviceMethod(AbstractAspectJAdvice.java:630) ~[spring-aop-7.0.5.jar:7.0.5]
	at org.springframework.aop.aspectj.AspectJAroundAdvice.invoke(AspectJAroundAdvice.java:70) ~[spring-aop-7.0.5.jar:7.0.5]
	at org.springframework.aop.framework.ReflectiveMethodInvocation.proceed(ReflectiveMethodInvocation.java:168) ~[spring-aop-7.0.5.jar:7.0.5]
	at org.springframework.aop.interceptor.ExposeInvocationInterceptor.invoke(ExposeInvocationInterceptor.java:96) ~[spring-aop-7.0.5.jar:7.0.5]
	at org.springframework.aop.framework.ReflectiveMethodInvocation.proceed(ReflectiveMethodInvocation.java:179) ~[spring-aop-7.0.5.jar:7.0.5]
	at org.springframework.aop.framework.CglibAopProxy$DynamicAdvisedInterceptor.intercept(CglibAopProxy.java:719) ~[spring-aop-7.0.5.jar:7.0.5]
	at com.cly.userservice.service.impl.UserServiceImpl$$SpringCGLIB$$0.login(<generated>) ~[classes/:na]
	at com.cly.userservice.controller.UserController.login(UserController.java:37) ~[classes/:na]
	at java.base/jdk.internal.reflect.DirectMethodHandleAccessor.invoke(DirectMethodHandleAccessor.java:103) ~[na:na]
	at java.base/java.lang.reflect.Method.invoke(Method.java:580) ~[na:na]
	at org.springframework.web.method.support.InvocableHandlerMethod.doInvoke(InvocableHandlerMethod.java:252) ~[spring-web-7.0.5.jar:7.0.5]
	at org.springframework.web.method.support.InvocableHandlerMethod.invokeForRequest(InvocableHandlerMethod.java:184) ~[spring-web-7.0.5.jar:7.0.5]
	at org.springframework.web.servlet.mvc.method.annotation.ServletInvocableHandlerMethod.invokeAndHandle(ServletInvocableHandlerMethod.java:117) ~[spring-webmvc-7.0.5.jar:7.0.5]
	at org.springframework.web.servlet.mvc.method.annotation.RequestMappingHandlerAdapter.invokeHandlerMethod(RequestMappingHandlerAdapter.java:934) ~[spring-webmvc-7.0.5.jar:7.0.5]
	at org.springframework.web.servlet.mvc.method.annotation.RequestMappingHandlerAdapter.handleInternal(RequestMappingHandlerAdapter.java:853) ~[spring-webmvc-7.0.5.jar:7.0.5]
	at org.springframework.web.servlet.mvc.method.AbstractHandlerMethodAdapter.handle(AbstractHandlerMethodAdapter.java:86) ~[spring-webmvc-7.0.5.jar:7.0.5]
	at org.springframework.web.servlet.DispatcherServlet.doDispatch(DispatcherServlet.java:963) ~[spring-webmvc-7.0.5.jar:7.0.5]
	at org.springframework.web.servlet.DispatcherServlet.doService(DispatcherServlet.java:866) ~[spring-webmvc-7.0.5.jar:7.0.5]
	at org.springframework.web.servlet.FrameworkServlet.processRequest(FrameworkServlet.java:1000) ~[spring-webmvc-7.0.5.jar:7.0.5]
	at org.springframework.web.servlet.FrameworkServlet.doPost(FrameworkServlet.java:903) ~[spring-webmvc-7.0.5.jar:7.0.5]
	at jakarta.servlet.http.HttpServlet.service(HttpServlet.java:649) ~[tomcat-embed-core-11.0.18.jar:6.1]
	at org.springframework.web.servlet.FrameworkServlet.service(FrameworkServlet.java:874) ~[spring-webmvc-7.0.5.jar:7.0.5]
	at jakarta.servlet.http.HttpServlet.service(HttpServlet.java:710) ~[tomcat-embed-core-11.0.18.jar:6.1]
	at org.apache.catalina.core.ApplicationFilterChain.doFilter(ApplicationFilterChain.java:128) ~[tomcat-embed-core-11.0.18.jar:11.0.18]
	at org.apache.tomcat.websocket.server.WsFilter.doFilter(WsFilter.java:53) ~[tomcat-embed-websocket-11.0.18.jar:11.0.18]
	at org.apache.catalina.core.ApplicationFilterChain.doFilter(ApplicationFilterChain.java:107) ~[tomcat-embed-core-11.0.18.jar:11.0.18]
	at org.springframework.web.filter.RequestContextFilter.doFilterInternal(RequestContextFilter.java:100) ~[spring-web-7.0.5.jar:7.0.5]
	at org.springframework.web.filter.OncePerRequestFilter.doFilter(OncePerRequestFilter.java:116) ~[spring-web-7.0.5.jar:7.0.5]
	at org.apache.catalina.core.ApplicationFilterChain.doFilter(ApplicationFilterChain.java:107) ~[tomcat-embed-core-11.0.18.jar:11.0.18]
	at org.springframework.web.filter.FormContentFilter.doFilterInternal(FormContentFilter.java:93) ~[spring-web-7.0.5.jar:7.0.5]
	at org.springframework.web.filter.OncePerRequestFilter.doFilter(OncePerRequestFilter.java:116) ~[spring-web-7.0.5.jar:7.0.5]
	at org.apache.catalina.core.ApplicationFilterChain.doFilter(ApplicationFilterChain.java:107) ~[tomcat-embed-core-11.0.18.jar:11.0.18]
	at org.springframework.web.filter.CharacterEncodingFilter.doFilterInternal(CharacterEncodingFilter.java:199) ~[spring-web-7.0.5.jar:7.0.5]
	at org.springframework.web.filter.OncePerRequestFilter.doFilter(OncePerRequestFilter.java:116) ~[spring-web-7.0.5.jar:7.0.5]
	at org.apache.catalina.core.ApplicationFilterChain.doFilter(ApplicationFilterChain.java:107) ~[tomcat-embed-core-11.0.18.jar:11.0.18]
	at org.apache.catalina.core.StandardWrapperValve.invoke(StandardWrapperValve.java:165) ~[tomcat-embed-core-11.0.18.jar:11.0.18]
	at org.apache.catalina.core.StandardContextValve.invoke(StandardContextValve.java:77) ~[tomcat-embed-core-11.0.18.jar:11.0.18]
	at org.apache.catalina.authenticator.AuthenticatorBase.invoke(AuthenticatorBase.java:492) ~[tomcat-embed-core-11.0.18.jar:11.0.18]
	at org.apache.catalina.core.StandardHostValve.invoke(StandardHostValve.java:113) ~[tomcat-embed-core-11.0.18.jar:11.0.18]
	at org.apache.catalina.valves.ErrorReportValve.invoke(ErrorReportValve.java:83) ~[tomcat-embed-core-11.0.18.jar:11.0.18]
	at org.apache.catalina.core.StandardEngineValve.invoke(StandardEngineValve.java:72) ~[tomcat-embed-core-11.0.18.jar:11.0.18]
	at org.apache.catalina.connector.CoyoteAdapter.service(CoyoteAdapter.java:341) ~[tomcat-embed-core-11.0.18.jar:11.0.18]
	at org.apache.coyote.http11.Http11Processor.service(Http11Processor.java:397) ~[tomcat-embed-core-11.0.18.jar:11.0.18]
	at org.apache.coyote.AbstractProcessorLight.process(AbstractProcessorLight.java:63) ~[tomcat-embed-core-11.0.18.jar:11.0.18]
	at org.apache.coyote.AbstractProtocol$ConnectionHandler.process(AbstractProtocol.java:903) ~[tomcat-embed-core-11.0.18.jar:11.0.18]
	at org.apache.tomcat.util.net.NioEndpoint$SocketProcessor.doRun(NioEndpoint.java:1779) ~[tomcat-embed-core-11.0.18.jar:11.0.18]
	at org.apache.tomcat.util.net.SocketProcessorBase.run(SocketProcessorBase.java:52) ~[tomcat-embed-core-11.0.18.jar:11.0.18]
	at org.apache.tomcat.util.threads.ThreadPoolExecutor.runWorker(ThreadPoolExecutor.java:946) ~[tomcat-embed-core-11.0.18.jar:11.0.18]
	at org.apache.tomcat.util.threads.ThreadPoolExecutor$Worker.run(ThreadPoolExecutor.java:480) ~[tomcat-embed-core-11.0.18.jar:11.0.18]
	at org.apache.tomcat.util.threads.TaskThread$WrappingRunnable.run(TaskThread.java:57) ~[tomcat-embed-core-11.0.18.jar:11.0.18]
	at java.base/java.lang.Thread.run(Thread.java:1583) ~[na:na]

2026-03-29T23:27:11.400+08:00  INFO 32040 --- [user-service] [http-nio-9003-exec-4] c.c.u.aspect.BusinessLogAspect           : ========== 业务操作结束 ==========
2026-03-29T23:27:11.400+08:00  INFO 32040 --- [user-service] [http-nio-9003-exec-4] c.c.u.aspect.BusinessLogAspect           : 执行耗时：5ms
2026-03-29T23:27:11.400+08:00  INFO 32040 --- [user-service] [http-nio-9003-exec-4] c.c.u.aspect.BusinessLogAspect           : 执行状态：失败
2026-03-29T23:27:20.900+08:00  INFO 32040 --- [user-service] [http-nio-9003-exec-6] c.c.u.aspect.BusinessLogAspect           : ========== 业务操作开始 ==========
2026-03-29T23:27:20.901+08:00  INFO 32040 --- [user-service] [http-nio-9003-exec-6] c.c.u.aspect.BusinessLogAspect           : 时间：2026-03-29 23:27:20.901
2026-03-29T23:27:20.901+08:00  INFO 32040 --- [user-service] [http-nio-9003-exec-6] c.c.u.aspect.BusinessLogAspect           : 接口：POST /user/login
2026-03-29T23:27:20.901+08:00  INFO 32040 --- [user-service] [http-nio-9003-exec-6] c.c.u.aspect.BusinessLogAspect           : 类名：UserServiceImpl.login
2026-03-29T23:27:20.901+08:00  INFO 32040 --- [user-service] [http-nio-9003-exec-6] c.c.u.aspect.BusinessLogAspect           : 业务描述：用户登录
2026-03-29T23:27:20.901+08:00  INFO 32040 --- [user-service] [http-nio-9003-exec-6] c.c.u.aspect.BusinessLogAspect           : 业务类型：用户认证
2026-03-29T23:27:20.901+08:00  INFO 32040 --- [user-service] [http-nio-9003-exec-6] c.c.u.aspect.BusinessLogAspect           : 请求参数：["13800138000","123456"]
2026-03-29T23:27:20.906+08:00 ERROR 32040 --- [user-service] [http-nio-9003-exec-6] c.c.u.aspect.BusinessLogAspect           : 业务执行异常：手机号或密码错误

java.lang.RuntimeException: 手机号或密码错误
	at com.cly.userservice.service.impl.UserServiceImpl.login(UserServiceImpl.java:29) ~[classes/:na]
	at java.base/jdk.internal.reflect.DirectMethodHandleAccessor.invoke(DirectMethodHandleAccessor.java:103) ~[na:na]
	at java.base/java.lang.reflect.Method.invoke(Method.java:580) ~[na:na]
	at org.springframework.aop.support.AopUtils.invokeJoinpointUsingReflection(AopUtils.java:359) ~[spring-aop-7.0.5.jar:7.0.5]
	at org.springframework.aop.framework.ReflectiveMethodInvocation.invokeJoinpoint(ReflectiveMethodInvocation.java:190) ~[spring-aop-7.0.5.jar:7.0.5]
	at org.springframework.aop.framework.ReflectiveMethodInvocation.proceed(ReflectiveMethodInvocation.java:158) ~[spring-aop-7.0.5.jar:7.0.5]
	at org.springframework.aop.aspectj.MethodInvocationProceedingJoinPoint.proceed(MethodInvocationProceedingJoinPoint.java:82) ~[spring-aop-7.0.5.jar:7.0.5]
	at com.cly.userservice.aspect.BusinessLogAspect.around(BusinessLogAspect.java:75) ~[classes/:na]
	at java.base/jdk.internal.reflect.DirectMethodHandleAccessor.invoke(DirectMethodHandleAccessor.java:103) ~[na:na]
	at java.base/java.lang.reflect.Method.invoke(Method.java:580) ~[na:na]
	at org.springframework.aop.aspectj.AbstractAspectJAdvice.invokeAdviceMethodWithGivenArgs(AbstractAspectJAdvice.java:648) ~[spring-aop-7.0.5.jar:7.0.5]
	at org.springframework.aop.aspectj.AbstractAspectJAdvice.invokeAdviceMethod(AbstractAspectJAdvice.java:630) ~[spring-aop-7.0.5.jar:7.0.5]
	at org.springframework.aop.aspectj.AspectJAroundAdvice.invoke(AspectJAroundAdvice.java:70) ~[spring-aop-7.0.5.jar:7.0.5]
	at org.springframework.aop.framework.ReflectiveMethodInvocation.proceed(ReflectiveMethodInvocation.java:168) ~[spring-aop-7.0.5.jar:7.0.5]
	at org.springframework.aop.interceptor.ExposeInvocationInterceptor.invoke(ExposeInvocationInterceptor.java:96) ~[spring-aop-7.0.5.jar:7.0.5]
	at org.springframework.aop.framework.ReflectiveMethodInvocation.proceed(ReflectiveMethodInvocation.java:179) ~[spring-aop-7.0.5.jar:7.0.5]
	at org.springframework.aop.framework.CglibAopProxy$DynamicAdvisedInterceptor.intercept(CglibAopProxy.java:719) ~[spring-aop-7.0.5.jar:7.0.5]
	at com.cly.userservice.service.impl.UserServiceImpl$$SpringCGLIB$$0.login(<generated>) ~[classes/:na]
	at com.cly.userservice.controller.UserController.login(UserController.java:37) ~[classes/:na]
	at java.base/jdk.internal.reflect.DirectMethodHandleAccessor.invoke(DirectMethodHandleAccessor.java:103) ~[na:na]
	at java.base/java.lang.reflect.Method.invoke(Method.java:580) ~[na:na]
	at org.springframework.web.method.support.InvocableHandlerMethod.doInvoke(InvocableHandlerMethod.java:252) ~[spring-web-7.0.5.jar:7.0.5]
	at org.springframework.web.method.support.InvocableHandlerMethod.invokeForRequest(InvocableHandlerMethod.java:184) ~[spring-web-7.0.5.jar:7.0.5]
	at org.springframework.web.servlet.mvc.method.annotation.ServletInvocableHandlerMethod.invokeAndHandle(ServletInvocableHandlerMethod.java:117) ~[spring-webmvc-7.0.5.jar:7.0.5]
	at org.springframework.web.servlet.mvc.method.annotation.RequestMappingHandlerAdapter.invokeHandlerMethod(RequestMappingHandlerAdapter.java:934) ~[spring-webmvc-7.0.5.jar:7.0.5]
	at org.springframework.web.servlet.mvc.method.annotation.RequestMappingHandlerAdapter.handleInternal(RequestMappingHandlerAdapter.java:853) ~[spring-webmvc-7.0.5.jar:7.0.5]
	at org.springframework.web.servlet.mvc.method.AbstractHandlerMethodAdapter.handle(AbstractHandlerMethodAdapter.java:86) ~[spring-webmvc-7.0.5.jar:7.0.5]
	at org.springframework.web.servlet.DispatcherServlet.doDispatch(DispatcherServlet.java:963) ~[spring-webmvc-7.0.5.jar:7.0.5]
	at org.springframework.web.servlet.DispatcherServlet.doService(DispatcherServlet.java:866) ~[spring-webmvc-7.0.5.jar:7.0.5]
	at org.springframework.web.servlet.FrameworkServlet.processRequest(FrameworkServlet.java:1000) ~[spring-webmvc-7.0.5.jar:7.0.5]
	at org.springframework.web.servlet.FrameworkServlet.doPost(FrameworkServlet.java:903) ~[spring-webmvc-7.0.5.jar:7.0.5]
	at jakarta.servlet.http.HttpServlet.service(HttpServlet.java:649) ~[tomcat-embed-core-11.0.18.jar:6.1]
	at org.springframework.web.servlet.FrameworkServlet.service(FrameworkServlet.java:874) ~[spring-webmvc-7.0.5.jar:7.0.5]
	at jakarta.servlet.http.HttpServlet.service(HttpServlet.java:710) ~[tomcat-embed-core-11.0.18.jar:6.1]
	at org.apache.catalina.core.ApplicationFilterChain.doFilter(ApplicationFilterChain.java:128) ~[tomcat-embed-core-11.0.18.jar:11.0.18]
	at org.apache.tomcat.websocket.server.WsFilter.doFilter(WsFilter.java:53) ~[tomcat-embed-websocket-11.0.18.jar:11.0.18]
	at org.apache.catalina.core.ApplicationFilterChain.doFilter(ApplicationFilterChain.java:107) ~[tomcat-embed-core-11.0.18.jar:11.0.18]
	at org.springframework.web.filter.RequestContextFilter.doFilterInternal(RequestContextFilter.java:100) ~[spring-web-7.0.5.jar:7.0.5]
	at org.springframework.web.filter.OncePerRequestFilter.doFilter(OncePerRequestFilter.java:116) ~[spring-web-7.0.5.jar:7.0.5]
	at org.apache.catalina.core.ApplicationFilterChain.doFilter(ApplicationFilterChain.java:107) ~[tomcat-embed-core-11.0.18.jar:11.0.18]
	at org.springframework.web.filter.FormContentFilter.doFilterInternal(FormContentFilter.java:93) ~[spring-web-7.0.5.jar:7.0.5]
	at org.springframework.web.filter.OncePerRequestFilter.doFilter(OncePerRequestFilter.java:116) ~[spring-web-7.0.5.jar:7.0.5]
	at org.apache.catalina.core.ApplicationFilterChain.doFilter(ApplicationFilterChain.java:107) ~[tomcat-embed-core-11.0.18.jar:11.0.18]
	at org.springframework.web.filter.CharacterEncodingFilter.doFilterInternal(CharacterEncodingFilter.java:199) ~[spring-web-7.0.5.jar:7.0.5]
	at org.springframework.web.filter.OncePerRequestFilter.doFilter(OncePerRequestFilter.java:116) ~[spring-web-7.0.5.jar:7.0.5]
	at org.apache.catalina.core.ApplicationFilterChain.doFilter(ApplicationFilterChain.java:107) ~[tomcat-embed-core-11.0.18.jar:11.0.18]
	at org.apache.catalina.core.StandardWrapperValve.invoke(StandardWrapperValve.java:165) ~[tomcat-embed-core-11.0.18.jar:11.0.18]
	at org.apache.catalina.core.StandardContextValve.invoke(StandardContextValve.java:77) ~[tomcat-embed-core-11.0.18.jar:11.0.18]
	at org.apache.catalina.authenticator.AuthenticatorBase.invoke(AuthenticatorBase.java:492) ~[tomcat-embed-core-11.0.18.jar:11.0.18]
	at org.apache.catalina.core.StandardHostValve.invoke(StandardHostValve.java:113) ~[tomcat-embed-core-11.0.18.jar:11.0.18]
	at org.apache.catalina.valves.ErrorReportValve.invoke(ErrorReportValve.java:83) ~[tomcat-embed-core-11.0.18.jar:11.0.18]
	at org.apache.catalina.core.StandardEngineValve.invoke(StandardEngineValve.java:72) ~[tomcat-embed-core-11.0.18.jar:11.0.18]
	at org.apache.catalina.connector.CoyoteAdapter.service(CoyoteAdapter.java:341) ~[tomcat-embed-core-11.0.18.jar:11.0.18]
	at org.apache.coyote.http11.Http11Processor.service(Http11Processor.java:397) ~[tomcat-embed-core-11.0.18.jar:11.0.18]
	at org.apache.coyote.AbstractProcessorLight.process(AbstractProcessorLight.java:63) ~[tomcat-embed-core-11.0.18.jar:11.0.18]
	at org.apache.coyote.AbstractProtocol$ConnectionHandler.process(AbstractProtocol.java:903) ~[tomcat-embed-core-11.0.18.jar:11.0.18]
	at org.apache.tomcat.util.net.NioEndpoint$SocketProcessor.doRun(NioEndpoint.java:1779) ~[tomcat-embed-core-11.0.18.jar:11.0.18]
	at org.apache.tomcat.util.net.SocketProcessorBase.run(SocketProcessorBase.java:52) ~[tomcat-embed-core-11.0.18.jar:11.0.18]
	at org.apache.tomcat.util.threads.ThreadPoolExecutor.runWorker(ThreadPoolExecutor.java:946) ~[tomcat-embed-core-11.0.18.jar:11.0.18]
	at org.apache.tomcat.util.threads.ThreadPoolExecutor$Worker.run(ThreadPoolExecutor.java:480) ~[tomcat-embed-core-11.0.18.jar:11.0.18]
	at org.apache.tomcat.util.threads.TaskThread$WrappingRunnable.run(TaskThread.java:57) ~[tomcat-embed-core-11.0.18.jar:11.0.18]
	at java.base/java.lang.Thread.run(Thread.java:1583) ~[na:na]

2026-03-29T23:27:20.906+08:00  INFO 32040 --- [user-service] [http-nio-9003-exec-6] c.c.u.aspect.BusinessLogAspect           : ========== 业务操作结束 ==========
2026-03-29T23:27:20.907+08:00  INFO 32040 --- [user-service] [http-nio-9003-exec-6] c.c.u.aspect.BusinessLogAspect           : 执行耗时：5ms
2026-03-29T23:27:20.907+08:00  INFO 32040 --- [user-service] [http-nio-9003-exec-6] c.c.u.aspect.BusinessLogAspect           : 执行状态：失败
2026-03-29T23:28:27.380+08:00  INFO 32040 --- [user-service] [http-nio-9003-exec-7] c.c.u.aspect.BusinessLogAspect           : ========== 业务操作开始 ==========
2026-03-29T23:28:27.380+08:00  INFO 32040 --- [user-service] [http-nio-9003-exec-7] c.c.u.aspect.BusinessLogAspect           : 时间：2026-03-29 23:28:27.380
2026-03-29T23:28:27.380+08:00  INFO 32040 --- [user-service] [http-nio-9003-exec-7] c.c.u.aspect.BusinessLogAspect           : 接口：POST /user/login
2026-03-29T23:28:27.380+08:00  INFO 32040 --- [user-service] [http-nio-9003-exec-7] c.c.u.aspect.BusinessLogAspect           : 类名：UserServiceImpl.login
2026-03-29T23:28:27.380+08:00  INFO 32040 --- [user-service] [http-nio-9003-exec-7] c.c.u.aspect.BusinessLogAspect           : 业务描述：用户登录
2026-03-29T23:28:27.380+08:00  INFO 32040 --- [user-service] [http-nio-9003-exec-7] c.c.u.aspect.BusinessLogAspect           : 业务类型：用户认证
2026-03-29T23:28:27.380+08:00  INFO 32040 --- [user-service] [http-nio-9003-exec-7] c.c.u.aspect.BusinessLogAspect           : 请求参数：["13800000001","123456"]
2026-03-29T23:28:27.415+08:00  INFO 32040 --- [user-service] [http-nio-9003-exec-7] c.c.u.aspect.BusinessLogAspect           : ========== 业务操作结束 ==========
2026-03-29T23:28:27.415+08:00  INFO 32040 --- [user-service] [http-nio-9003-exec-7] c.c.u.aspect.BusinessLogAspect           : 执行耗时：35ms
2026-03-29T23:28:27.415+08:00  INFO 32040 --- [user-service] [http-nio-9003-exec-7] c.c.u.aspect.BusinessLogAspect           : 执行状态：成功
2026-03-29T23:28:32.826+08:00  INFO 32040 --- [user-service] [http-nio-9003-exec-8] c.c.u.aspect.BusinessLogAspect           : ========== 业务操作开始 ==========
2026-03-29T23:28:32.826+08:00  INFO 32040 --- [user-service] [http-nio-9003-exec-8] c.c.u.aspect.BusinessLogAspect           : 时间：2026-03-29 23:28:32.826
2026-03-29T23:28:32.826+08:00  INFO 32040 --- [user-service] [http-nio-9003-exec-8] c.c.u.aspect.BusinessLogAspect           : 接口：POST /user/login
2026-03-29T23:28:32.826+08:00  INFO 32040 --- [user-service] [http-nio-9003-exec-8] c.c.u.aspect.BusinessLogAspect           : 类名：UserServiceImpl.login
2026-03-29T23:28:32.826+08:00  INFO 32040 --- [user-service] [http-nio-9003-exec-8] c.c.u.aspect.BusinessLogAspect           : 业务描述：用户登录
2026-03-29T23:28:32.826+08:00  INFO 32040 --- [user-service] [http-nio-9003-exec-8] c.c.u.aspect.BusinessLogAspect           : 业务类型：用户认证
2026-03-29T23:28:32.826+08:00  INFO 32040 --- [user-service] [http-nio-9003-exec-8] c.c.u.aspect.BusinessLogAspect           : 请求参数：["13800000001","123456"]
2026-03-29T23:28:32.831+08:00  INFO 32040 --- [user-service] [http-nio-9003-exec-8] c.c.u.aspect.BusinessLogAspect           : ========== 业务操作结束 ==========
2026-03-29T23:28:32.831+08:00  INFO 32040 --- [user-service] [http-nio-9003-exec-8] c.c.u.aspect.BusinessLogAspect           : 执行耗时：5ms
2026-03-29T23:28:32.831+08:00  INFO 32040 --- [user-service] [http-nio-9003-exec-8] c.c.u.aspect.BusinessLogAspect           : 执行状态：成功
2026-03-29T23:28:40.329+08:00  INFO 32040 --- [user-service] [http-nio-9003-exec-9] c.c.u.aspect.BusinessLogAspect           : ========== 业务操作开始 ==========
2026-03-29T23:28:40.329+08:00  INFO 32040 --- [user-service] [http-nio-9003-exec-9] c.c.u.aspect.BusinessLogAspect           : 时间：2026-03-29 23:28:40.329
2026-03-29T23:28:40.329+08:00  INFO 32040 --- [user-service] [http-nio-9003-exec-9] c.c.u.aspect.BusinessLogAspect           : 接口：POST /user/login
2026-03-29T23:28:40.329+08:00  INFO 32040 --- [user-service] [http-nio-9003-exec-9] c.c.u.aspect.BusinessLogAspect           : 类名：UserServiceImpl.login
2026-03-29T23:28:40.329+08:00  INFO 32040 --- [user-service] [http-nio-9003-exec-9] c.c.u.aspect.BusinessLogAspect           : 业务描述：用户登录
2026-03-29T23:28:40.329+08:00  INFO 32040 --- [user-service] [http-nio-9003-exec-9] c.c.u.aspect.BusinessLogAspect           : 业务类型：用户认证
2026-03-29T23:28:40.329+08:00  INFO 32040 --- [user-service] [http-nio-9003-exec-9] c.c.u.aspect.BusinessLogAspect           : 请求参数：["13800000001","123456"]
2026-03-29T23:28:40.336+08:00  INFO 32040 --- [user-service] [http-nio-9003-exec-9] c.c.u.aspect.BusinessLogAspect           : ========== 业务操作结束 ==========
2026-03-29T23:28:40.336+08:00  INFO 32040 --- [user-service] [http-nio-9003-exec-9] c.c.u.aspect.BusinessLogAspect           : 执行耗时：7ms
2026-03-29T23:28:40.336+08:00  INFO 32040 --- [user-service] [http-nio-9003-exec-9] c.c.u.aspect.BusinessLogAspect           : 执行状态：成功
2026-03-29T23:28:40.392+08:00  INFO 32040 --- [user-service] [http-nio-9003-exec-10] c.c.u.aspect.BusinessLogAspect           : ========== 业务操作开始 ==========
2026-03-29T23:28:40.392+08:00  INFO 32040 --- [user-service] [http-nio-9003-exec-10] c.c.u.aspect.BusinessLogAspect           : 时间：2026-03-29 23:28:40.392
2026-03-29T23:28:40.392+08:00  INFO 32040 --- [user-service] [http-nio-9003-exec-10] c.c.u.aspect.BusinessLogAspect           : 接口：GET /user/patient/list
2026-03-29T23:28:40.392+08:00  INFO 32040 --- [user-service] [http-nio-9003-exec-10] c.c.u.aspect.BusinessLogAspect           : 类名：PatientServiceImpl.getPatients
2026-03-29T23:28:40.392+08:00  INFO 32040 --- [user-service] [http-nio-9003-exec-10] c.c.u.aspect.BusinessLogAspect           : 业务描述：查询就诊人列表
2026-03-29T23:28:40.392+08:00  INFO 32040 --- [user-service] [http-nio-9003-exec-10] c.c.u.aspect.BusinessLogAspect           : 业务类型：就诊人管理
2026-03-29T23:28:40.392+08:00  INFO 32040 --- [user-service] [http-nio-9003-exec-10] c.c.u.aspect.BusinessLogAspect           : 请求参数：[2038244279730257921]
2026-03-29T23:28:40.832+08:00  INFO 32040 --- [user-service] [http-nio-9003-exec-10] c.c.u.aspect.BusinessLogAspect           : ========== 业务操作结束 ==========
2026-03-29T23:28:40.832+08:00  INFO 32040 --- [user-service] [http-nio-9003-exec-10] c.c.u.aspect.BusinessLogAspect           : 执行耗时：440ms
2026-03-29T23:28:40.832+08:00  INFO 32040 --- [user-service] [http-nio-9003-exec-10] c.c.u.aspect.BusinessLogAspect           : 执行状态：成功
2026-03-29T23:28:59.006+08:00  INFO 32040 --- [user-service] [http-nio-9003-exec-2] c.c.u.aspect.BusinessLogAspect           : ========== 业务操作开始 ==========
2026-03-29T23:28:59.006+08:00  INFO 32040 --- [user-service] [http-nio-9003-exec-2] c.c.u.aspect.BusinessLogAspect           : 时间：2026-03-29 23:28:59.006
2026-03-29T23:28:59.006+08:00  INFO 32040 --- [user-service] [http-nio-9003-exec-2] c.c.u.aspect.BusinessLogAspect           : 接口：GET /user/patient/list
2026-03-29T23:28:59.006+08:00  INFO 32040 --- [user-service] [http-nio-9003-exec-2] c.c.u.aspect.BusinessLogAspect           : 类名：PatientServiceImpl.getPatients
2026-03-29T23:28:59.006+08:00  INFO 32040 --- [user-service] [http-nio-9003-exec-2] c.c.u.aspect.BusinessLogAspect           : 业务描述：查询就诊人列表
2026-03-29T23:28:59.006+08:00  INFO 32040 --- [user-service] [http-nio-9003-exec-2] c.c.u.aspect.BusinessLogAspect           : 业务类型：就诊人管理
2026-03-29T23:28:59.006+08:00  INFO 32040 --- [user-service] [http-nio-9003-exec-2] c.c.u.aspect.BusinessLogAspect           : 请求参数：[2038244279730257921]
2026-03-29T23:28:59.009+08:00  INFO 32040 --- [user-service] [http-nio-9003-exec-2] c.c.u.aspect.BusinessLogAspect           : ========== 业务操作结束 ==========
2026-03-29T23:28:59.009+08:00  INFO 32040 --- [user-service] [http-nio-9003-exec-2] c.c.u.aspect.BusinessLogAspect           : 执行耗时：3ms
2026-03-29T23:28:59.009+08:00  INFO 32040 --- [user-service] [http-nio-9003-exec-2] c.c.u.aspect.BusinessLogAspect           : 执行状态：成功
2026-03-29T23:32:44.910+08:00  INFO 20928 --- [doctor-service] [http-nio-9002-exec-1] c.c.d.aspect.BusinessLogAspect           : [业务] 排班查询 - ScheduleServiceImpl.findDetailByDate - 查询排班详情（缓存优化）
2026-03-29T23:32:45.215+08:00  INFO 20928 --- [doctor-service] [http-nio-9002-exec-1] c.c.d.aspect.BusinessLogAspect           : [业务完成] 耗时：305ms - 状态：成功
2026-03-29T23:32:46.317+08:00  INFO 18440 --- [order-service] [http-nio-9004-exec-2] c.c.o.aspect.BusinessLogAspect           : ========== 业务操作开始 ==========
2026-03-29T23:32:46.317+08:00  INFO 18440 --- [order-service] [http-nio-9004-exec-2] c.c.o.aspect.BusinessLogAspect           : 时间：2026-03-29 23:32:46.317
2026-03-29T23:32:46.317+08:00  INFO 18440 --- [order-service] [http-nio-9004-exec-2] c.c.o.aspect.BusinessLogAspect           : 接口：GET /order/list
2026-03-29T23:32:46.317+08:00  INFO 18440 --- [order-service] [http-nio-9004-exec-2] c.c.o.aspect.BusinessLogAspect           : 类名：OrderServiceImpl.getOrders
2026-03-29T23:32:46.317+08:00  INFO 18440 --- [order-service] [http-nio-9004-exec-2] c.c.o.aspect.BusinessLogAspect           : 业务描述：查询用户订单列表
2026-03-29T23:32:46.317+08:00  INFO 18440 --- [order-service] [http-nio-9004-exec-2] c.c.o.aspect.BusinessLogAspect           : 业务类型：订单查询
2026-03-29T23:32:46.317+08:00  INFO 18440 --- [order-service] [http-nio-9004-exec-2] c.c.o.aspect.BusinessLogAspect           : 请求参数：[2038244279730257921]
2026-03-29T23:32:47.460+08:00  INFO 18440 --- [order-service] [http-nio-9004-exec-2] c.c.o.aspect.BusinessLogAspect           : ========== 业务操作结束 ==========
2026-03-29T23:32:47.461+08:00  INFO 18440 --- [order-service] [http-nio-9004-exec-2] c.c.o.aspect.BusinessLogAspect           : 执行耗时：1143ms
2026-03-29T23:32:47.461+08:00  INFO 18440 --- [order-service] [http-nio-9004-exec-2] c.c.o.aspect.BusinessLogAspect           : 执行状态：成功
2026-03-29T23:32:48.281+08:00  INFO 20928 --- [doctor-service] [http-nio-9002-exec-2] c.c.d.aspect.BusinessLogAspect           : [业务] 排班查询 - ScheduleServiceImpl.findDetailByDate - 查询排班详情（缓存优化）
2026-03-29T23:32:49.872+08:00  INFO 8532 --- [user-service] [http-nio-9003-exec-1] c.c.u.aspect.BusinessLogAspect           : ========== 业务操作开始 ==========
2026-03-29T23:32:49.872+08:00  INFO 8532 --- [user-service] [http-nio-9003-exec-1] c.c.u.aspect.BusinessLogAspect           : 时间：2026-03-29 23:32:49.872
2026-03-29T23:32:49.872+08:00  INFO 8532 --- [user-service] [http-nio-9003-exec-1] c.c.u.aspect.BusinessLogAspect           : 接口：GET /user/patient/list
2026-03-29T23:32:49.872+08:00  INFO 8532 --- [user-service] [http-nio-9003-exec-1] c.c.u.aspect.BusinessLogAspect           : 类名：PatientServiceImpl.getPatients
2026-03-29T23:32:49.872+08:00  INFO 8532 --- [user-service] [http-nio-9003-exec-1] c.c.u.aspect.BusinessLogAspect           : 业务描述：查询就诊人列表
2026-03-29T23:32:49.872+08:00  INFO 8532 --- [user-service] [http-nio-9003-exec-1] c.c.u.aspect.BusinessLogAspect           : 业务类型：就诊人管理
2026-03-29T23:32:49.876+08:00  INFO 8532 --- [user-service] [http-nio-9003-exec-1] c.c.u.aspect.BusinessLogAspect           : 请求参数：[2038244279730257921]
2026-03-29T23:32:50.380+08:00  INFO 8532 --- [user-service] [http-nio-9003-exec-1] c.c.u.aspect.BusinessLogAspect           : ========== 业务操作结束 ==========
2026-03-29T23:32:50.380+08:00  INFO 8532 --- [user-service] [http-nio-9003-exec-1] c.c.u.aspect.BusinessLogAspect           : 执行耗时：503ms
2026-03-29T23:32:50.380+08:00  INFO 8532 --- [user-service] [http-nio-9003-exec-1] c.c.u.aspect.BusinessLogAspect           : 执行状态：成功
2026-03-29T23:32:52.897+08:00  INFO 18440 --- [order-service] [http-nio-9004-exec-4] c.c.o.aspect.BusinessLogAspect           : ========== 业务操作开始 ==========
2026-03-29T23:32:52.897+08:00  INFO 18440 --- [order-service] [http-nio-9004-exec-4] c.c.o.aspect.BusinessLogAspect           : 时间：2026-03-29 23:32:52.897
2026-03-29T23:32:52.897+08:00  INFO 18440 --- [order-service] [http-nio-9004-exec-4] c.c.o.aspect.BusinessLogAspect           : 接口：GET /order/list
2026-03-29T23:32:52.897+08:00  INFO 18440 --- [order-service] [http-nio-9004-exec-4] c.c.o.aspect.BusinessLogAspect           : 类名：OrderServiceImpl.getOrders
2026-03-29T23:32:52.897+08:00  INFO 18440 --- [order-service] [http-nio-9004-exec-4] c.c.o.aspect.BusinessLogAspect           : 业务描述：查询用户订单列表
2026-03-29T23:32:52.897+08:00  INFO 18440 --- [order-service] [http-nio-9004-exec-4] c.c.o.aspect.BusinessLogAspect           : 业务类型：订单查询
2026-03-29T23:32:52.897+08:00  INFO 18440 --- [order-service] [http-nio-9004-exec-4] c.c.o.aspect.BusinessLogAspect           : 请求参数：[2038244279730257921]
2026-03-29T23:32:52.908+08:00  INFO 18440 --- [order-service] [http-nio-9004-exec-4] c.c.o.aspect.BusinessLogAspect           : ========== 业务操作结束 ==========
2026-03-29T23:32:52.908+08:00  INFO 18440 --- [order-service] [http-nio-9004-exec-4] c.c.o.aspect.BusinessLogAspect           : 执行耗时：11ms
2026-03-29T23:32:52.908+08:00  INFO 18440 --- [order-service] [http-nio-9004-exec-4] c.c.o.aspect.BusinessLogAspect           : 执行状态：成功
2026-03-29T23:32:53.320+08:00  INFO 8532 --- [user-service] [http-nio-9003-exec-2] c.c.u.aspect.BusinessLogAspect           : ========== 业务操作开始 ==========
2026-03-29T23:32:53.320+08:00  INFO 8532 --- [user-service] [http-nio-9003-exec-2] c.c.u.aspect.BusinessLogAspect           : 时间：2026-03-29 23:32:53.320
2026-03-29T23:32:53.320+08:00  INFO 8532 --- [user-service] [http-nio-9003-exec-2] c.c.u.aspect.BusinessLogAspect           : 接口：GET /user/patient/list
2026-03-29T23:32:53.320+08:00  INFO 8532 --- [user-service] [http-nio-9003-exec-2] c.c.u.aspect.BusinessLogAspect           : 类名：PatientServiceImpl.getPatients
2026-03-29T23:32:53.320+08:00  INFO 8532 --- [user-service] [http-nio-9003-exec-2] c.c.u.aspect.BusinessLogAspect           : 业务描述：查询就诊人列表
2026-03-29T23:32:53.320+08:00  INFO 8532 --- [user-service] [http-nio-9003-exec-2] c.c.u.aspect.BusinessLogAspect           : 业务类型：就诊人管理
2026-03-29T23:32:53.320+08:00  INFO 8532 --- [user-service] [http-nio-9003-exec-2] c.c.u.aspect.BusinessLogAspect           : 请求参数：[2038244279730257921]
2026-03-29T23:32:53.325+08:00  INFO 8532 --- [user-service] [http-nio-9003-exec-2] c.c.u.aspect.BusinessLogAspect           : ========== 业务操作结束 ==========
2026-03-29T23:32:53.325+08:00  INFO 8532 --- [user-service] [http-nio-9003-exec-2] c.c.u.aspect.BusinessLogAspect           : 执行耗时：5ms
2026-03-29T23:32:53.325+08:00  INFO 8532 --- [user-service] [http-nio-9003-exec-2] c.c.u.aspect.BusinessLogAspect           : 执行状态：成功
2026-03-29T23:33:16.200+08:00  INFO 18440 --- [order-service] [http-nio-9004-exec-1] c.c.o.aspect.BusinessLogAspect           : ========== 业务操作开始 ==========
2026-03-29T23:33:16.200+08:00  INFO 18440 --- [order-service] [http-nio-9004-exec-1] c.c.o.aspect.BusinessLogAspect           : 时间：2026-03-29 23:33:16.200
2026-03-29T23:33:16.200+08:00  INFO 18440 --- [order-service] [http-nio-9004-exec-1] c.c.o.aspect.BusinessLogAspect           : 接口：GET /order/list
2026-03-29T23:33:16.200+08:00  INFO 18440 --- [order-service] [http-nio-9004-exec-1] c.c.o.aspect.BusinessLogAspect           : 类名：OrderServiceImpl.getOrders
2026-03-29T23:33:16.200+08:00  INFO 18440 --- [order-service] [http-nio-9004-exec-1] c.c.o.aspect.BusinessLogAspect           : 业务描述：查询用户订单列表
2026-03-29T23:33:16.200+08:00  INFO 18440 --- [order-service] [http-nio-9004-exec-1] c.c.o.aspect.BusinessLogAspect           : 业务类型：订单查询
2026-03-29T23:33:16.200+08:00  INFO 18440 --- [order-service] [http-nio-9004-exec-1] c.c.o.aspect.BusinessLogAspect           : 请求参数：[2038244279730257921]
2026-03-29T23:33:16.210+08:00  INFO 18440 --- [order-service] [http-nio-9004-exec-1] c.c.o.aspect.BusinessLogAspect           : ========== 业务操作结束 ==========
2026-03-29T23:33:16.210+08:00  INFO 18440 --- [order-service] [http-nio-9004-exec-1] c.c.o.aspect.BusinessLogAspect           : 执行耗时：10ms
2026-03-29T23:33:16.210+08:00  INFO 18440 --- [order-service] [http-nio-9004-exec-1] c.c.o.aspect.BusinessLogAspect           : 执行状态：成功
2026-03-29T23:33:17.760+08:00  INFO 20928 --- [doctor-service] [http-nio-9002-exec-3] c.c.d.aspect.BusinessLogAspect           : [业务] 排班查询 - ScheduleServiceImpl.findDetailByDate - 查询排班详情（缓存优化）
2026-03-29T23:33:18.880+08:00  INFO 8532 --- [user-service] [http-nio-9003-exec-3] c.c.u.aspect.BusinessLogAspect           : ========== 业务操作开始 ==========
2026-03-29T23:33:18.880+08:00  INFO 8532 --- [user-service] [http-nio-9003-exec-3] c.c.u.aspect.BusinessLogAspect           : 时间：2026-03-29 23:33:18.880
2026-03-29T23:33:18.880+08:00  INFO 8532 --- [user-service] [http-nio-9003-exec-3] c.c.u.aspect.BusinessLogAspect           : 接口：GET /user/patient/list
2026-03-29T23:33:18.880+08:00  INFO 8532 --- [user-service] [http-nio-9003-exec-3] c.c.u.aspect.BusinessLogAspect           : 类名：PatientServiceImpl.getPatients
2026-03-29T23:33:18.880+08:00  INFO 8532 --- [user-service] [http-nio-9003-exec-3] c.c.u.aspect.BusinessLogAspect           : 业务描述：查询就诊人列表
2026-03-29T23:33:18.880+08:00  INFO 8532 --- [user-service] [http-nio-9003-exec-3] c.c.u.aspect.BusinessLogAspect           : 业务类型：就诊人管理
2026-03-29T23:33:18.880+08:00  INFO 8532 --- [user-service] [http-nio-9003-exec-3] c.c.u.aspect.BusinessLogAspect           : 请求参数：[2038244279730257921]
2026-03-29T23:33:18.883+08:00  INFO 8532 --- [user-service] [http-nio-9003-exec-3] c.c.u.aspect.BusinessLogAspect           : ========== 业务操作结束 ==========
2026-03-29T23:33:18.883+08:00  INFO 8532 --- [user-service] [http-nio-9003-exec-3] c.c.u.aspect.BusinessLogAspect           : 执行耗时：3ms
2026-03-29T23:33:18.883+08:00  INFO 8532 --- [user-service] [http-nio-9003-exec-3] c.c.u.aspect.BusinessLogAspect           : 执行状态：成功
2026-03-29T23:33:22.726+08:00  INFO 8532 --- [user-service] [http-nio-9003-exec-4] c.c.u.aspect.BusinessLogAspect           : ========== 业务操作开始 ==========
2026-03-29T23:33:22.728+08:00  INFO 8532 --- [user-service] [http-nio-9003-exec-4] c.c.u.aspect.BusinessLogAspect           : 时间：2026-03-29 23:33:22.726
2026-03-29T23:33:22.728+08:00  INFO 8532 --- [user-service] [http-nio-9003-exec-4] c.c.u.aspect.BusinessLogAspect           : 接口：GET /user/patient/list
2026-03-29T23:33:22.728+08:00  INFO 8532 --- [user-service] [http-nio-9003-exec-4] c.c.u.aspect.BusinessLogAspect           : 类名：PatientServiceImpl.getPatients
2026-03-29T23:33:22.728+08:00  INFO 8532 --- [user-service] [http-nio-9003-exec-4] c.c.u.aspect.BusinessLogAspect           : 业务描述：查询就诊人列表
2026-03-29T23:33:22.728+08:00  INFO 8532 --- [user-service] [http-nio-9003-exec-4] c.c.u.aspect.BusinessLogAspect           : 业务类型：就诊人管理
2026-03-29T23:33:22.728+08:00  INFO 8532 --- [user-service] [http-nio-9003-exec-4] c.c.u.aspect.BusinessLogAspect           : 请求参数：[2038244279730257921]
2026-03-29T23:33:22.730+08:00  INFO 8532 --- [user-service] [http-nio-9003-exec-4] c.c.u.aspect.BusinessLogAspect           : ========== 业务操作结束 ==========
2026-03-29T23:33:22.730+08:00  INFO 8532 --- [user-service] [http-nio-9003-exec-4] c.c.u.aspect.BusinessLogAspect           : 执行耗时：2ms
2026-03-29T23:33:22.730+08:00  INFO 8532 --- [user-service] [http-nio-9003-exec-4] c.c.u.aspect.BusinessLogAspect           : 执行状态：成功
2026-03-29T23:33:42.313+08:00  INFO 8532 --- [user-service] [http-nio-9003-exec-5] c.c.u.aspect.BusinessLogAspect           : ========== 业务操作开始 ==========
2026-03-29T23:33:42.313+08:00  INFO 8532 --- [user-service] [http-nio-9003-exec-5] c.c.u.aspect.BusinessLogAspect           : 时间：2026-03-29 23:33:42.313
2026-03-29T23:33:42.313+08:00  INFO 8532 --- [user-service] [http-nio-9003-exec-5] c.c.u.aspect.BusinessLogAspect           : 接口：GET /user/patient/list
2026-03-29T23:33:42.313+08:00  INFO 8532 --- [user-service] [http-nio-9003-exec-5] c.c.u.aspect.BusinessLogAspect           : 类名：PatientServiceImpl.getPatients
2026-03-29T23:33:42.313+08:00  INFO 8532 --- [user-service] [http-nio-9003-exec-5] c.c.u.aspect.BusinessLogAspect           : 业务描述：查询就诊人列表
2026-03-29T23:33:42.313+08:00  INFO 8532 --- [user-service] [http-nio-9003-exec-5] c.c.u.aspect.BusinessLogAspect           : 业务类型：就诊人管理
2026-03-29T23:33:42.313+08:00  INFO 8532 --- [user-service] [http-nio-9003-exec-5] c.c.u.aspect.BusinessLogAspect           : 请求参数：[2038244279730257921]
2026-03-29T23:33:42.316+08:00  INFO 8532 --- [user-service] [http-nio-9003-exec-5] c.c.u.aspect.BusinessLogAspect           : ========== 业务操作结束 ==========
2026-03-29T23:33:42.316+08:00  INFO 8532 --- [user-service] [http-nio-9003-exec-5] c.c.u.aspect.BusinessLogAspect           : 执行耗时：3ms
2026-03-29T23:33:42.316+08:00  INFO 8532 --- [user-service] [http-nio-9003-exec-5] c.c.u.aspect.BusinessLogAspect           : 执行状态：成功
2026-03-29T23:33:43.133+08:00  INFO 8532 --- [user-service] [http-nio-9003-exec-6] c.c.u.aspect.BusinessLogAspect           : ========== 业务操作开始 ==========
2026-03-29T23:33:43.133+08:00  INFO 8532 --- [user-service] [http-nio-9003-exec-6] c.c.u.aspect.BusinessLogAspect           : 时间：2026-03-29 23:33:43.133
2026-03-29T23:33:43.133+08:00  INFO 8532 --- [user-service] [http-nio-9003-exec-6] c.c.u.aspect.BusinessLogAspect           : 接口：GET /user/patient/list
2026-03-29T23:33:43.133+08:00  INFO 8532 --- [user-service] [http-nio-9003-exec-6] c.c.u.aspect.BusinessLogAspect           : 类名：PatientServiceImpl.getPatients
2026-03-29T23:33:43.133+08:00  INFO 8532 --- [user-service] [http-nio-9003-exec-6] c.c.u.aspect.BusinessLogAspect           : 业务描述：查询就诊人列表
2026-03-29T23:33:43.133+08:00  INFO 8532 --- [user-service] [http-nio-9003-exec-6] c.c.u.aspect.BusinessLogAspect           : 业务类型：就诊人管理
2026-03-29T23:33:43.133+08:00  INFO 8532 --- [user-service] [http-nio-9003-exec-6] c.c.u.aspect.BusinessLogAspect           : 请求参数：[2038244279730257921]
2026-03-29T23:33:43.135+08:00  INFO 8532 --- [user-service] [http-nio-9003-exec-6] c.c.u.aspect.BusinessLogAspect           : ========== 业务操作结束 ==========
2026-03-29T23:33:43.135+08:00  INFO 8532 --- [user-service] [http-nio-9003-exec-6] c.c.u.aspect.BusinessLogAspect           : 执行耗时：2ms
2026-03-29T23:33:43.135+08:00  INFO 8532 --- [user-service] [http-nio-9003-exec-6] c.c.u.aspect.BusinessLogAspect           : 执行状态：成功
2026-03-29T23:33:43.843+08:00  INFO 8532 --- [user-service] [http-nio-9003-exec-7] c.c.u.aspect.BusinessLogAspect           : ========== 业务操作开始 ==========
2026-03-29T23:33:43.843+08:00  INFO 8532 --- [user-service] [http-nio-9003-exec-7] c.c.u.aspect.BusinessLogAspect           : 时间：2026-03-29 23:33:43.843
2026-03-29T23:33:43.843+08:00  INFO 8532 --- [user-service] [http-nio-9003-exec-7] c.c.u.aspect.BusinessLogAspect           : 接口：GET /user/patient/list
2026-03-29T23:33:43.843+08:00  INFO 8532 --- [user-service] [http-nio-9003-exec-7] c.c.u.aspect.BusinessLogAspect           : 类名：PatientServiceImpl.getPatients
2026-03-29T23:33:43.843+08:00  INFO 8532 --- [user-service] [http-nio-9003-exec-7] c.c.u.aspect.BusinessLogAspect           : 业务描述：查询就诊人列表
2026-03-29T23:33:43.843+08:00  INFO 8532 --- [user-service] [http-nio-9003-exec-7] c.c.u.aspect.BusinessLogAspect           : 业务类型：就诊人管理
2026-03-29T23:33:43.843+08:00  INFO 8532 --- [user-service] [http-nio-9003-exec-7] c.c.u.aspect.BusinessLogAspect           : 请求参数：[2038244279730257921]
2026-03-29T23:33:43.847+08:00  INFO 8532 --- [user-service] [http-nio-9003-exec-7] c.c.u.aspect.BusinessLogAspect           : ========== 业务操作结束 ==========
2026-03-29T23:33:43.847+08:00  INFO 8532 --- [user-service] [http-nio-9003-exec-7] c.c.u.aspect.BusinessLogAspect           : 执行耗时：4ms
2026-03-29T23:33:43.847+08:00  INFO 8532 --- [user-service] [http-nio-9003-exec-7] c.c.u.aspect.BusinessLogAspect           : 执行状态：成功
2026-03-29T23:34:16.119+08:00  INFO 8532 --- [user-service] [http-nio-9003-exec-8] c.c.u.aspect.BusinessLogAspect           : ========== 业务操作开始 ==========
2026-03-29T23:34:16.119+08:00  INFO 8532 --- [user-service] [http-nio-9003-exec-8] c.c.u.aspect.BusinessLogAspect           : 时间：2026-03-29 23:34:16.119
2026-03-29T23:34:16.119+08:00  INFO 8532 --- [user-service] [http-nio-9003-exec-8] c.c.u.aspect.BusinessLogAspect           : 接口：GET /user/patient/list
2026-03-29T23:34:16.119+08:00  INFO 8532 --- [user-service] [http-nio-9003-exec-8] c.c.u.aspect.BusinessLogAspect           : 类名：PatientServiceImpl.getPatients
2026-03-29T23:34:16.119+08:00  INFO 8532 --- [user-service] [http-nio-9003-exec-8] c.c.u.aspect.BusinessLogAspect           : 业务描述：查询就诊人列表
2026-03-29T23:34:16.119+08:00  INFO 8532 --- [user-service] [http-nio-9003-exec-8] c.c.u.aspect.BusinessLogAspect           : 业务类型：就诊人管理
2026-03-29T23:34:16.119+08:00  INFO 8532 --- [user-service] [http-nio-9003-exec-8] c.c.u.aspect.BusinessLogAspect           : 请求参数：[2038244279730257921]
2026-03-29T23:34:16.122+08:00  INFO 8532 --- [user-service] [http-nio-9003-exec-8] c.c.u.aspect.BusinessLogAspect           : ========== 业务操作结束 ==========
2026-03-29T23:34:16.122+08:00  INFO 8532 --- [user-service] [http-nio-9003-exec-8] c.c.u.aspect.BusinessLogAspect           : 执行耗时：3ms
2026-03-29T23:34:16.122+08:00  INFO 8532 --- [user-service] [http-nio-9003-exec-8] c.c.u.aspect.BusinessLogAspect           : 执行状态：成功
2026-03-29T23:34:36.194+08:00  INFO 8532 --- [user-service] [http-nio-9003-exec-9] c.c.u.aspect.BusinessLogAspect           : ========== 业务操作开始 ==========
2026-03-29T23:34:36.195+08:00  INFO 8532 --- [user-service] [http-nio-9003-exec-9] c.c.u.aspect.BusinessLogAspect           : 时间：2026-03-29 23:34:36.195
2026-03-29T23:34:36.195+08:00  INFO 8532 --- [user-service] [http-nio-9003-exec-9] c.c.u.aspect.BusinessLogAspect           : 接口：GET /user/patient/list
2026-03-29T23:34:36.195+08:00  INFO 8532 --- [user-service] [http-nio-9003-exec-9] c.c.u.aspect.BusinessLogAspect           : 类名：PatientServiceImpl.getPatients
2026-03-29T23:34:36.195+08:00  INFO 8532 --- [user-service] [http-nio-9003-exec-9] c.c.u.aspect.BusinessLogAspect           : 业务描述：查询就诊人列表
2026-03-29T23:34:36.195+08:00  INFO 8532 --- [user-service] [http-nio-9003-exec-9] c.c.u.aspect.BusinessLogAspect           : 业务类型：就诊人管理
2026-03-29T23:34:36.196+08:00  INFO 8532 --- [user-service] [http-nio-9003-exec-9] c.c.u.aspect.BusinessLogAspect           : 请求参数：[2038244279730257921]
2026-03-29T23:34:36.201+08:00  INFO 8532 --- [user-service] [http-nio-9003-exec-9] c.c.u.aspect.BusinessLogAspect           : ========== 业务操作结束 ==========
2026-03-29T23:34:36.201+08:00  INFO 8532 --- [user-service] [http-nio-9003-exec-9] c.c.u.aspect.BusinessLogAspect           : 执行耗时：5ms
2026-03-29T23:34:36.201+08:00  INFO 8532 --- [user-service] [http-nio-9003-exec-9] c.c.u.aspect.BusinessLogAspect           : 执行状态：成功
2026-03-29T23:35:15.396+08:00  INFO 8532 --- [user-service] [http-nio-9003-exec-10] c.c.u.aspect.BusinessLogAspect           : ========== 业务操作开始 ==========
2026-03-29T23:35:15.396+08:00  INFO 8532 --- [user-service] [http-nio-9003-exec-10] c.c.u.aspect.BusinessLogAspect           : 时间：2026-03-29 23:35:15.396
2026-03-29T23:35:15.396+08:00  INFO 8532 --- [user-service] [http-nio-9003-exec-10] c.c.u.aspect.BusinessLogAspect           : 接口：GET /user/patient/list
2026-03-29T23:35:15.396+08:00  INFO 8532 --- [user-service] [http-nio-9003-exec-10] c.c.u.aspect.BusinessLogAspect           : 类名：PatientServiceImpl.getPatients
2026-03-29T23:35:15.396+08:00  INFO 8532 --- [user-service] [http-nio-9003-exec-10] c.c.u.aspect.BusinessLogAspect           : 业务描述：查询就诊人列表
2026-03-29T23:35:15.396+08:00  INFO 8532 --- [user-service] [http-nio-9003-exec-10] c.c.u.aspect.BusinessLogAspect           : 业务类型：就诊人管理
2026-03-29T23:35:15.396+08:00  INFO 8532 --- [user-service] [http-nio-9003-exec-10] c.c.u.aspect.BusinessLogAspect           : 请求参数：[2038244279730257921]
2026-03-29T23:35:15.398+08:00  INFO 8532 --- [user-service] [http-nio-9003-exec-10] c.c.u.aspect.BusinessLogAspect           : ========== 业务操作结束 ==========
2026-03-29T23:35:15.398+08:00  INFO 8532 --- [user-service] [http-nio-9003-exec-10] c.c.u.aspect.BusinessLogAspect           : 执行耗时：2ms
2026-03-29T23:35:15.398+08:00  INFO 8532 --- [user-service] [http-nio-9003-exec-10] c.c.u.aspect.BusinessLogAspect           : 执行状态：成功
2026-03-29T23:37:30.573+08:00  INFO 8532 --- [user-service] [http-nio-9003-exec-1] c.c.u.aspect.BusinessLogAspect           : ========== 业务操作开始 ==========
2026-03-29T23:37:30.573+08:00  INFO 8532 --- [user-service] [http-nio-9003-exec-1] c.c.u.aspect.BusinessLogAspect           : 时间：2026-03-29 23:37:30.573
2026-03-29T23:37:30.573+08:00  INFO 8532 --- [user-service] [http-nio-9003-exec-1] c.c.u.aspect.BusinessLogAspect           : 接口：GET /user/patient/list
2026-03-29T23:37:30.573+08:00  INFO 8532 --- [user-service] [http-nio-9003-exec-1] c.c.u.aspect.BusinessLogAspect           : 类名：PatientServiceImpl.getPatients
2026-03-29T23:37:30.573+08:00  INFO 8532 --- [user-service] [http-nio-9003-exec-1] c.c.u.aspect.BusinessLogAspect           : 业务描述：查询就诊人列表
2026-03-29T23:37:30.573+08:00  INFO 8532 --- [user-service] [http-nio-9003-exec-1] c.c.u.aspect.BusinessLogAspect           : 业务类型：就诊人管理
2026-03-29T23:37:30.573+08:00  INFO 8532 --- [user-service] [http-nio-9003-exec-1] c.c.u.aspect.BusinessLogAspect           : 请求参数：[2038244279730257921]
2026-03-29T23:37:30.576+08:00  INFO 8532 --- [user-service] [http-nio-9003-exec-1] c.c.u.aspect.BusinessLogAspect           : ========== 业务操作结束 ==========
2026-03-29T23:37:30.576+08:00  INFO 8532 --- [user-service] [http-nio-9003-exec-1] c.c.u.aspect.BusinessLogAspect           : 执行耗时：3ms
2026-03-29T23:37:30.576+08:00  INFO 8532 --- [user-service] [http-nio-9003-exec-1] c.c.u.aspect.BusinessLogAspect           : 执行状态：成功
2026-03-29T23:37:35.562+08:00  INFO 8532 --- [user-service] [http-nio-9003-exec-2] c.c.u.aspect.BusinessLogAspect           : ========== 业务操作开始 ==========
2026-03-29T23:37:35.562+08:00  INFO 8532 --- [user-service] [http-nio-9003-exec-2] c.c.u.aspect.BusinessLogAspect           : 时间：2026-03-29 23:37:35.562
2026-03-29T23:37:35.562+08:00  INFO 8532 --- [user-service] [http-nio-9003-exec-2] c.c.u.aspect.BusinessLogAspect           : 接口：GET /user/patient/list
2026-03-29T23:37:35.562+08:00  INFO 8532 --- [user-service] [http-nio-9003-exec-2] c.c.u.aspect.BusinessLogAspect           : 类名：PatientServiceImpl.getPatients
2026-03-29T23:37:35.562+08:00  INFO 8532 --- [user-service] [http-nio-9003-exec-2] c.c.u.aspect.BusinessLogAspect           : 业务描述：查询就诊人列表
2026-03-29T23:37:35.562+08:00  INFO 8532 --- [user-service] [http-nio-9003-exec-2] c.c.u.aspect.BusinessLogAspect           : 业务类型：就诊人管理
2026-03-29T23:37:35.562+08:00  INFO 8532 --- [user-service] [http-nio-9003-exec-2] c.c.u.aspect.BusinessLogAspect           : 请求参数：[2038244279730257921]
2026-03-29T23:37:35.565+08:00  INFO 8532 --- [user-service] [http-nio-9003-exec-2] c.c.u.aspect.BusinessLogAspect           : ========== 业务操作结束 ==========
2026-03-29T23:37:35.565+08:00  INFO 8532 --- [user-service] [http-nio-9003-exec-2] c.c.u.aspect.BusinessLogAspect           : 执行耗时：3ms
2026-03-29T23:37:35.565+08:00  INFO 8532 --- [user-service] [http-nio-9003-exec-2] c.c.u.aspect.BusinessLogAspect           : 执行状态：成功
2026-03-29T23:37:57.038+08:00  INFO 8532 --- [user-service] [http-nio-9003-exec-3] c.c.u.aspect.BusinessLogAspect           : ========== 业务操作开始 ==========
2026-03-29T23:37:57.038+08:00  INFO 8532 --- [user-service] [http-nio-9003-exec-3] c.c.u.aspect.BusinessLogAspect           : 时间：2026-03-29 23:37:57.038
2026-03-29T23:37:57.038+08:00  INFO 8532 --- [user-service] [http-nio-9003-exec-3] c.c.u.aspect.BusinessLogAspect           : 接口：GET /user/patient/list
2026-03-29T23:37:57.038+08:00  INFO 8532 --- [user-service] [http-nio-9003-exec-3] c.c.u.aspect.BusinessLogAspect           : 类名：PatientServiceImpl.getPatients
2026-03-29T23:37:57.038+08:00  INFO 8532 --- [user-service] [http-nio-9003-exec-3] c.c.u.aspect.BusinessLogAspect           : 业务描述：查询就诊人列表
2026-03-29T23:37:57.038+08:00  INFO 8532 --- [user-service] [http-nio-9003-exec-3] c.c.u.aspect.BusinessLogAspect           : 业务类型：就诊人管理
2026-03-29T23:37:57.038+08:00  INFO 8532 --- [user-service] [http-nio-9003-exec-3] c.c.u.aspect.BusinessLogAspect           : 请求参数：[2038244279730257921]
2026-03-29T23:37:57.041+08:00  INFO 8532 --- [user-service] [http-nio-9003-exec-3] c.c.u.aspect.BusinessLogAspect           : ========== 业务操作结束 ==========
2026-03-29T23:37:57.041+08:00  INFO 8532 --- [user-service] [http-nio-9003-exec-3] c.c.u.aspect.BusinessLogAspect           : 执行耗时：3ms
2026-03-29T23:37:57.041+08:00  INFO 8532 --- [user-service] [http-nio-9003-exec-3] c.c.u.aspect.BusinessLogAspect           : 执行状态：成功
2026-03-29T23:38:41.470+08:00  INFO 16728 --- [user-service] [http-nio-9003-exec-1] c.c.u.aspect.BusinessLogAspect           : ========== 业务操作开始 ==========
2026-03-29T23:38:41.470+08:00  INFO 16728 --- [user-service] [http-nio-9003-exec-1] c.c.u.aspect.BusinessLogAspect           : 时间：2026-03-29 23:38:41.470
2026-03-29T23:38:41.470+08:00  INFO 16728 --- [user-service] [http-nio-9003-exec-1] c.c.u.aspect.BusinessLogAspect           : 接口：GET /user/patient/list
2026-03-29T23:38:41.472+08:00  INFO 16728 --- [user-service] [http-nio-9003-exec-1] c.c.u.aspect.BusinessLogAspect           : 类名：PatientServiceImpl.getPatients
2026-03-29T23:38:41.472+08:00  INFO 16728 --- [user-service] [http-nio-9003-exec-1] c.c.u.aspect.BusinessLogAspect           : 业务描述：查询就诊人列表
2026-03-29T23:38:41.472+08:00  INFO 16728 --- [user-service] [http-nio-9003-exec-1] c.c.u.aspect.BusinessLogAspect           : 业务类型：就诊人管理
2026-03-29T23:38:41.482+08:00  INFO 16728 --- [user-service] [http-nio-9003-exec-1] c.c.u.aspect.BusinessLogAspect           : 请求参数：[2038244279730257921]
2026-03-29T23:38:42.731+08:00  INFO 16728 --- [user-service] [http-nio-9003-exec-1] c.c.u.aspect.BusinessLogAspect           : ========== 业务操作结束 ==========
2026-03-29T23:38:42.731+08:00  INFO 16728 --- [user-service] [http-nio-9003-exec-1] c.c.u.aspect.BusinessLogAspect           : 执行耗时：1248ms
2026-03-29T23:38:42.731+08:00  INFO 16728 --- [user-service] [http-nio-9003-exec-1] c.c.u.aspect.BusinessLogAspect           : 执行状态：成功
2026-03-29T23:38:43.611+08:00  INFO 16728 --- [user-service] [http-nio-9003-exec-3] c.c.u.aspect.BusinessLogAspect           : ========== 业务操作开始 ==========
2026-03-29T23:38:43.611+08:00  INFO 16728 --- [user-service] [http-nio-9003-exec-3] c.c.u.aspect.BusinessLogAspect           : 时间：2026-03-29 23:38:43.611
2026-03-29T23:38:43.611+08:00  INFO 16728 --- [user-service] [http-nio-9003-exec-3] c.c.u.aspect.BusinessLogAspect           : 接口：GET /user/patient/list
2026-03-29T23:38:43.615+08:00  INFO 16728 --- [user-service] [http-nio-9003-exec-3] c.c.u.aspect.BusinessLogAspect           : 类名：PatientServiceImpl.getPatients
2026-03-29T23:38:43.615+08:00  INFO 16728 --- [user-service] [http-nio-9003-exec-3] c.c.u.aspect.BusinessLogAspect           : 业务描述：查询就诊人列表
2026-03-29T23:38:43.615+08:00  INFO 16728 --- [user-service] [http-nio-9003-exec-3] c.c.u.aspect.BusinessLogAspect           : 业务类型：就诊人管理
2026-03-29T23:38:43.615+08:00  INFO 16728 --- [user-service] [http-nio-9003-exec-3] c.c.u.aspect.BusinessLogAspect           : 请求参数：[2038244279730257921]
2026-03-29T23:38:43.646+08:00  INFO 16728 --- [user-service] [http-nio-9003-exec-3] c.c.u.aspect.BusinessLogAspect           : ========== 业务操作结束 ==========
2026-03-29T23:38:43.646+08:00  INFO 16728 --- [user-service] [http-nio-9003-exec-3] c.c.u.aspect.BusinessLogAspect           : 执行耗时：31ms
2026-03-29T23:38:43.646+08:00  INFO 16728 --- [user-service] [http-nio-9003-exec-3] c.c.u.aspect.BusinessLogAspect           : 执行状态：成功
2026-03-29T23:38:47.147+08:00  INFO 16728 --- [user-service] [http-nio-9003-exec-9] c.c.u.aspect.BusinessLogAspect           : ========== 业务操作开始 ==========
2026-03-29T23:38:47.147+08:00  INFO 16728 --- [user-service] [http-nio-9003-exec-9] c.c.u.aspect.BusinessLogAspect           : 时间：2026-03-29 23:38:47.147
2026-03-29T23:38:47.148+08:00  INFO 16728 --- [user-service] [http-nio-9003-exec-9] c.c.u.aspect.BusinessLogAspect           : 接口：GET /user/patient/list
2026-03-29T23:38:47.148+08:00  INFO 16728 --- [user-service] [http-nio-9003-exec-9] c.c.u.aspect.BusinessLogAspect           : 类名：PatientServiceImpl.getPatients
2026-03-29T23:38:47.148+08:00  INFO 16728 --- [user-service] [http-nio-9003-exec-9] c.c.u.aspect.BusinessLogAspect           : 业务描述：查询就诊人列表
2026-03-29T23:38:47.148+08:00  INFO 16728 --- [user-service] [http-nio-9003-exec-9] c.c.u.aspect.BusinessLogAspect           : 业务类型：就诊人管理
2026-03-29T23:38:47.148+08:00  INFO 16728 --- [user-service] [http-nio-9003-exec-9] c.c.u.aspect.BusinessLogAspect           : 请求参数：[2038244279730257921]
2026-03-29T23:38:47.152+08:00  INFO 16728 --- [user-service] [http-nio-9003-exec-9] c.c.u.aspect.BusinessLogAspect           : ========== 业务操作结束 ==========
2026-03-29T23:38:47.152+08:00  INFO 16728 --- [user-service] [http-nio-9003-exec-9] c.c.u.aspect.BusinessLogAspect           : 执行耗时：4ms
2026-03-29T23:38:47.152+08:00  INFO 16728 --- [user-service] [http-nio-9003-exec-9] c.c.u.aspect.BusinessLogAspect           : 执行状态：成功
2026-03-29T23:38:48.515+08:00  INFO 16728 --- [user-service] [http-nio-9003-exec-5] c.c.u.aspect.BusinessLogAspect           : ========== 业务操作开始 ==========
2026-03-29T23:38:48.516+08:00  INFO 16728 --- [user-service] [http-nio-9003-exec-5] c.c.u.aspect.BusinessLogAspect           : 时间：2026-03-29 23:38:48.516
2026-03-29T23:38:48.516+08:00  INFO 16728 --- [user-service] [http-nio-9003-exec-5] c.c.u.aspect.BusinessLogAspect           : 接口：GET /user/patient/list
2026-03-29T23:38:48.516+08:00  INFO 16728 --- [user-service] [http-nio-9003-exec-5] c.c.u.aspect.BusinessLogAspect           : 类名：PatientServiceImpl.getPatients
2026-03-29T23:38:48.516+08:00  INFO 16728 --- [user-service] [http-nio-9003-exec-5] c.c.u.aspect.BusinessLogAspect           : 业务描述：查询就诊人列表
2026-03-29T23:38:48.516+08:00  INFO 16728 --- [user-service] [http-nio-9003-exec-5] c.c.u.aspect.BusinessLogAspect           : 业务类型：就诊人管理
2026-03-29T23:38:48.516+08:00  INFO 16728 --- [user-service] [http-nio-9003-exec-5] c.c.u.aspect.BusinessLogAspect           : 请求参数：[2038244279730257921]
2026-03-29T23:38:48.526+08:00  INFO 16728 --- [user-service] [http-nio-9003-exec-5] c.c.u.aspect.BusinessLogAspect           : ========== 业务操作结束 ==========
2026-03-29T23:38:48.526+08:00  INFO 16728 --- [user-service] [http-nio-9003-exec-5] c.c.u.aspect.BusinessLogAspect           : 执行耗时：10ms
2026-03-29T23:38:48.526+08:00  INFO 16728 --- [user-service] [http-nio-9003-exec-5] c.c.u.aspect.BusinessLogAspect           : 执行状态：成功
2026-03-29T23:38:51.363+08:00  INFO 22204 --- [doctor-service] [http-nio-9002-exec-1] c.c.d.aspect.BusinessLogAspect           : [业务] 排班查询 - ScheduleServiceImpl.findDetailByDate - 查询排班详情（缓存优化）
2026-03-29T23:38:52.169+08:00  INFO 22204 --- [doctor-service] [http-nio-9002-exec-1] c.c.d.aspect.BusinessLogAspect           : [业务完成] 耗时：806ms - 状态：成功
2026-03-29T23:38:52.199+08:00  INFO 22204 --- [doctor-service] [http-nio-9002-exec-2] c.c.d.aspect.BusinessLogAspect           : [业务] 排班查询 - ScheduleServiceImpl.findDetailByDate - 查询排班详情（缓存优化）
2026-03-29T23:38:53.857+08:00  INFO 22204 --- [doctor-service] [http-nio-9002-exec-4] c.c.d.aspect.BusinessLogAspect           : [业务] 排班查询 - ScheduleServiceImpl.findDetailByDate - 查询排班详情（缓存优化）
2026-03-29T23:38:54.675+08:00  INFO 32208 --- [order-service] [http-nio-9004-exec-1] c.c.o.aspect.BusinessLogAspect           : ========== 业务操作开始 ==========
2026-03-29T23:38:54.675+08:00  INFO 32208 --- [order-service] [http-nio-9004-exec-1] c.c.o.aspect.BusinessLogAspect           : 时间：2026-03-29 23:38:54.675
2026-03-29T23:38:54.675+08:00  INFO 32208 --- [order-service] [http-nio-9004-exec-1] c.c.o.aspect.BusinessLogAspect           : 接口：GET /order/list
2026-03-29T23:38:54.675+08:00  INFO 32208 --- [order-service] [http-nio-9004-exec-1] c.c.o.aspect.BusinessLogAspect           : 类名：OrderServiceImpl.getOrders
2026-03-29T23:38:54.675+08:00  INFO 32208 --- [order-service] [http-nio-9004-exec-1] c.c.o.aspect.BusinessLogAspect           : 业务描述：查询用户订单列表
2026-03-29T23:38:54.675+08:00  INFO 32208 --- [order-service] [http-nio-9004-exec-1] c.c.o.aspect.BusinessLogAspect           : 业务类型：订单查询
2026-03-29T23:38:54.675+08:00  INFO 32208 --- [order-service] [http-nio-9004-exec-1] c.c.o.aspect.BusinessLogAspect           : 请求参数：[2038244279730257921]
2026-03-29T23:38:55.496+08:00  INFO 32208 --- [order-service] [http-nio-9004-exec-1] c.c.o.aspect.BusinessLogAspect           : ========== 业务操作结束 ==========
2026-03-29T23:38:55.496+08:00  INFO 32208 --- [order-service] [http-nio-9004-exec-1] c.c.o.aspect.BusinessLogAspect           : 执行耗时：821ms
2026-03-29T23:38:55.496+08:00  INFO 32208 --- [order-service] [http-nio-9004-exec-1] c.c.o.aspect.BusinessLogAspect           : 执行状态：成功
2026-03-29T23:38:57.203+08:00  INFO 22204 --- [doctor-service] [http-nio-9002-exec-3] c.c.d.aspect.BusinessLogAspect           : [业务] 排班查询 - ScheduleServiceImpl.findDetailByDate - 查询排班详情（缓存优化）
2026-03-29T23:38:58.118+08:00  INFO 16728 --- [user-service] [http-nio-9003-exec-4] c.c.u.aspect.BusinessLogAspect           : ========== 业务操作开始 ==========
2026-03-29T23:38:58.118+08:00  INFO 16728 --- [user-service] [http-nio-9003-exec-4] c.c.u.aspect.BusinessLogAspect           : 时间：2026-03-29 23:38:58.118
2026-03-29T23:38:58.118+08:00  INFO 16728 --- [user-service] [http-nio-9003-exec-4] c.c.u.aspect.BusinessLogAspect           : 接口：GET /user/patient/list
2026-03-29T23:38:58.118+08:00  INFO 16728 --- [user-service] [http-nio-9003-exec-4] c.c.u.aspect.BusinessLogAspect           : 类名：PatientServiceImpl.getPatients
2026-03-29T23:38:58.118+08:00  INFO 16728 --- [user-service] [http-nio-9003-exec-4] c.c.u.aspect.BusinessLogAspect           : 业务描述：查询就诊人列表
2026-03-29T23:38:58.118+08:00  INFO 16728 --- [user-service] [http-nio-9003-exec-4] c.c.u.aspect.BusinessLogAspect           : 业务类型：就诊人管理
2026-03-29T23:38:58.118+08:00  INFO 16728 --- [user-service] [http-nio-9003-exec-4] c.c.u.aspect.BusinessLogAspect           : 请求参数：[2038244279730257921]
2026-03-29T23:38:58.122+08:00  INFO 16728 --- [user-service] [http-nio-9003-exec-4] c.c.u.aspect.BusinessLogAspect           : ========== 业务操作结束 ==========
2026-03-29T23:38:58.122+08:00  INFO 16728 --- [user-service] [http-nio-9003-exec-4] c.c.u.aspect.BusinessLogAspect           : 执行耗时：4ms
2026-03-29T23:38:58.122+08:00  INFO 16728 --- [user-service] [http-nio-9003-exec-4] c.c.u.aspect.BusinessLogAspect           : 执行状态：成功
2026-03-29T23:38:59.530+08:00  INFO 32208 --- [order-service] [http-nio-9004-exec-2] c.c.o.aspect.BusinessLogAspect           : ========== 业务操作开始 ==========
2026-03-29T23:38:59.530+08:00  INFO 32208 --- [order-service] [http-nio-9004-exec-2] c.c.o.aspect.BusinessLogAspect           : 时间：2026-03-29 23:38:59.530
2026-03-29T23:38:59.530+08:00  INFO 32208 --- [order-service] [http-nio-9004-exec-2] c.c.o.aspect.BusinessLogAspect           : 接口：POST /order/create
2026-03-29T23:38:59.530+08:00  INFO 32208 --- [order-service] [http-nio-9004-exec-2] c.c.o.aspect.BusinessLogAspect           : 类名：OrderServiceImpl.createOrder
2026-03-29T23:38:59.530+08:00  INFO 32208 --- [order-service] [http-nio-9004-exec-2] c.c.o.aspect.BusinessLogAspect           : 业务描述：创建订单（MQ 异步）
2026-03-29T23:38:59.531+08:00  INFO 32208 --- [order-service] [http-nio-9004-exec-2] c.c.o.aspect.BusinessLogAspect           : 业务类型：订单管理
2026-03-29T23:38:59.532+08:00  INFO 32208 --- [order-service] [http-nio-9004-exec-2] c.c.o.aspect.BusinessLogAspect           : 请求参数：[2038244279730257921,1922404122433174300,202603292037]
2026-03-29T23:38:59.763+08:00  INFO 22204 --- [doctor-service] [http-nio-9002-exec-5] c.c.d.aspect.BusinessLogAspect           : [业务] 挂号下单 - ScheduleServiceImpl.deductAvailableNum - 扣减号源库存
2026-03-29T23:39:00.090+08:00  INFO 16728 --- [user-service] [http-nio-9003-exec-2] c.c.u.aspect.BusinessLogAspect           : ========== 业务操作开始 ==========
2026-03-29T23:39:00.090+08:00  INFO 16728 --- [user-service] [http-nio-9003-exec-2] c.c.u.aspect.BusinessLogAspect           : 时间：2026-03-29 23:39:00.090
2026-03-29T23:39:00.090+08:00  INFO 16728 --- [user-service] [http-nio-9003-exec-2] c.c.u.aspect.BusinessLogAspect           : 接口：GET /user/patient/list
2026-03-29T23:39:00.090+08:00  INFO 16728 --- [user-service] [http-nio-9003-exec-2] c.c.u.aspect.BusinessLogAspect           : 类名：PatientServiceImpl.getPatients
2026-03-29T23:39:00.090+08:00  INFO 16728 --- [user-service] [http-nio-9003-exec-2] c.c.u.aspect.BusinessLogAspect           : 业务描述：查询就诊人列表
2026-03-29T23:39:00.090+08:00  INFO 16728 --- [user-service] [http-nio-9003-exec-2] c.c.u.aspect.BusinessLogAspect           : 业务类型：就诊人管理
2026-03-29T23:39:00.090+08:00  INFO 16728 --- [user-service] [http-nio-9003-exec-2] c.c.u.aspect.BusinessLogAspect           : 请求参数：[2038244279730257921]
2026-03-29T23:39:00.095+08:00  INFO 16728 --- [user-service] [http-nio-9003-exec-2] c.c.u.aspect.BusinessLogAspect           : ========== 业务操作结束 ==========
2026-03-29T23:39:00.095+08:00  INFO 16728 --- [user-service] [http-nio-9003-exec-2] c.c.u.aspect.BusinessLogAspect           : 执行耗时：5ms
2026-03-29T23:39:00.096+08:00  INFO 16728 --- [user-service] [http-nio-9003-exec-2] c.c.u.aspect.BusinessLogAspect           : 执行状态：成功
2026-03-29T23:39:00.150+08:00  INFO 32208 --- [order-service] [http-nio-9004-exec-2] c.c.o.aspect.BusinessLogAspect           : ========== 业务操作结束 ==========
2026-03-29T23:39:00.150+08:00  INFO 32208 --- [order-service] [http-nio-9004-exec-2] c.c.o.aspect.BusinessLogAspect           : 执行耗时：618ms
2026-03-29T23:39:00.150+08:00  INFO 32208 --- [order-service] [http-nio-9004-exec-2] c.c.o.aspect.BusinessLogAspect           : 执行状态：成功
2026-03-29T23:39:01.625+08:00  INFO 22204 --- [doctor-service] [http-nio-9002-exec-6] c.c.d.aspect.BusinessLogAspect           : [业务] 排班查询 - ScheduleServiceImpl.findDetailByDate - 查询排班详情（缓存优化）
2026-03-29T23:39:02.535+08:00  INFO 32208 --- [order-service] [http-nio-9004-exec-3] c.c.o.aspect.BusinessLogAspect           : ========== 业务操作开始 ==========
2026-03-29T23:39:02.535+08:00  INFO 32208 --- [order-service] [http-nio-9004-exec-3] c.c.o.aspect.BusinessLogAspect           : 时间：2026-03-29 23:39:02.535
2026-03-29T23:39:02.535+08:00  INFO 32208 --- [order-service] [http-nio-9004-exec-3] c.c.o.aspect.BusinessLogAspect           : 接口：GET /order/list
2026-03-29T23:39:02.535+08:00  INFO 32208 --- [order-service] [http-nio-9004-exec-3] c.c.o.aspect.BusinessLogAspect           : 类名：OrderServiceImpl.getOrders
2026-03-29T23:39:02.535+08:00  INFO 32208 --- [order-service] [http-nio-9004-exec-3] c.c.o.aspect.BusinessLogAspect           : 业务描述：查询用户订单列表
2026-03-29T23:39:02.535+08:00  INFO 32208 --- [order-service] [http-nio-9004-exec-3] c.c.o.aspect.BusinessLogAspect           : 业务类型：订单查询
2026-03-29T23:39:02.535+08:00  INFO 32208 --- [order-service] [http-nio-9004-exec-3] c.c.o.aspect.BusinessLogAspect           : 请求参数：[2038244279730257921]
2026-03-29T23:39:02.547+08:00  INFO 32208 --- [order-service] [http-nio-9004-exec-3] c.c.o.aspect.BusinessLogAspect           : ========== 业务操作结束 ==========
2026-03-29T23:39:02.547+08:00  INFO 32208 --- [order-service] [http-nio-9004-exec-3] c.c.o.aspect.BusinessLogAspect           : 执行耗时：12ms
2026-03-29T23:39:02.547+08:00  INFO 32208 --- [order-service] [http-nio-9004-exec-3] c.c.o.aspect.BusinessLogAspect           : 执行状态：成功
2026-03-29T23:39:17.882+08:00  INFO 22204 --- [doctor-service] [http-nio-9002-exec-7] c.c.d.aspect.BusinessLogAspect           : [业务] 排班查询 - ScheduleServiceImpl.findDetailByDate - 查询排班详情（缓存优化）
2026-03-29T23:39:18.822+08:00  INFO 16728 --- [user-service] [http-nio-9003-exec-7] c.c.u.aspect.BusinessLogAspect           : ========== 业务操作开始 ==========
2026-03-29T23:39:18.822+08:00  INFO 16728 --- [user-service] [http-nio-9003-exec-7] c.c.u.aspect.BusinessLogAspect           : 时间：2026-03-29 23:39:18.822
2026-03-29T23:39:18.822+08:00  INFO 16728 --- [user-service] [http-nio-9003-exec-7] c.c.u.aspect.BusinessLogAspect           : 接口：GET /user/patient/list
2026-03-29T23:39:18.822+08:00  INFO 16728 --- [user-service] [http-nio-9003-exec-7] c.c.u.aspect.BusinessLogAspect           : 类名：PatientServiceImpl.getPatients
2026-03-29T23:39:18.822+08:00  INFO 16728 --- [user-service] [http-nio-9003-exec-7] c.c.u.aspect.BusinessLogAspect           : 业务描述：查询就诊人列表
2026-03-29T23:39:18.822+08:00  INFO 16728 --- [user-service] [http-nio-9003-exec-7] c.c.u.aspect.BusinessLogAspect           : 业务类型：就诊人管理
2026-03-29T23:39:18.823+08:00  INFO 16728 --- [user-service] [http-nio-9003-exec-7] c.c.u.aspect.BusinessLogAspect           : 请求参数：[2038244279730257921]
2026-03-29T23:39:18.825+08:00  INFO 16728 --- [user-service] [http-nio-9003-exec-7] c.c.u.aspect.BusinessLogAspect           : ========== 业务操作结束 ==========
2026-03-29T23:39:18.825+08:00  INFO 16728 --- [user-service] [http-nio-9003-exec-7] c.c.u.aspect.BusinessLogAspect           : 执行耗时：2ms
2026-03-29T23:39:18.825+08:00  INFO 16728 --- [user-service] [http-nio-9003-exec-7] c.c.u.aspect.BusinessLogAspect           : 执行状态：成功
2026-03-29T23:39:19.659+08:00  INFO 32208 --- [order-service] [http-nio-9004-exec-5] c.c.o.aspect.BusinessLogAspect           : ========== 业务操作开始 ==========
2026-03-29T23:39:19.659+08:00  INFO 32208 --- [order-service] [http-nio-9004-exec-5] c.c.o.aspect.BusinessLogAspect           : 时间：2026-03-29 23:39:19.659
2026-03-29T23:39:19.659+08:00  INFO 32208 --- [order-service] [http-nio-9004-exec-5] c.c.o.aspect.BusinessLogAspect           : 接口：POST /order/create
2026-03-29T23:39:19.659+08:00  INFO 32208 --- [order-service] [http-nio-9004-exec-5] c.c.o.aspect.BusinessLogAspect           : 类名：OrderServiceImpl.createOrder
2026-03-29T23:39:19.659+08:00  INFO 32208 --- [order-service] [http-nio-9004-exec-5] c.c.o.aspect.BusinessLogAspect           : 业务描述：创建订单（MQ 异步）
2026-03-29T23:39:19.659+08:00  INFO 32208 --- [order-service] [http-nio-9004-exec-5] c.c.o.aspect.BusinessLogAspect           : 业务类型：订单管理
2026-03-29T23:39:19.659+08:00  INFO 32208 --- [order-service] [http-nio-9004-exec-5] c.c.o.aspect.BusinessLogAspect           : 请求参数：[2038244279730257921,1922404122433174300,202603292037]
2026-03-29T23:39:19.664+08:00  INFO 22204 --- [doctor-service] [http-nio-9002-exec-8] c.c.d.aspect.BusinessLogAspect           : [业务] 挂号下单 - ScheduleServiceImpl.deductAvailableNum - 扣减号源库存
2026-03-29T23:39:19.680+08:00  INFO 16728 --- [user-service] [http-nio-9003-exec-8] c.c.u.aspect.BusinessLogAspect           : ========== 业务操作开始 ==========
2026-03-29T23:39:19.680+08:00  INFO 16728 --- [user-service] [http-nio-9003-exec-8] c.c.u.aspect.BusinessLogAspect           : 时间：2026-03-29 23:39:19.680
2026-03-29T23:39:19.680+08:00  INFO 16728 --- [user-service] [http-nio-9003-exec-8] c.c.u.aspect.BusinessLogAspect           : 接口：GET /user/patient/list
2026-03-29T23:39:19.680+08:00  INFO 16728 --- [user-service] [http-nio-9003-exec-8] c.c.u.aspect.BusinessLogAspect           : 类名：PatientServiceImpl.getPatients
2026-03-29T23:39:19.680+08:00  INFO 16728 --- [user-service] [http-nio-9003-exec-8] c.c.u.aspect.BusinessLogAspect           : 业务描述：查询就诊人列表
2026-03-29T23:39:19.680+08:00  INFO 16728 --- [user-service] [http-nio-9003-exec-8] c.c.u.aspect.BusinessLogAspect           : 业务类型：就诊人管理
2026-03-29T23:39:19.680+08:00  INFO 16728 --- [user-service] [http-nio-9003-exec-8] c.c.u.aspect.BusinessLogAspect           : 请求参数：[2038244279730257921]
2026-03-29T23:39:19.684+08:00  INFO 16728 --- [user-service] [http-nio-9003-exec-8] c.c.u.aspect.BusinessLogAspect           : ========== 业务操作结束 ==========
2026-03-29T23:39:19.684+08:00  INFO 16728 --- [user-service] [http-nio-9003-exec-8] c.c.u.aspect.BusinessLogAspect           : 执行耗时：4ms
2026-03-29T23:39:19.684+08:00  INFO 16728 --- [user-service] [http-nio-9003-exec-8] c.c.u.aspect.BusinessLogAspect           : 执行状态：成功
2026-03-29T23:39:19.687+08:00  INFO 32208 --- [order-service] [http-nio-9004-exec-5] c.c.o.aspect.BusinessLogAspect           : ========== 业务操作结束 ==========
2026-03-29T23:39:19.687+08:00  INFO 32208 --- [order-service] [http-nio-9004-exec-5] c.c.o.aspect.BusinessLogAspect           : 执行耗时：28ms
2026-03-29T23:39:19.687+08:00  INFO 32208 --- [order-service] [http-nio-9004-exec-5] c.c.o.aspect.BusinessLogAspect           : 执行状态：成功
2026-03-29T23:39:20.634+08:00  INFO 22204 --- [doctor-service] [http-nio-9002-exec-9] c.c.d.aspect.BusinessLogAspect           : [业务] 排班查询 - ScheduleServiceImpl.findDetailByDate - 查询排班详情（缓存优化）
2026-03-29T23:39:48.094+08:00  INFO 32208 --- [order-service] [http-nio-9004-exec-4] c.c.o.aspect.BusinessLogAspect           : ========== 业务操作开始 ==========
2026-03-29T23:39:48.094+08:00  INFO 32208 --- [order-service] [http-nio-9004-exec-4] c.c.o.aspect.BusinessLogAspect           : 时间：2026-03-29 23:39:48.094
2026-03-29T23:39:48.094+08:00  INFO 32208 --- [order-service] [http-nio-9004-exec-4] c.c.o.aspect.BusinessLogAspect           : 接口：GET /order/list
2026-03-29T23:39:48.094+08:00  INFO 32208 --- [order-service] [http-nio-9004-exec-4] c.c.o.aspect.BusinessLogAspect           : 类名：OrderServiceImpl.getOrders
2026-03-29T23:39:48.094+08:00  INFO 32208 --- [order-service] [http-nio-9004-exec-4] c.c.o.aspect.BusinessLogAspect           : 业务描述：查询用户订单列表
2026-03-29T23:39:48.094+08:00  INFO 32208 --- [order-service] [http-nio-9004-exec-4] c.c.o.aspect.BusinessLogAspect           : 业务类型：订单查询
2026-03-29T23:39:48.094+08:00  INFO 32208 --- [order-service] [http-nio-9004-exec-4] c.c.o.aspect.BusinessLogAspect           : 请求参数：[2038244279730257921]
2026-03-29T23:39:48.104+08:00  INFO 32208 --- [order-service] [http-nio-9004-exec-4] c.c.o.aspect.BusinessLogAspect           : ========== 业务操作结束 ==========
2026-03-29T23:39:48.104+08:00  INFO 32208 --- [order-service] [http-nio-9004-exec-4] c.c.o.aspect.BusinessLogAspect           : 执行耗时：10ms
2026-03-29T23:39:48.104+08:00  INFO 32208 --- [order-service] [http-nio-9004-exec-4] c.c.o.aspect.BusinessLogAspect           : 执行状态：成功
2026-03-29T23:39:48.927+08:00  INFO 16728 --- [user-service] [http-nio-9003-exec-6] c.c.u.aspect.BusinessLogAspect           : ========== 业务操作开始 ==========
2026-03-29T23:39:48.927+08:00  INFO 16728 --- [user-service] [http-nio-9003-exec-6] c.c.u.aspect.BusinessLogAspect           : 时间：2026-03-29 23:39:48.927
2026-03-29T23:39:48.927+08:00  INFO 16728 --- [user-service] [http-nio-9003-exec-6] c.c.u.aspect.BusinessLogAspect           : 接口：GET /user/patient/list
2026-03-29T23:39:48.927+08:00  INFO 16728 --- [user-service] [http-nio-9003-exec-6] c.c.u.aspect.BusinessLogAspect           : 类名：PatientServiceImpl.getPatients
2026-03-29T23:39:48.927+08:00  INFO 16728 --- [user-service] [http-nio-9003-exec-6] c.c.u.aspect.BusinessLogAspect           : 业务描述：查询就诊人列表
2026-03-29T23:39:48.927+08:00  INFO 16728 --- [user-service] [http-nio-9003-exec-6] c.c.u.aspect.BusinessLogAspect           : 业务类型：就诊人管理
2026-03-29T23:39:48.927+08:00  INFO 16728 --- [user-service] [http-nio-9003-exec-6] c.c.u.aspect.BusinessLogAspect           : 请求参数：[2038244279730257921]
2026-03-29T23:39:48.931+08:00  INFO 16728 --- [user-service] [http-nio-9003-exec-6] c.c.u.aspect.BusinessLogAspect           : ========== 业务操作结束 ==========
2026-03-29T23:39:48.931+08:00  INFO 16728 --- [user-service] [http-nio-9003-exec-6] c.c.u.aspect.BusinessLogAspect           : 执行耗时：4ms
2026-03-29T23:39:48.931+08:00  INFO 16728 --- [user-service] [http-nio-9003-exec-6] c.c.u.aspect.BusinessLogAspect           : 执行状态：成功
2026-03-29T23:40:11.733+08:00  INFO 32208 --- [order-service] [http-nio-9004-exec-6] c.c.o.aspect.BusinessLogAspect           : ========== 业务操作开始 ==========
2026-03-29T23:40:11.733+08:00  INFO 32208 --- [order-service] [http-nio-9004-exec-6] c.c.o.aspect.BusinessLogAspect           : 时间：2026-03-29 23:40:11.733
2026-03-29T23:40:11.733+08:00  INFO 32208 --- [order-service] [http-nio-9004-exec-6] c.c.o.aspect.BusinessLogAspect           : 接口：GET /order/list
2026-03-29T23:40:11.733+08:00  INFO 32208 --- [order-service] [http-nio-9004-exec-6] c.c.o.aspect.BusinessLogAspect           : 类名：OrderServiceImpl.getOrders
2026-03-29T23:40:11.733+08:00  INFO 32208 --- [order-service] [http-nio-9004-exec-6] c.c.o.aspect.BusinessLogAspect           : 业务描述：查询用户订单列表
2026-03-29T23:40:11.733+08:00  INFO 32208 --- [order-service] [http-nio-9004-exec-6] c.c.o.aspect.BusinessLogAspect           : 业务类型：订单查询
2026-03-29T23:40:11.733+08:00  INFO 32208 --- [order-service] [http-nio-9004-exec-6] c.c.o.aspect.BusinessLogAspect           : 请求参数：[2038244279730257921]
2026-03-29T23:40:11.743+08:00  INFO 32208 --- [order-service] [http-nio-9004-exec-6] c.c.o.aspect.BusinessLogAspect           : ========== 业务操作结束 ==========
2026-03-29T23:40:11.743+08:00  INFO 32208 --- [order-service] [http-nio-9004-exec-6] c.c.o.aspect.BusinessLogAspect           : 执行耗时：10ms
2026-03-29T23:40:11.743+08:00  INFO 32208 --- [order-service] [http-nio-9004-exec-6] c.c.o.aspect.BusinessLogAspect           : 执行状态：成功
2026-03-29T23:40:12.599+08:00  INFO 22204 --- [doctor-service] [http-nio-9002-exec-10] c.c.d.aspect.BusinessLogAspect           : [业务] 排班查询 - ScheduleServiceImpl.findDetailByDate - 查询排班详情（缓存优化）
2026-03-29T23:40:13.536+08:00  INFO 16728 --- [user-service] [http-nio-9003-exec-10] c.c.u.aspect.BusinessLogAspect           : ========== 业务操作开始 ==========
2026-03-29T23:40:13.536+08:00  INFO 16728 --- [user-service] [http-nio-9003-exec-10] c.c.u.aspect.BusinessLogAspect           : 时间：2026-03-29 23:40:13.536
2026-03-29T23:40:13.536+08:00  INFO 16728 --- [user-service] [http-nio-9003-exec-10] c.c.u.aspect.BusinessLogAspect           : 接口：GET /user/patient/list
2026-03-29T23:40:13.536+08:00  INFO 16728 --- [user-service] [http-nio-9003-exec-10] c.c.u.aspect.BusinessLogAspect           : 类名：PatientServiceImpl.getPatients
2026-03-29T23:40:13.536+08:00  INFO 16728 --- [user-service] [http-nio-9003-exec-10] c.c.u.aspect.BusinessLogAspect           : 业务描述：查询就诊人列表
2026-03-29T23:40:13.536+08:00  INFO 16728 --- [user-service] [http-nio-9003-exec-10] c.c.u.aspect.BusinessLogAspect           : 业务类型：就诊人管理
2026-03-29T23:40:13.536+08:00  INFO 16728 --- [user-service] [http-nio-9003-exec-10] c.c.u.aspect.BusinessLogAspect           : 请求参数：[2038244279730257921]
2026-03-29T23:40:13.539+08:00  INFO 16728 --- [user-service] [http-nio-9003-exec-10] c.c.u.aspect.BusinessLogAspect           : ========== 业务操作结束 ==========
2026-03-29T23:40:13.539+08:00  INFO 16728 --- [user-service] [http-nio-9003-exec-10] c.c.u.aspect.BusinessLogAspect           : 执行耗时：3ms
2026-03-29T23:40:13.539+08:00  INFO 16728 --- [user-service] [http-nio-9003-exec-10] c.c.u.aspect.BusinessLogAspect           : 执行状态：成功
2026-03-29T23:40:14.352+08:00  INFO 32208 --- [order-service] [http-nio-9004-exec-7] c.c.o.aspect.BusinessLogAspect           : ========== 业务操作开始 ==========
2026-03-29T23:40:14.352+08:00  INFO 32208 --- [order-service] [http-nio-9004-exec-7] c.c.o.aspect.BusinessLogAspect           : 时间：2026-03-29 23:40:14.352
2026-03-29T23:40:14.352+08:00  INFO 32208 --- [order-service] [http-nio-9004-exec-7] c.c.o.aspect.BusinessLogAspect           : 接口：POST /order/create
2026-03-29T23:40:14.352+08:00  INFO 32208 --- [order-service] [http-nio-9004-exec-7] c.c.o.aspect.BusinessLogAspect           : 类名：OrderServiceImpl.createOrder
2026-03-29T23:40:14.352+08:00  INFO 32208 --- [order-service] [http-nio-9004-exec-7] c.c.o.aspect.BusinessLogAspect           : 业务描述：创建订单（MQ 异步）
2026-03-29T23:40:14.352+08:00  INFO 32208 --- [order-service] [http-nio-9004-exec-7] c.c.o.aspect.BusinessLogAspect           : 业务类型：订单管理
2026-03-29T23:40:14.352+08:00  INFO 32208 --- [order-service] [http-nio-9004-exec-7] c.c.o.aspect.BusinessLogAspect           : 请求参数：[2038244279730257921,1922404122433174300,202603292037]
2026-03-29T23:40:14.354+08:00  INFO 22204 --- [doctor-service] [http-nio-9002-exec-1] c.c.d.aspect.BusinessLogAspect           : [业务] 挂号下单 - ScheduleServiceImpl.deductAvailableNum - 扣减号源库存
2026-03-29T23:40:14.366+08:00  INFO 16728 --- [user-service] [http-nio-9003-exec-1] c.c.u.aspect.BusinessLogAspect           : ========== 业务操作开始 ==========
2026-03-29T23:40:14.366+08:00  INFO 16728 --- [user-service] [http-nio-9003-exec-1] c.c.u.aspect.BusinessLogAspect           : 时间：2026-03-29 23:40:14.366
2026-03-29T23:40:14.366+08:00  INFO 16728 --- [user-service] [http-nio-9003-exec-1] c.c.u.aspect.BusinessLogAspect           : 接口：GET /user/patient/list
2026-03-29T23:40:14.366+08:00  INFO 16728 --- [user-service] [http-nio-9003-exec-1] c.c.u.aspect.BusinessLogAspect           : 类名：PatientServiceImpl.getPatients
2026-03-29T23:40:14.366+08:00  INFO 16728 --- [user-service] [http-nio-9003-exec-1] c.c.u.aspect.BusinessLogAspect           : 业务描述：查询就诊人列表
2026-03-29T23:40:14.366+08:00  INFO 16728 --- [user-service] [http-nio-9003-exec-1] c.c.u.aspect.BusinessLogAspect           : 业务类型：就诊人管理
2026-03-29T23:40:14.366+08:00  INFO 16728 --- [user-service] [http-nio-9003-exec-1] c.c.u.aspect.BusinessLogAspect           : 请求参数：[2038244279730257921]
2026-03-29T23:40:14.368+08:00  INFO 16728 --- [user-service] [http-nio-9003-exec-1] c.c.u.aspect.BusinessLogAspect           : ========== 业务操作结束 ==========
2026-03-29T23:40:14.368+08:00  INFO 16728 --- [user-service] [http-nio-9003-exec-1] c.c.u.aspect.BusinessLogAspect           : 执行耗时：2ms
2026-03-29T23:40:14.368+08:00  INFO 16728 --- [user-service] [http-nio-9003-exec-1] c.c.u.aspect.BusinessLogAspect           : 执行状态：成功
2026-03-29T23:40:14.370+08:00  INFO 32208 --- [order-service] [http-nio-9004-exec-7] c.c.o.aspect.BusinessLogAspect           : ========== 业务操作结束 ==========
2026-03-29T23:40:14.370+08:00  INFO 32208 --- [order-service] [http-nio-9004-exec-7] c.c.o.aspect.BusinessLogAspect           : 执行耗时：18ms
2026-03-29T23:40:14.370+08:00  INFO 32208 --- [order-service] [http-nio-9004-exec-7] c.c.o.aspect.BusinessLogAspect           : 执行状态：成功
2026-03-29T23:40:15.378+08:00  INFO 22204 --- [doctor-service] [http-nio-9002-exec-2] c.c.d.aspect.BusinessLogAspect           : [业务] 排班查询 - ScheduleServiceImpl.findDetailByDate - 查询排班详情（缓存优化）
2026-03-29T23:40:38.133+08:00  INFO 16728 --- [user-service] [http-nio-9003-exec-3] c.c.u.aspect.BusinessLogAspect           : ========== 业务操作开始 ==========
2026-03-29T23:40:38.133+08:00  INFO 16728 --- [user-service] [http-nio-9003-exec-3] c.c.u.aspect.BusinessLogAspect           : 时间：2026-03-29 23:40:38.133
2026-03-29T23:40:38.133+08:00  INFO 16728 --- [user-service] [http-nio-9003-exec-3] c.c.u.aspect.BusinessLogAspect           : 接口：GET /user/patient/list
2026-03-29T23:40:38.133+08:00  INFO 16728 --- [user-service] [http-nio-9003-exec-3] c.c.u.aspect.BusinessLogAspect           : 类名：PatientServiceImpl.getPatients
2026-03-29T23:40:38.133+08:00  INFO 16728 --- [user-service] [http-nio-9003-exec-3] c.c.u.aspect.BusinessLogAspect           : 业务描述：查询就诊人列表
2026-03-29T23:40:38.133+08:00  INFO 16728 --- [user-service] [http-nio-9003-exec-3] c.c.u.aspect.BusinessLogAspect           : 业务类型：就诊人管理
2026-03-29T23:40:38.133+08:00  INFO 16728 --- [user-service] [http-nio-9003-exec-3] c.c.u.aspect.BusinessLogAspect           : 请求参数：[2038244279730257921]
2026-03-29T23:40:38.136+08:00  INFO 16728 --- [user-service] [http-nio-9003-exec-3] c.c.u.aspect.BusinessLogAspect           : ========== 业务操作结束 ==========
2026-03-29T23:40:38.136+08:00  INFO 16728 --- [user-service] [http-nio-9003-exec-3] c.c.u.aspect.BusinessLogAspect           : 执行耗时：3ms
2026-03-29T23:40:38.136+08:00  INFO 16728 --- [user-service] [http-nio-9003-exec-3] c.c.u.aspect.BusinessLogAspect           : 执行状态：成功
2026-03-29T23:40:38.651+08:00  INFO 32208 --- [order-service] [http-nio-9004-exec-8] c.c.o.aspect.BusinessLogAspect           : ========== 业务操作开始 ==========
2026-03-29T23:40:38.651+08:00  INFO 32208 --- [order-service] [http-nio-9004-exec-8] c.c.o.aspect.BusinessLogAspect           : 时间：2026-03-29 23:40:38.651
2026-03-29T23:40:38.651+08:00  INFO 32208 --- [order-service] [http-nio-9004-exec-8] c.c.o.aspect.BusinessLogAspect           : 接口：GET /order/list
2026-03-29T23:40:38.651+08:00  INFO 32208 --- [order-service] [http-nio-9004-exec-8] c.c.o.aspect.BusinessLogAspect           : 类名：OrderServiceImpl.getOrders
2026-03-29T23:40:38.651+08:00  INFO 32208 --- [order-service] [http-nio-9004-exec-8] c.c.o.aspect.BusinessLogAspect           : 业务描述：查询用户订单列表
2026-03-29T23:40:38.651+08:00  INFO 32208 --- [order-service] [http-nio-9004-exec-8] c.c.o.aspect.BusinessLogAspect           : 业务类型：订单查询
2026-03-29T23:40:38.651+08:00  INFO 32208 --- [order-service] [http-nio-9004-exec-8] c.c.o.aspect.BusinessLogAspect           : 请求参数：[2038244279730257921]
2026-03-29T23:40:38.661+08:00  INFO 32208 --- [order-service] [http-nio-9004-exec-8] c.c.o.aspect.BusinessLogAspect           : ========== 业务操作结束 ==========
2026-03-29T23:40:38.661+08:00  INFO 32208 --- [order-service] [http-nio-9004-exec-8] c.c.o.aspect.BusinessLogAspect           : 执行耗时：10ms
2026-03-29T23:40:38.661+08:00  INFO 32208 --- [order-service] [http-nio-9004-exec-8] c.c.o.aspect.BusinessLogAspect           : 执行状态：成功
2026-03-29T23:40:39.207+08:00  INFO 16728 --- [user-service] [http-nio-9003-exec-9] c.c.u.aspect.BusinessLogAspect           : ========== 业务操作开始 ==========
2026-03-29T23:40:39.207+08:00  INFO 16728 --- [user-service] [http-nio-9003-exec-9] c.c.u.aspect.BusinessLogAspect           : 时间：2026-03-29 23:40:39.207
2026-03-29T23:40:39.207+08:00  INFO 16728 --- [user-service] [http-nio-9003-exec-9] c.c.u.aspect.BusinessLogAspect           : 接口：GET /user/patient/list
2026-03-29T23:40:39.208+08:00  INFO 16728 --- [user-service] [http-nio-9003-exec-9] c.c.u.aspect.BusinessLogAspect           : 类名：PatientServiceImpl.getPatients
2026-03-29T23:40:39.208+08:00  INFO 16728 --- [user-service] [http-nio-9003-exec-9] c.c.u.aspect.BusinessLogAspect           : 业务描述：查询就诊人列表
2026-03-29T23:40:39.208+08:00  INFO 16728 --- [user-service] [http-nio-9003-exec-9] c.c.u.aspect.BusinessLogAspect           : 业务类型：就诊人管理
2026-03-29T23:40:39.208+08:00  INFO 16728 --- [user-service] [http-nio-9003-exec-9] c.c.u.aspect.BusinessLogAspect           : 请求参数：[2038244279730257921]
2026-03-29T23:40:39.212+08:00  INFO 16728 --- [user-service] [http-nio-9003-exec-9] c.c.u.aspect.BusinessLogAspect           : ========== 业务操作结束 ==========
2026-03-29T23:40:39.212+08:00  INFO 16728 --- [user-service] [http-nio-9003-exec-9] c.c.u.aspect.BusinessLogAspect           : 执行耗时：3ms
2026-03-29T23:40:39.212+08:00  INFO 16728 --- [user-service] [http-nio-9003-exec-9] c.c.u.aspect.BusinessLogAspect           : 执行状态：成功
2026-03-29T23:40:40.722+08:00  INFO 16728 --- [user-service] [http-nio-9003-exec-5] c.c.u.aspect.BusinessLogAspect           : ========== 业务操作开始 ==========
2026-03-29T23:40:40.723+08:00  INFO 16728 --- [user-service] [http-nio-9003-exec-5] c.c.u.aspect.BusinessLogAspect           : 时间：2026-03-29 23:40:40.722
2026-03-29T23:40:40.723+08:00  INFO 16728 --- [user-service] [http-nio-9003-exec-5] c.c.u.aspect.BusinessLogAspect           : 接口：GET /user/patient/list
2026-03-29T23:40:40.723+08:00  INFO 16728 --- [user-service] [http-nio-9003-exec-5] c.c.u.aspect.BusinessLogAspect           : 类名：PatientServiceImpl.getPatients
2026-03-29T23:40:40.723+08:00  INFO 16728 --- [user-service] [http-nio-9003-exec-5] c.c.u.aspect.BusinessLogAspect           : 业务描述：查询就诊人列表
2026-03-29T23:40:40.723+08:00  INFO 16728 --- [user-service] [http-nio-9003-exec-5] c.c.u.aspect.BusinessLogAspect           : 业务类型：就诊人管理
2026-03-29T23:40:40.723+08:00  INFO 16728 --- [user-service] [http-nio-9003-exec-5] c.c.u.aspect.BusinessLogAspect           : 请求参数：[2038244279730257921]
2026-03-29T23:40:40.725+08:00  INFO 16728 --- [user-service] [http-nio-9003-exec-5] c.c.u.aspect.BusinessLogAspect           : ========== 业务操作结束 ==========
2026-03-29T23:40:40.725+08:00  INFO 16728 --- [user-service] [http-nio-9003-exec-5] c.c.u.aspect.BusinessLogAspect           : 执行耗时：2ms
2026-03-29T23:40:40.725+08:00  INFO 16728 --- [user-service] [http-nio-9003-exec-5] c.c.u.aspect.BusinessLogAspect           : 执行状态：成功
2026-03-29T23:41:08.357+08:00  INFO 16728 --- [user-service] [http-nio-9003-exec-4] c.c.u.aspect.BusinessLogAspect           : ========== 业务操作开始 ==========
2026-03-29T23:41:08.357+08:00  INFO 16728 --- [user-service] [http-nio-9003-exec-4] c.c.u.aspect.BusinessLogAspect           : 时间：2026-03-29 23:41:08.357
2026-03-29T23:41:08.357+08:00  INFO 16728 --- [user-service] [http-nio-9003-exec-4] c.c.u.aspect.BusinessLogAspect           : 接口：POST /user/register
2026-03-29T23:41:08.357+08:00  INFO 16728 --- [user-service] [http-nio-9003-exec-4] c.c.u.aspect.BusinessLogAspect           : 类名：UserServiceImpl.register
2026-03-29T23:41:08.357+08:00  INFO 16728 --- [user-service] [http-nio-9003-exec-4] c.c.u.aspect.BusinessLogAspect           : 业务描述：用户注册
2026-03-29T23:41:08.357+08:00  INFO 16728 --- [user-service] [http-nio-9003-exec-4] c.c.u.aspect.BusinessLogAspect           : 业务类型：用户认证
2026-03-29T23:41:08.358+08:00  INFO 16728 --- [user-service] [http-nio-9003-exec-4] c.c.u.aspect.BusinessLogAspect           : 请求参数：["13800000001","1346798520"]
2026-03-29T23:41:08.900+08:00 ERROR 16728 --- [user-service] [http-nio-9003-exec-4] c.c.u.aspect.BusinessLogAspect           : 业务执行异常：手机号已注册

java.lang.RuntimeException: 手机号已注册
	at com.cly.userservice.service.impl.UserServiceImpl.register(UserServiceImpl.java:40) ~[classes/:na]
	at java.base/jdk.internal.reflect.DirectMethodHandleAccessor.invoke(DirectMethodHandleAccessor.java:103) ~[na:na]
	at java.base/java.lang.reflect.Method.invoke(Method.java:580) ~[na:na]
	at org.springframework.aop.support.AopUtils.invokeJoinpointUsingReflection(AopUtils.java:359) ~[spring-aop-7.0.5.jar:7.0.5]
	at org.springframework.aop.framework.ReflectiveMethodInvocation.invokeJoinpoint(ReflectiveMethodInvocation.java:190) ~[spring-aop-7.0.5.jar:7.0.5]
	at org.springframework.aop.framework.ReflectiveMethodInvocation.proceed(ReflectiveMethodInvocation.java:158) ~[spring-aop-7.0.5.jar:7.0.5]
	at org.springframework.aop.aspectj.MethodInvocationProceedingJoinPoint.proceed(MethodInvocationProceedingJoinPoint.java:82) ~[spring-aop-7.0.5.jar:7.0.5]
	at com.cly.userservice.aspect.BusinessLogAspect.around(BusinessLogAspect.java:75) ~[classes/:na]
	at java.base/jdk.internal.reflect.DirectMethodHandleAccessor.invoke(DirectMethodHandleAccessor.java:103) ~[na:na]
	at java.base/java.lang.reflect.Method.invoke(Method.java:580) ~[na:na]
	at org.springframework.aop.aspectj.AbstractAspectJAdvice.invokeAdviceMethodWithGivenArgs(AbstractAspectJAdvice.java:648) ~[spring-aop-7.0.5.jar:7.0.5]
	at org.springframework.aop.aspectj.AbstractAspectJAdvice.invokeAdviceMethod(AbstractAspectJAdvice.java:630) ~[spring-aop-7.0.5.jar:7.0.5]
	at org.springframework.aop.aspectj.AspectJAroundAdvice.invoke(AspectJAroundAdvice.java:70) ~[spring-aop-7.0.5.jar:7.0.5]
	at org.springframework.aop.framework.ReflectiveMethodInvocation.proceed(ReflectiveMethodInvocation.java:168) ~[spring-aop-7.0.5.jar:7.0.5]
	at org.springframework.aop.interceptor.ExposeInvocationInterceptor.invoke(ExposeInvocationInterceptor.java:96) ~[spring-aop-7.0.5.jar:7.0.5]
	at org.springframework.aop.framework.ReflectiveMethodInvocation.proceed(ReflectiveMethodInvocation.java:179) ~[spring-aop-7.0.5.jar:7.0.5]
	at org.springframework.aop.framework.CglibAopProxy$DynamicAdvisedInterceptor.intercept(CglibAopProxy.java:719) ~[spring-aop-7.0.5.jar:7.0.5]
	at com.cly.userservice.service.impl.UserServiceImpl$$SpringCGLIB$$0.register(<generated>) ~[classes/:na]
	at com.cly.userservice.controller.UserController.register(UserController.java:31) ~[classes/:na]
	at java.base/jdk.internal.reflect.DirectMethodHandleAccessor.invoke(DirectMethodHandleAccessor.java:103) ~[na:na]
	at java.base/java.lang.reflect.Method.invoke(Method.java:580) ~[na:na]
	at org.springframework.web.method.support.InvocableHandlerMethod.doInvoke(InvocableHandlerMethod.java:252) ~[spring-web-7.0.5.jar:7.0.5]
	at org.springframework.web.method.support.InvocableHandlerMethod.invokeForRequest(InvocableHandlerMethod.java:184) ~[spring-web-7.0.5.jar:7.0.5]
	at org.springframework.web.servlet.mvc.method.annotation.ServletInvocableHandlerMethod.invokeAndHandle(ServletInvocableHandlerMethod.java:117) ~[spring-webmvc-7.0.5.jar:7.0.5]
	at org.springframework.web.servlet.mvc.method.annotation.RequestMappingHandlerAdapter.invokeHandlerMethod(RequestMappingHandlerAdapter.java:934) ~[spring-webmvc-7.0.5.jar:7.0.5]
	at org.springframework.web.servlet.mvc.method.annotation.RequestMappingHandlerAdapter.handleInternal(RequestMappingHandlerAdapter.java:853) ~[spring-webmvc-7.0.5.jar:7.0.5]
	at org.springframework.web.servlet.mvc.method.AbstractHandlerMethodAdapter.handle(AbstractHandlerMethodAdapter.java:86) ~[spring-webmvc-7.0.5.jar:7.0.5]
	at org.springframework.web.servlet.DispatcherServlet.doDispatch(DispatcherServlet.java:963) ~[spring-webmvc-7.0.5.jar:7.0.5]
	at org.springframework.web.servlet.DispatcherServlet.doService(DispatcherServlet.java:866) ~[spring-webmvc-7.0.5.jar:7.0.5]
	at org.springframework.web.servlet.FrameworkServlet.processRequest(FrameworkServlet.java:1000) ~[spring-webmvc-7.0.5.jar:7.0.5]
	at org.springframework.web.servlet.FrameworkServlet.doPost(FrameworkServlet.java:903) ~[spring-webmvc-7.0.5.jar:7.0.5]
	at jakarta.servlet.http.HttpServlet.service(HttpServlet.java:649) ~[tomcat-embed-core-11.0.18.jar:6.1]
	at org.springframework.web.servlet.FrameworkServlet.service(FrameworkServlet.java:874) ~[spring-webmvc-7.0.5.jar:7.0.5]
	at jakarta.servlet.http.HttpServlet.service(HttpServlet.java:710) ~[tomcat-embed-core-11.0.18.jar:6.1]
	at org.apache.catalina.core.ApplicationFilterChain.doFilter(ApplicationFilterChain.java:128) ~[tomcat-embed-core-11.0.18.jar:11.0.18]
	at org.apache.tomcat.websocket.server.WsFilter.doFilter(WsFilter.java:53) ~[tomcat-embed-websocket-11.0.18.jar:11.0.18]
	at org.apache.catalina.core.ApplicationFilterChain.doFilter(ApplicationFilterChain.java:107) ~[tomcat-embed-core-11.0.18.jar:11.0.18]
	at org.springframework.web.filter.RequestContextFilter.doFilterInternal(RequestContextFilter.java:100) ~[spring-web-7.0.5.jar:7.0.5]
	at org.springframework.web.filter.OncePerRequestFilter.doFilter(OncePerRequestFilter.java:116) ~[spring-web-7.0.5.jar:7.0.5]
	at org.apache.catalina.core.ApplicationFilterChain.doFilter(ApplicationFilterChain.java:107) ~[tomcat-embed-core-11.0.18.jar:11.0.18]
	at org.springframework.web.filter.FormContentFilter.doFilterInternal(FormContentFilter.java:93) ~[spring-web-7.0.5.jar:7.0.5]
	at org.springframework.web.filter.OncePerRequestFilter.doFilter(OncePerRequestFilter.java:116) ~[spring-web-7.0.5.jar:7.0.5]
	at org.apache.catalina.core.ApplicationFilterChain.doFilter(ApplicationFilterChain.java:107) ~[tomcat-embed-core-11.0.18.jar:11.0.18]
	at org.springframework.web.filter.CharacterEncodingFilter.doFilterInternal(CharacterEncodingFilter.java:199) ~[spring-web-7.0.5.jar:7.0.5]
	at org.springframework.web.filter.OncePerRequestFilter.doFilter(OncePerRequestFilter.java:116) ~[spring-web-7.0.5.jar:7.0.5]
	at org.apache.catalina.core.ApplicationFilterChain.doFilter(ApplicationFilterChain.java:107) ~[tomcat-embed-core-11.0.18.jar:11.0.18]
	at org.apache.catalina.core.StandardWrapperValve.invoke(StandardWrapperValve.java:165) ~[tomcat-embed-core-11.0.18.jar:11.0.18]
	at org.apache.catalina.core.StandardContextValve.invoke(StandardContextValve.java:77) ~[tomcat-embed-core-11.0.18.jar:11.0.18]
	at org.apache.catalina.authenticator.AuthenticatorBase.invoke(AuthenticatorBase.java:492) ~[tomcat-embed-core-11.0.18.jar:11.0.18]
	at org.apache.catalina.core.StandardHostValve.invoke(StandardHostValve.java:113) ~[tomcat-embed-core-11.0.18.jar:11.0.18]
	at org.apache.catalina.valves.ErrorReportValve.invoke(ErrorReportValve.java:83) ~[tomcat-embed-core-11.0.18.jar:11.0.18]
	at org.apache.catalina.core.StandardEngineValve.invoke(StandardEngineValve.java:72) ~[tomcat-embed-core-11.0.18.jar:11.0.18]
	at org.apache.catalina.connector.CoyoteAdapter.service(CoyoteAdapter.java:341) ~[tomcat-embed-core-11.0.18.jar:11.0.18]
	at org.apache.coyote.http11.Http11Processor.service(Http11Processor.java:397) ~[tomcat-embed-core-11.0.18.jar:11.0.18]
	at org.apache.coyote.AbstractProcessorLight.process(AbstractProcessorLight.java:63) ~[tomcat-embed-core-11.0.18.jar:11.0.18]
	at org.apache.coyote.AbstractProtocol$ConnectionHandler.process(AbstractProtocol.java:903) ~[tomcat-embed-core-11.0.18.jar:11.0.18]
	at org.apache.tomcat.util.net.NioEndpoint$SocketProcessor.doRun(NioEndpoint.java:1779) ~[tomcat-embed-core-11.0.18.jar:11.0.18]
	at org.apache.tomcat.util.net.SocketProcessorBase.run(SocketProcessorBase.java:52) ~[tomcat-embed-core-11.0.18.jar:11.0.18]
	at org.apache.tomcat.util.threads.ThreadPoolExecutor.runWorker(ThreadPoolExecutor.java:946) ~[tomcat-embed-core-11.0.18.jar:11.0.18]
	at org.apache.tomcat.util.threads.ThreadPoolExecutor$Worker.run(ThreadPoolExecutor.java:480) ~[tomcat-embed-core-11.0.18.jar:11.0.18]
	at org.apache.tomcat.util.threads.TaskThread$WrappingRunnable.run(TaskThread.java:57) ~[tomcat-embed-core-11.0.18.jar:11.0.18]
	at java.base/java.lang.Thread.run(Thread.java:1583) ~[na:na]

2026-03-29T23:41:08.903+08:00  INFO 16728 --- [user-service] [http-nio-9003-exec-4] c.c.u.aspect.BusinessLogAspect           : ========== 业务操作结束 ==========
2026-03-29T23:41:08.903+08:00  INFO 16728 --- [user-service] [http-nio-9003-exec-4] c.c.u.aspect.BusinessLogAspect           : 执行耗时：545ms
2026-03-29T23:41:08.903+08:00  INFO 16728 --- [user-service] [http-nio-9003-exec-4] c.c.u.aspect.BusinessLogAspect           : 执行状态：失败
2026-03-29T23:41:11.720+08:00  INFO 16728 --- [user-service] [http-nio-9003-exec-2] c.c.u.aspect.BusinessLogAspect           : ========== 业务操作开始 ==========
2026-03-29T23:41:11.720+08:00  INFO 16728 --- [user-service] [http-nio-9003-exec-2] c.c.u.aspect.BusinessLogAspect           : 时间：2026-03-29 23:41:11.720
2026-03-29T23:41:11.720+08:00  INFO 16728 --- [user-service] [http-nio-9003-exec-2] c.c.u.aspect.BusinessLogAspect           : 接口：POST /user/register
2026-03-29T23:41:11.720+08:00  INFO 16728 --- [user-service] [http-nio-9003-exec-2] c.c.u.aspect.BusinessLogAspect           : 类名：UserServiceImpl.register
2026-03-29T23:41:11.720+08:00  INFO 16728 --- [user-service] [http-nio-9003-exec-2] c.c.u.aspect.BusinessLogAspect           : 业务描述：用户注册
2026-03-29T23:41:11.720+08:00  INFO 16728 --- [user-service] [http-nio-9003-exec-2] c.c.u.aspect.BusinessLogAspect           : 业务类型：用户认证
2026-03-29T23:41:11.720+08:00  INFO 16728 --- [user-service] [http-nio-9003-exec-2] c.c.u.aspect.BusinessLogAspect           : 请求参数：["13800000000","1346798520"]
2026-03-29T23:41:11.752+08:00  INFO 16728 --- [user-service] [http-nio-9003-exec-2] c.c.u.aspect.BusinessLogAspect           : ========== 业务操作结束 ==========
2026-03-29T23:41:11.752+08:00  INFO 16728 --- [user-service] [http-nio-9003-exec-2] c.c.u.aspect.BusinessLogAspect           : 执行耗时：32ms
2026-03-29T23:41:11.752+08:00  INFO 16728 --- [user-service] [http-nio-9003-exec-2] c.c.u.aspect.BusinessLogAspect           : 执行状态：成功
2026-03-29T23:41:17.288+08:00  INFO 16728 --- [user-service] [http-nio-9003-exec-8] c.c.u.aspect.BusinessLogAspect           : ========== 业务操作开始 ==========
2026-03-29T23:41:17.288+08:00  INFO 16728 --- [user-service] [http-nio-9003-exec-8] c.c.u.aspect.BusinessLogAspect           : 时间：2026-03-29 23:41:17.288
2026-03-29T23:41:17.288+08:00  INFO 16728 --- [user-service] [http-nio-9003-exec-8] c.c.u.aspect.BusinessLogAspect           : 接口：POST /user/login
2026-03-29T23:41:17.288+08:00  INFO 16728 --- [user-service] [http-nio-9003-exec-8] c.c.u.aspect.BusinessLogAspect           : 类名：UserServiceImpl.login
2026-03-29T23:41:17.288+08:00  INFO 16728 --- [user-service] [http-nio-9003-exec-8] c.c.u.aspect.BusinessLogAspect           : 业务描述：用户登录
2026-03-29T23:41:17.288+08:00  INFO 16728 --- [user-service] [http-nio-9003-exec-8] c.c.u.aspect.BusinessLogAspect           : 业务类型：用户认证
2026-03-29T23:41:17.289+08:00  INFO 16728 --- [user-service] [http-nio-9003-exec-8] c.c.u.aspect.BusinessLogAspect           : 请求参数：["13800000000","1346798520"]
2026-03-29T23:41:17.347+08:00  INFO 16728 --- [user-service] [http-nio-9003-exec-8] c.c.u.aspect.BusinessLogAspect           : ========== 业务操作结束 ==========
2026-03-29T23:41:17.347+08:00  INFO 16728 --- [user-service] [http-nio-9003-exec-8] c.c.u.aspect.BusinessLogAspect           : 执行耗时：58ms
2026-03-29T23:41:17.347+08:00  INFO 16728 --- [user-service] [http-nio-9003-exec-8] c.c.u.aspect.BusinessLogAspect           : 执行状态：成功
2026-03-29T23:41:19.474+08:00  INFO 16728 --- [user-service] [http-nio-9003-exec-6] c.c.u.aspect.BusinessLogAspect           : ========== 业务操作开始 ==========
2026-03-29T23:41:19.475+08:00  INFO 16728 --- [user-service] [http-nio-9003-exec-6] c.c.u.aspect.BusinessLogAspect           : 时间：2026-03-29 23:41:19.475
2026-03-29T23:41:19.475+08:00  INFO 16728 --- [user-service] [http-nio-9003-exec-6] c.c.u.aspect.BusinessLogAspect           : 接口：GET /user/patient/list
2026-03-29T23:41:19.475+08:00  INFO 16728 --- [user-service] [http-nio-9003-exec-6] c.c.u.aspect.BusinessLogAspect           : 类名：PatientServiceImpl.getPatients
2026-03-29T23:41:19.475+08:00  INFO 16728 --- [user-service] [http-nio-9003-exec-6] c.c.u.aspect.BusinessLogAspect           : 业务描述：查询就诊人列表
2026-03-29T23:41:19.475+08:00  INFO 16728 --- [user-service] [http-nio-9003-exec-6] c.c.u.aspect.BusinessLogAspect           : 业务类型：就诊人管理
2026-03-29T23:41:19.475+08:00  INFO 16728 --- [user-service] [http-nio-9003-exec-6] c.c.u.aspect.BusinessLogAspect           : 请求参数：[2038280317353099266]
2026-03-29T23:41:19.487+08:00  INFO 16728 --- [user-service] [http-nio-9003-exec-6] c.c.u.aspect.BusinessLogAspect           : ========== 业务操作结束 ==========
2026-03-29T23:41:19.487+08:00  INFO 16728 --- [user-service] [http-nio-9003-exec-6] c.c.u.aspect.BusinessLogAspect           : 执行耗时：12ms
2026-03-29T23:41:19.487+08:00  INFO 16728 --- [user-service] [http-nio-9003-exec-6] c.c.u.aspect.BusinessLogAspect           : 执行状态：成功
2026-03-29T23:41:20.494+08:00  INFO 32208 --- [order-service] [http-nio-9004-exec-9] c.c.o.aspect.BusinessLogAspect           : ========== 业务操作开始 ==========
2026-03-29T23:41:20.494+08:00  INFO 32208 --- [order-service] [http-nio-9004-exec-9] c.c.o.aspect.BusinessLogAspect           : 时间：2026-03-29 23:41:20.494
2026-03-29T23:41:20.494+08:00  INFO 32208 --- [order-service] [http-nio-9004-exec-9] c.c.o.aspect.BusinessLogAspect           : 接口：GET /order/list
2026-03-29T23:41:20.494+08:00  INFO 32208 --- [order-service] [http-nio-9004-exec-9] c.c.o.aspect.BusinessLogAspect           : 类名：OrderServiceImpl.getOrders
2026-03-29T23:41:20.494+08:00  INFO 32208 --- [order-service] [http-nio-9004-exec-9] c.c.o.aspect.BusinessLogAspect           : 业务描述：查询用户订单列表
2026-03-29T23:41:20.494+08:00  INFO 32208 --- [order-service] [http-nio-9004-exec-9] c.c.o.aspect.BusinessLogAspect           : 业务类型：订单查询
2026-03-29T23:41:20.494+08:00  INFO 32208 --- [order-service] [http-nio-9004-exec-9] c.c.o.aspect.BusinessLogAspect           : 请求参数：[2038280317353099266]
2026-03-29T23:41:20.501+08:00  INFO 32208 --- [order-service] [http-nio-9004-exec-9] c.c.o.aspect.BusinessLogAspect           : ========== 业务操作结束 ==========
2026-03-29T23:41:20.501+08:00  INFO 32208 --- [order-service] [http-nio-9004-exec-9] c.c.o.aspect.BusinessLogAspect           : 执行耗时：7ms
2026-03-29T23:41:20.501+08:00  INFO 32208 --- [order-service] [http-nio-9004-exec-9] c.c.o.aspect.BusinessLogAspect           : 执行状态：成功
2026-03-29T23:41:20.882+08:00  INFO 16728 --- [user-service] [http-nio-9003-exec-10] c.c.u.aspect.BusinessLogAspect           : ========== 业务操作开始 ==========
2026-03-29T23:41:20.882+08:00  INFO 16728 --- [user-service] [http-nio-9003-exec-10] c.c.u.aspect.BusinessLogAspect           : 时间：2026-03-29 23:41:20.882
2026-03-29T23:41:20.882+08:00  INFO 16728 --- [user-service] [http-nio-9003-exec-10] c.c.u.aspect.BusinessLogAspect           : 接口：GET /user/patient/list
2026-03-29T23:41:20.882+08:00  INFO 16728 --- [user-service] [http-nio-9003-exec-10] c.c.u.aspect.BusinessLogAspect           : 类名：PatientServiceImpl.getPatients
2026-03-29T23:41:20.882+08:00  INFO 16728 --- [user-service] [http-nio-9003-exec-10] c.c.u.aspect.BusinessLogAspect           : 业务描述：查询就诊人列表
2026-03-29T23:41:20.882+08:00  INFO 16728 --- [user-service] [http-nio-9003-exec-10] c.c.u.aspect.BusinessLogAspect           : 业务类型：就诊人管理
2026-03-29T23:41:20.882+08:00  INFO 16728 --- [user-service] [http-nio-9003-exec-10] c.c.u.aspect.BusinessLogAspect           : 请求参数：[2038280317353099266]
2026-03-29T23:41:20.890+08:00  INFO 16728 --- [user-service] [http-nio-9003-exec-10] c.c.u.aspect.BusinessLogAspect           : ========== 业务操作结束 ==========
2026-03-29T23:41:20.890+08:00  INFO 16728 --- [user-service] [http-nio-9003-exec-10] c.c.u.aspect.BusinessLogAspect           : 执行耗时：8ms
2026-03-29T23:41:20.890+08:00  INFO 16728 --- [user-service] [http-nio-9003-exec-10] c.c.u.aspect.BusinessLogAspect           : 执行状态：成功
2026-03-29T23:41:33.723+08:00  INFO 16728 --- [user-service] [http-nio-9003-exec-1] c.c.u.aspect.BusinessLogAspect           : ========== 业务操作开始 ==========
2026-03-29T23:41:33.723+08:00  INFO 16728 --- [user-service] [http-nio-9003-exec-1] c.c.u.aspect.BusinessLogAspect           : 时间：2026-03-29 23:41:33.723
2026-03-29T23:41:33.723+08:00  INFO 16728 --- [user-service] [http-nio-9003-exec-1] c.c.u.aspect.BusinessLogAspect           : 接口：POST /user/patient/insert
2026-03-29T23:41:33.723+08:00  INFO 16728 --- [user-service] [http-nio-9003-exec-1] c.c.u.aspect.BusinessLogAspect           : 类名：PatientServiceImpl.insertPatient
2026-03-29T23:41:33.723+08:00  INFO 16728 --- [user-service] [http-nio-9003-exec-1] c.c.u.aspect.BusinessLogAspect           : 业务描述：添加就诊人
2026-03-29T23:41:33.723+08:00  INFO 16728 --- [user-service] [http-nio-9003-exec-1] c.c.u.aspect.BusinessLogAspect           : 业务类型：就诊人管理
2026-03-29T23:41:33.732+08:00  INFO 16728 --- [user-service] [http-nio-9003-exec-1] c.c.u.aspect.BusinessLogAspect           : 请求参数：[2038280317353099266,{"gender":1,"idCard":"441581200112011412","name":"chen","phone":"13542748103"}]
2026-03-29T23:41:33.760+08:00  INFO 16728 --- [user-service] [http-nio-9003-exec-1] c.c.u.aspect.BusinessLogAspect           : ========== 业务操作结束 ==========
2026-03-29T23:41:33.760+08:00  INFO 16728 --- [user-service] [http-nio-9003-exec-1] c.c.u.aspect.BusinessLogAspect           : 执行耗时：27ms
2026-03-29T23:41:33.760+08:00  INFO 16728 --- [user-service] [http-nio-9003-exec-1] c.c.u.aspect.BusinessLogAspect           : 执行状态：成功
2026-03-29T23:41:34.752+08:00  INFO 16728 --- [user-service] [http-nio-9003-exec-3] c.c.u.aspect.BusinessLogAspect           : ========== 业务操作开始 ==========
2026-03-29T23:41:34.753+08:00  INFO 16728 --- [user-service] [http-nio-9003-exec-3] c.c.u.aspect.BusinessLogAspect           : 时间：2026-03-29 23:41:34.753
2026-03-29T23:41:34.753+08:00  INFO 16728 --- [user-service] [http-nio-9003-exec-3] c.c.u.aspect.BusinessLogAspect           : 接口：GET /user/patient/list
2026-03-29T23:41:34.753+08:00  INFO 16728 --- [user-service] [http-nio-9003-exec-3] c.c.u.aspect.BusinessLogAspect           : 类名：PatientServiceImpl.getPatients
2026-03-29T23:41:34.753+08:00  INFO 16728 --- [user-service] [http-nio-9003-exec-3] c.c.u.aspect.BusinessLogAspect           : 业务描述：查询就诊人列表
2026-03-29T23:41:34.753+08:00  INFO 16728 --- [user-service] [http-nio-9003-exec-3] c.c.u.aspect.BusinessLogAspect           : 业务类型：就诊人管理
2026-03-29T23:41:34.753+08:00  INFO 16728 --- [user-service] [http-nio-9003-exec-3] c.c.u.aspect.BusinessLogAspect           : 请求参数：[2038280317353099266]
2026-03-29T23:41:34.774+08:00  INFO 16728 --- [user-service] [http-nio-9003-exec-3] c.c.u.aspect.BusinessLogAspect           : ========== 业务操作结束 ==========
2026-03-29T23:41:34.774+08:00  INFO 16728 --- [user-service] [http-nio-9003-exec-3] c.c.u.aspect.BusinessLogAspect           : 执行耗时：21ms
2026-03-29T23:41:34.774+08:00  INFO 16728 --- [user-service] [http-nio-9003-exec-3] c.c.u.aspect.BusinessLogAspect           : 执行状态：成功
2026-03-29T23:41:36.032+08:00  INFO 32208 --- [order-service] [http-nio-9004-exec-10] c.c.o.aspect.BusinessLogAspect           : ========== 业务操作开始 ==========
2026-03-29T23:41:36.033+08:00  INFO 32208 --- [order-service] [http-nio-9004-exec-10] c.c.o.aspect.BusinessLogAspect           : 时间：2026-03-29 23:41:36.033
2026-03-29T23:41:36.033+08:00  INFO 32208 --- [order-service] [http-nio-9004-exec-10] c.c.o.aspect.BusinessLogAspect           : 接口：GET /order/list
2026-03-29T23:41:36.033+08:00  INFO 32208 --- [order-service] [http-nio-9004-exec-10] c.c.o.aspect.BusinessLogAspect           : 类名：OrderServiceImpl.getOrders
2026-03-29T23:41:36.033+08:00  INFO 32208 --- [order-service] [http-nio-9004-exec-10] c.c.o.aspect.BusinessLogAspect           : 业务描述：查询用户订单列表
2026-03-29T23:41:36.033+08:00  INFO 32208 --- [order-service] [http-nio-9004-exec-10] c.c.o.aspect.BusinessLogAspect           : 业务类型：订单查询
2026-03-29T23:41:36.033+08:00  INFO 32208 --- [order-service] [http-nio-9004-exec-10] c.c.o.aspect.BusinessLogAspect           : 请求参数：[2038280317353099266]
2026-03-29T23:41:36.042+08:00  INFO 32208 --- [order-service] [http-nio-9004-exec-10] c.c.o.aspect.BusinessLogAspect           : ========== 业务操作结束 ==========
2026-03-29T23:41:36.042+08:00  INFO 32208 --- [order-service] [http-nio-9004-exec-10] c.c.o.aspect.BusinessLogAspect           : 执行耗时：9ms
2026-03-29T23:41:36.042+08:00  INFO 32208 --- [order-service] [http-nio-9004-exec-10] c.c.o.aspect.BusinessLogAspect           : 执行状态：成功
2026-03-29T23:41:36.824+08:00  INFO 22204 --- [doctor-service] [http-nio-9002-exec-5] c.c.d.aspect.BusinessLogAspect           : [业务] 排班查询 - ScheduleServiceImpl.findDetailByDate - 查询排班详情（缓存优化）
2026-03-29T23:41:37.640+08:00  INFO 32208 --- [order-service] [http-nio-9004-exec-1] c.c.o.aspect.BusinessLogAspect           : ========== 业务操作开始 ==========
2026-03-29T23:41:37.640+08:00  INFO 32208 --- [order-service] [http-nio-9004-exec-1] c.c.o.aspect.BusinessLogAspect           : 时间：2026-03-29 23:41:37.640
2026-03-29T23:41:37.640+08:00  INFO 32208 --- [order-service] [http-nio-9004-exec-1] c.c.o.aspect.BusinessLogAspect           : 接口：GET /order/list
2026-03-29T23:41:37.640+08:00  INFO 32208 --- [order-service] [http-nio-9004-exec-1] c.c.o.aspect.BusinessLogAspect           : 类名：OrderServiceImpl.getOrders
2026-03-29T23:41:37.640+08:00  INFO 32208 --- [order-service] [http-nio-9004-exec-1] c.c.o.aspect.BusinessLogAspect           : 业务描述：查询用户订单列表
2026-03-29T23:41:37.640+08:00  INFO 32208 --- [order-service] [http-nio-9004-exec-1] c.c.o.aspect.BusinessLogAspect           : 业务类型：订单查询
2026-03-29T23:41:37.640+08:00  INFO 32208 --- [order-service] [http-nio-9004-exec-1] c.c.o.aspect.BusinessLogAspect           : 请求参数：[2038280317353099266]
2026-03-29T23:41:37.647+08:00  INFO 32208 --- [order-service] [http-nio-9004-exec-1] c.c.o.aspect.BusinessLogAspect           : ========== 业务操作结束 ==========
2026-03-29T23:41:37.647+08:00  INFO 32208 --- [order-service] [http-nio-9004-exec-1] c.c.o.aspect.BusinessLogAspect           : 执行耗时：7ms
2026-03-29T23:41:37.647+08:00  INFO 32208 --- [order-service] [http-nio-9004-exec-1] c.c.o.aspect.BusinessLogAspect           : 执行状态：成功
2026-03-29T23:41:38.338+08:00  INFO 22204 --- [doctor-service] [http-nio-9002-exec-6] c.c.d.aspect.BusinessLogAspect           : [业务] 排班查询 - ScheduleServiceImpl.findDetailByDate - 查询排班详情（缓存优化）
2026-03-29T23:41:39.206+08:00  INFO 16728 --- [user-service] [http-nio-9003-exec-9] c.c.u.aspect.BusinessLogAspect           : ========== 业务操作开始 ==========
2026-03-29T23:41:39.206+08:00  INFO 16728 --- [user-service] [http-nio-9003-exec-9] c.c.u.aspect.BusinessLogAspect           : 时间：2026-03-29 23:41:39.206
2026-03-29T23:41:39.206+08:00  INFO 16728 --- [user-service] [http-nio-9003-exec-9] c.c.u.aspect.BusinessLogAspect           : 接口：GET /user/patient/list
2026-03-29T23:41:39.206+08:00  INFO 16728 --- [user-service] [http-nio-9003-exec-9] c.c.u.aspect.BusinessLogAspect           : 类名：PatientServiceImpl.getPatients
2026-03-29T23:41:39.206+08:00  INFO 16728 --- [user-service] [http-nio-9003-exec-9] c.c.u.aspect.BusinessLogAspect           : 业务描述：查询就诊人列表
2026-03-29T23:41:39.206+08:00  INFO 16728 --- [user-service] [http-nio-9003-exec-9] c.c.u.aspect.BusinessLogAspect           : 业务类型：就诊人管理
2026-03-29T23:41:39.206+08:00  INFO 16728 --- [user-service] [http-nio-9003-exec-9] c.c.u.aspect.BusinessLogAspect           : 请求参数：[2038280317353099266]
2026-03-29T23:41:39.209+08:00  INFO 16728 --- [user-service] [http-nio-9003-exec-9] c.c.u.aspect.BusinessLogAspect           : ========== 业务操作结束 ==========
2026-03-29T23:41:39.209+08:00  INFO 16728 --- [user-service] [http-nio-9003-exec-9] c.c.u.aspect.BusinessLogAspect           : 执行耗时：3ms
2026-03-29T23:41:39.209+08:00  INFO 16728 --- [user-service] [http-nio-9003-exec-9] c.c.u.aspect.BusinessLogAspect           : 执行状态：成功
2026-03-29T23:41:39.976+08:00  INFO 32208 --- [order-service] [http-nio-9004-exec-2] c.c.o.aspect.BusinessLogAspect           : ========== 业务操作开始 ==========
2026-03-29T23:41:39.976+08:00  INFO 32208 --- [order-service] [http-nio-9004-exec-2] c.c.o.aspect.BusinessLogAspect           : 时间：2026-03-29 23:41:39.976
2026-03-29T23:41:39.976+08:00  INFO 32208 --- [order-service] [http-nio-9004-exec-2] c.c.o.aspect.BusinessLogAspect           : 接口：POST /order/create
2026-03-29T23:41:39.976+08:00  INFO 32208 --- [order-service] [http-nio-9004-exec-2] c.c.o.aspect.BusinessLogAspect           : 类名：OrderServiceImpl.createOrder
2026-03-29T23:41:39.976+08:00  INFO 32208 --- [order-service] [http-nio-9004-exec-2] c.c.o.aspect.BusinessLogAspect           : 业务描述：创建订单（MQ 异步）
2026-03-29T23:41:39.976+08:00  INFO 32208 --- [order-service] [http-nio-9004-exec-2] c.c.o.aspect.BusinessLogAspect           : 业务类型：订单管理
2026-03-29T23:41:39.976+08:00  INFO 32208 --- [order-service] [http-nio-9004-exec-2] c.c.o.aspect.BusinessLogAspect           : 请求参数：[2038280317353099266,121567537403935,202603292037]
2026-03-29T23:41:39.978+08:00  INFO 22204 --- [doctor-service] [http-nio-9002-exec-7] c.c.d.aspect.BusinessLogAspect           : [业务] 挂号下单 - ScheduleServiceImpl.deductAvailableNum - 扣减号源库存
2026-03-29T23:41:39.987+08:00  INFO 16728 --- [user-service] [http-nio-9003-exec-5] c.c.u.aspect.BusinessLogAspect           : ========== 业务操作开始 ==========
2026-03-29T23:41:39.987+08:00  INFO 16728 --- [user-service] [http-nio-9003-exec-5] c.c.u.aspect.BusinessLogAspect           : 时间：2026-03-29 23:41:39.987
2026-03-29T23:41:39.987+08:00  INFO 16728 --- [user-service] [http-nio-9003-exec-5] c.c.u.aspect.BusinessLogAspect           : 接口：GET /user/patient/list
2026-03-29T23:41:39.987+08:00  INFO 16728 --- [user-service] [http-nio-9003-exec-5] c.c.u.aspect.BusinessLogAspect           : 类名：PatientServiceImpl.getPatients
2026-03-29T23:41:39.987+08:00  INFO 16728 --- [user-service] [http-nio-9003-exec-5] c.c.u.aspect.BusinessLogAspect           : 业务描述：查询就诊人列表
2026-03-29T23:41:39.987+08:00  INFO 16728 --- [user-service] [http-nio-9003-exec-5] c.c.u.aspect.BusinessLogAspect           : 业务类型：就诊人管理
2026-03-29T23:41:39.987+08:00  INFO 16728 --- [user-service] [http-nio-9003-exec-5] c.c.u.aspect.BusinessLogAspect           : 请求参数：[2038280317353099266]
2026-03-29T23:41:39.989+08:00  INFO 16728 --- [user-service] [http-nio-9003-exec-5] c.c.u.aspect.BusinessLogAspect           : ========== 业务操作结束 ==========
2026-03-29T23:41:39.989+08:00  INFO 16728 --- [user-service] [http-nio-9003-exec-5] c.c.u.aspect.BusinessLogAspect           : 执行耗时：2ms
2026-03-29T23:41:39.989+08:00  INFO 16728 --- [user-service] [http-nio-9003-exec-5] c.c.u.aspect.BusinessLogAspect           : 执行状态：成功
2026-03-29T23:41:40.055+08:00  INFO 32208 --- [order-service] [http-nio-9004-exec-2] c.c.o.aspect.BusinessLogAspect           : ========== 业务操作结束 ==========
2026-03-29T23:41:40.055+08:00  INFO 32208 --- [order-service] [http-nio-9004-exec-2] c.c.o.aspect.BusinessLogAspect           : 执行耗时：79ms
2026-03-29T23:41:40.055+08:00  INFO 32208 --- [order-service] [http-nio-9004-exec-2] c.c.o.aspect.BusinessLogAspect           : 执行状态：成功
2026-03-29T23:41:40.771+08:00  INFO 22204 --- [doctor-service] [http-nio-9002-exec-9] c.c.d.aspect.BusinessLogAspect           : [业务] 排班查询 - ScheduleServiceImpl.findDetailByDate - 查询排班详情（缓存优化）
2026-03-29T23:41:41.582+08:00  INFO 32208 --- [order-service] [http-nio-9004-exec-3] c.c.o.aspect.BusinessLogAspect           : ========== 业务操作开始 ==========
2026-03-29T23:41:41.582+08:00  INFO 32208 --- [order-service] [http-nio-9004-exec-3] c.c.o.aspect.BusinessLogAspect           : 时间：2026-03-29 23:41:41.582
2026-03-29T23:41:41.582+08:00  INFO 32208 --- [order-service] [http-nio-9004-exec-3] c.c.o.aspect.BusinessLogAspect           : 接口：GET /order/list
2026-03-29T23:41:41.583+08:00  INFO 32208 --- [order-service] [http-nio-9004-exec-3] c.c.o.aspect.BusinessLogAspect           : 类名：OrderServiceImpl.getOrders
2026-03-29T23:41:41.583+08:00  INFO 32208 --- [order-service] [http-nio-9004-exec-3] c.c.o.aspect.BusinessLogAspect           : 业务描述：查询用户订单列表
2026-03-29T23:41:41.583+08:00  INFO 32208 --- [order-service] [http-nio-9004-exec-3] c.c.o.aspect.BusinessLogAspect           : 业务类型：订单查询
2026-03-29T23:41:41.583+08:00  INFO 32208 --- [order-service] [http-nio-9004-exec-3] c.c.o.aspect.BusinessLogAspect           : 请求参数：[2038280317353099266]
2026-03-29T23:41:41.618+08:00  INFO 32208 --- [order-service] [http-nio-9004-exec-3] c.c.o.aspect.BusinessLogAspect           : ========== 业务操作结束 ==========
2026-03-29T23:41:41.618+08:00  INFO 32208 --- [order-service] [http-nio-9004-exec-3] c.c.o.aspect.BusinessLogAspect           : 执行耗时：35ms
2026-03-29T23:41:41.618+08:00  INFO 32208 --- [order-service] [http-nio-9004-exec-3] c.c.o.aspect.BusinessLogAspect           : 执行状态：成功
2026-03-29T23:41:46.583+08:00  INFO 32208 --- [order-service] [http-nio-9004-exec-5] c.c.o.aspect.BusinessLogAspect           : ========== 业务操作开始 ==========
2026-03-29T23:41:46.583+08:00  INFO 32208 --- [order-service] [http-nio-9004-exec-5] c.c.o.aspect.BusinessLogAspect           : 时间：2026-03-29 23:41:46.583
2026-03-29T23:41:46.584+08:00  INFO 32208 --- [order-service] [http-nio-9004-exec-5] c.c.o.aspect.BusinessLogAspect           : 接口：GET /order/list
2026-03-29T23:41:46.584+08:00  INFO 32208 --- [order-service] [http-nio-9004-exec-5] c.c.o.aspect.BusinessLogAspect           : 类名：OrderServiceImpl.getOrders
2026-03-29T23:41:46.584+08:00  INFO 32208 --- [order-service] [http-nio-9004-exec-5] c.c.o.aspect.BusinessLogAspect           : 业务描述：查询用户订单列表
2026-03-29T23:41:46.584+08:00  INFO 32208 --- [order-service] [http-nio-9004-exec-5] c.c.o.aspect.BusinessLogAspect           : 业务类型：订单查询
2026-03-29T23:41:46.584+08:00  INFO 32208 --- [order-service] [http-nio-9004-exec-5] c.c.o.aspect.BusinessLogAspect           : 请求参数：[2038280317353099266]
2026-03-29T23:41:46.591+08:00  INFO 32208 --- [order-service] [http-nio-9004-exec-5] c.c.o.aspect.BusinessLogAspect           : ========== 业务操作结束 ==========
2026-03-29T23:41:46.591+08:00  INFO 32208 --- [order-service] [http-nio-9004-exec-5] c.c.o.aspect.BusinessLogAspect           : 执行耗时：7ms
2026-03-29T23:41:46.591+08:00  INFO 32208 --- [order-service] [http-nio-9004-exec-5] c.c.o.aspect.BusinessLogAspect           : 执行状态：成功
2026-03-29T23:41:48.230+08:00  INFO 22204 --- [doctor-service] [http-nio-9002-exec-10] c.c.d.aspect.BusinessLogAspect           : [业务] 排班查询 - ScheduleServiceImpl.findDetailByDate - 查询排班详情（缓存优化）
2026-03-29T23:41:48.848+08:00  INFO 32208 --- [order-service] [http-nio-9004-exec-4] c.c.o.aspect.BusinessLogAspect           : ========== 业务操作开始 ==========
2026-03-29T23:41:48.848+08:00  INFO 32208 --- [order-service] [http-nio-9004-exec-4] c.c.o.aspect.BusinessLogAspect           : 时间：2026-03-29 23:41:48.848
2026-03-29T23:41:48.848+08:00  INFO 32208 --- [order-service] [http-nio-9004-exec-4] c.c.o.aspect.BusinessLogAspect           : 接口：GET /order/list
2026-03-29T23:41:48.848+08:00  INFO 32208 --- [order-service] [http-nio-9004-exec-4] c.c.o.aspect.BusinessLogAspect           : 类名：OrderServiceImpl.getOrders
2026-03-29T23:41:48.848+08:00  INFO 32208 --- [order-service] [http-nio-9004-exec-4] c.c.o.aspect.BusinessLogAspect           : 业务描述：查询用户订单列表
2026-03-29T23:41:48.848+08:00  INFO 32208 --- [order-service] [http-nio-9004-exec-4] c.c.o.aspect.BusinessLogAspect           : 业务类型：订单查询
2026-03-29T23:41:48.849+08:00  INFO 32208 --- [order-service] [http-nio-9004-exec-4] c.c.o.aspect.BusinessLogAspect           : 请求参数：[2038280317353099266]
2026-03-29T23:41:48.853+08:00  INFO 32208 --- [order-service] [http-nio-9004-exec-4] c.c.o.aspect.BusinessLogAspect           : ========== 业务操作结束 ==========
2026-03-29T23:41:48.853+08:00  INFO 32208 --- [order-service] [http-nio-9004-exec-4] c.c.o.aspect.BusinessLogAspect           : 执行耗时：4ms
2026-03-29T23:41:48.853+08:00  INFO 32208 --- [order-service] [http-nio-9004-exec-4] c.c.o.aspect.BusinessLogAspect           : 执行状态：成功
2026-03-29T23:41:50.394+08:00  INFO 16728 --- [user-service] [http-nio-9003-exec-4] c.c.u.aspect.BusinessLogAspect           : ========== 业务操作开始 ==========
2026-03-29T23:41:50.394+08:00  INFO 16728 --- [user-service] [http-nio-9003-exec-4] c.c.u.aspect.BusinessLogAspect           : 时间：2026-03-29 23:41:50.394
2026-03-29T23:41:50.394+08:00  INFO 16728 --- [user-service] [http-nio-9003-exec-4] c.c.u.aspect.BusinessLogAspect           : 接口：GET /user/patient/list
2026-03-29T23:41:50.394+08:00  INFO 16728 --- [user-service] [http-nio-9003-exec-4] c.c.u.aspect.BusinessLogAspect           : 类名：PatientServiceImpl.getPatients
2026-03-29T23:41:50.394+08:00  INFO 16728 --- [user-service] [http-nio-9003-exec-4] c.c.u.aspect.BusinessLogAspect           : 业务描述：查询就诊人列表
2026-03-29T23:41:50.394+08:00  INFO 16728 --- [user-service] [http-nio-9003-exec-4] c.c.u.aspect.BusinessLogAspect           : 业务类型：就诊人管理
2026-03-29T23:41:50.394+08:00  INFO 16728 --- [user-service] [http-nio-9003-exec-4] c.c.u.aspect.BusinessLogAspect           : 请求参数：[2038280317353099266]
2026-03-29T23:41:50.397+08:00  INFO 16728 --- [user-service] [http-nio-9003-exec-4] c.c.u.aspect.BusinessLogAspect           : ========== 业务操作结束 ==========
2026-03-29T23:41:50.397+08:00  INFO 16728 --- [user-service] [http-nio-9003-exec-4] c.c.u.aspect.BusinessLogAspect           : 执行耗时：3ms
2026-03-29T23:41:50.397+08:00  INFO 16728 --- [user-service] [http-nio-9003-exec-4] c.c.u.aspect.BusinessLogAspect           : 执行状态：成功
2026-03-29T23:41:50.877+08:00  INFO 32208 --- [order-service] [http-nio-9004-exec-6] c.c.o.aspect.BusinessLogAspect           : ========== 业务操作开始 ==========
2026-03-29T23:41:50.877+08:00  INFO 32208 --- [order-service] [http-nio-9004-exec-6] c.c.o.aspect.BusinessLogAspect           : 时间：2026-03-29 23:41:50.877
2026-03-29T23:41:50.877+08:00  INFO 32208 --- [order-service] [http-nio-9004-exec-6] c.c.o.aspect.BusinessLogAspect           : 接口：GET /order/list
2026-03-29T23:41:50.877+08:00  INFO 32208 --- [order-service] [http-nio-9004-exec-6] c.c.o.aspect.BusinessLogAspect           : 类名：OrderServiceImpl.getOrders
2026-03-29T23:41:50.877+08:00  INFO 32208 --- [order-service] [http-nio-9004-exec-6] c.c.o.aspect.BusinessLogAspect           : 业务描述：查询用户订单列表
2026-03-29T23:41:50.877+08:00  INFO 32208 --- [order-service] [http-nio-9004-exec-6] c.c.o.aspect.BusinessLogAspect           : 业务类型：订单查询
2026-03-29T23:41:50.877+08:00  INFO 32208 --- [order-service] [http-nio-9004-exec-6] c.c.o.aspect.BusinessLogAspect           : 请求参数：[2038280317353099266]
2026-03-29T23:41:50.882+08:00  INFO 32208 --- [order-service] [http-nio-9004-exec-6] c.c.o.aspect.BusinessLogAspect           : ========== 业务操作结束 ==========
2026-03-29T23:41:50.882+08:00  INFO 32208 --- [order-service] [http-nio-9004-exec-6] c.c.o.aspect.BusinessLogAspect           : 执行耗时：5ms
2026-03-29T23:41:50.882+08:00  INFO 32208 --- [order-service] [http-nio-9004-exec-6] c.c.o.aspect.BusinessLogAspect           : 执行状态：成功
2026-03-29T23:42:10.644+08:00  INFO 22204 --- [doctor-service] [http-nio-9002-exec-1] c.c.d.aspect.BusinessLogAspect           : [业务] 排班查询 - ScheduleServiceImpl.findDetailByDate - 查询排班详情（缓存优化）
2026-03-29T23:42:11.279+08:00  INFO 32208 --- [order-service] [http-nio-9004-exec-7] c.c.o.aspect.BusinessLogAspect           : ========== 业务操作开始 ==========
2026-03-29T23:42:11.279+08:00  INFO 32208 --- [order-service] [http-nio-9004-exec-7] c.c.o.aspect.BusinessLogAspect           : 时间：2026-03-29 23:42:11.279
2026-03-29T23:42:11.279+08:00  INFO 32208 --- [order-service] [http-nio-9004-exec-7] c.c.o.aspect.BusinessLogAspect           : 接口：GET /order/list
2026-03-29T23:42:11.279+08:00  INFO 32208 --- [order-service] [http-nio-9004-exec-7] c.c.o.aspect.BusinessLogAspect           : 类名：OrderServiceImpl.getOrders
2026-03-29T23:42:11.279+08:00  INFO 32208 --- [order-service] [http-nio-9004-exec-7] c.c.o.aspect.BusinessLogAspect           : 业务描述：查询用户订单列表
2026-03-29T23:42:11.279+08:00  INFO 32208 --- [order-service] [http-nio-9004-exec-7] c.c.o.aspect.BusinessLogAspect           : 业务类型：订单查询
2026-03-29T23:42:11.279+08:00  INFO 32208 --- [order-service] [http-nio-9004-exec-7] c.c.o.aspect.BusinessLogAspect           : 请求参数：[2038280317353099266]
2026-03-29T23:42:11.283+08:00  INFO 32208 --- [order-service] [http-nio-9004-exec-7] c.c.o.aspect.BusinessLogAspect           : ========== 业务操作结束 ==========
2026-03-29T23:42:11.283+08:00  INFO 32208 --- [order-service] [http-nio-9004-exec-7] c.c.o.aspect.BusinessLogAspect           : 执行耗时：4ms
2026-03-29T23:42:11.283+08:00  INFO 32208 --- [order-service] [http-nio-9004-exec-7] c.c.o.aspect.BusinessLogAspect           : 执行状态：成功
2026-03-29T23:42:58.497+08:00  INFO 22204 --- [doctor-service] [http-nio-9002-exec-4] c.c.d.aspect.BusinessLogAspect           : [业务] 排班查询 - ScheduleServiceImpl.findDetailByDate - 查询排班详情（缓存优化）
2026-03-29T23:42:59.147+08:00  INFO 32208 --- [order-service] [http-nio-9004-exec-8] c.c.o.aspect.BusinessLogAspect           : ========== 业务操作开始 ==========
2026-03-29T23:42:59.148+08:00  INFO 32208 --- [order-service] [http-nio-9004-exec-8] c.c.o.aspect.BusinessLogAspect           : 时间：2026-03-29 23:42:59.148
2026-03-29T23:42:59.148+08:00  INFO 32208 --- [order-service] [http-nio-9004-exec-8] c.c.o.aspect.BusinessLogAspect           : 接口：GET /order/list
2026-03-29T23:42:59.148+08:00  INFO 32208 --- [order-service] [http-nio-9004-exec-8] c.c.o.aspect.BusinessLogAspect           : 类名：OrderServiceImpl.getOrders
2026-03-29T23:42:59.148+08:00  INFO 32208 --- [order-service] [http-nio-9004-exec-8] c.c.o.aspect.BusinessLogAspect           : 业务描述：查询用户订单列表
2026-03-29T23:42:59.148+08:00  INFO 32208 --- [order-service] [http-nio-9004-exec-8] c.c.o.aspect.BusinessLogAspect           : 业务类型：订单查询
2026-03-29T23:42:59.148+08:00  INFO 32208 --- [order-service] [http-nio-9004-exec-8] c.c.o.aspect.BusinessLogAspect           : 请求参数：[2038280317353099266]
2026-03-29T23:42:59.152+08:00  INFO 32208 --- [order-service] [http-nio-9004-exec-8] c.c.o.aspect.BusinessLogAspect           : ========== 业务操作结束 ==========
2026-03-29T23:42:59.152+08:00  INFO 32208 --- [order-service] [http-nio-9004-exec-8] c.c.o.aspect.BusinessLogAspect           : 执行耗时：4ms
2026-03-29T23:42:59.152+08:00  INFO 32208 --- [order-service] [http-nio-9004-exec-8] c.c.o.aspect.BusinessLogAspect           : 执行状态：成功
2026-03-29T23:43:06.511+08:00  INFO 16728 --- [user-service] [http-nio-9003-exec-8] c.c.u.aspect.BusinessLogAspect           : ========== 业务操作开始 ==========
2026-03-29T23:43:06.512+08:00  INFO 16728 --- [user-service] [http-nio-9003-exec-8] c.c.u.aspect.BusinessLogAspect           : 时间：2026-03-29 23:43:06.511
2026-03-29T23:43:06.512+08:00  INFO 16728 --- [user-service] [http-nio-9003-exec-8] c.c.u.aspect.BusinessLogAspect           : 接口：GET /user/patient/list
2026-03-29T23:43:06.512+08:00  INFO 16728 --- [user-service] [http-nio-9003-exec-8] c.c.u.aspect.BusinessLogAspect           : 类名：PatientServiceImpl.getPatients
2026-03-29T23:43:06.512+08:00  INFO 16728 --- [user-service] [http-nio-9003-exec-8] c.c.u.aspect.BusinessLogAspect           : 业务描述：查询就诊人列表
2026-03-29T23:43:06.512+08:00  INFO 16728 --- [user-service] [http-nio-9003-exec-8] c.c.u.aspect.BusinessLogAspect           : 业务类型：就诊人管理
2026-03-29T23:43:06.512+08:00  INFO 16728 --- [user-service] [http-nio-9003-exec-8] c.c.u.aspect.BusinessLogAspect           : 请求参数：[2038280317353099266]
2026-03-29T23:43:06.515+08:00  INFO 16728 --- [user-service] [http-nio-9003-exec-8] c.c.u.aspect.BusinessLogAspect           : ========== 业务操作结束 ==========
2026-03-29T23:43:06.515+08:00  INFO 16728 --- [user-service] [http-nio-9003-exec-8] c.c.u.aspect.BusinessLogAspect           : 执行耗时：3ms
2026-03-29T23:43:06.515+08:00  INFO 16728 --- [user-service] [http-nio-9003-exec-8] c.c.u.aspect.BusinessLogAspect           : 执行状态：成功
2026-03-29T23:43:06.943+08:00  INFO 32208 --- [order-service] [http-nio-9004-exec-9] c.c.o.aspect.BusinessLogAspect           : ========== 业务操作开始 ==========
2026-03-29T23:43:06.943+08:00  INFO 32208 --- [order-service] [http-nio-9004-exec-9] c.c.o.aspect.BusinessLogAspect           : 时间：2026-03-29 23:43:06.943
2026-03-29T23:43:06.943+08:00  INFO 32208 --- [order-service] [http-nio-9004-exec-9] c.c.o.aspect.BusinessLogAspect           : 接口：GET /order/list
2026-03-29T23:43:06.943+08:00  INFO 32208 --- [order-service] [http-nio-9004-exec-9] c.c.o.aspect.BusinessLogAspect           : 类名：OrderServiceImpl.getOrders
2026-03-29T23:43:06.943+08:00  INFO 32208 --- [order-service] [http-nio-9004-exec-9] c.c.o.aspect.BusinessLogAspect           : 业务描述：查询用户订单列表
2026-03-29T23:43:06.943+08:00  INFO 32208 --- [order-service] [http-nio-9004-exec-9] c.c.o.aspect.BusinessLogAspect           : 业务类型：订单查询
2026-03-29T23:43:06.943+08:00  INFO 32208 --- [order-service] [http-nio-9004-exec-9] c.c.o.aspect.BusinessLogAspect           : 请求参数：[2038280317353099266]
2026-03-29T23:43:06.948+08:00  INFO 32208 --- [order-service] [http-nio-9004-exec-9] c.c.o.aspect.BusinessLogAspect           : ========== 业务操作结束 ==========
2026-03-29T23:43:06.948+08:00  INFO 32208 --- [order-service] [http-nio-9004-exec-9] c.c.o.aspect.BusinessLogAspect           : 执行耗时：5ms
2026-03-29T23:43:06.948+08:00  INFO 32208 --- [order-service] [http-nio-9004-exec-9] c.c.o.aspect.BusinessLogAspect           : 执行状态：成功
2026-03-29T23:43:07.952+08:00  INFO 16728 --- [user-service] [http-nio-9003-exec-6] c.c.u.aspect.BusinessLogAspect           : ========== 业务操作开始 ==========
2026-03-29T23:43:07.952+08:00  INFO 16728 --- [user-service] [http-nio-9003-exec-6] c.c.u.aspect.BusinessLogAspect           : 时间：2026-03-29 23:43:07.952
2026-03-29T23:43:07.952+08:00  INFO 16728 --- [user-service] [http-nio-9003-exec-6] c.c.u.aspect.BusinessLogAspect           : 接口：GET /user/patient/list
2026-03-29T23:43:07.952+08:00  INFO 16728 --- [user-service] [http-nio-9003-exec-6] c.c.u.aspect.BusinessLogAspect           : 类名：PatientServiceImpl.getPatients
2026-03-29T23:43:07.952+08:00  INFO 16728 --- [user-service] [http-nio-9003-exec-6] c.c.u.aspect.BusinessLogAspect           : 业务描述：查询就诊人列表
2026-03-29T23:43:07.952+08:00  INFO 16728 --- [user-service] [http-nio-9003-exec-6] c.c.u.aspect.BusinessLogAspect           : 业务类型：就诊人管理
2026-03-29T23:43:07.952+08:00  INFO 16728 --- [user-service] [http-nio-9003-exec-6] c.c.u.aspect.BusinessLogAspect           : 请求参数：[2038280317353099266]
2026-03-29T23:43:07.954+08:00  INFO 16728 --- [user-service] [http-nio-9003-exec-6] c.c.u.aspect.BusinessLogAspect           : ========== 业务操作结束 ==========
2026-03-29T23:43:07.954+08:00  INFO 16728 --- [user-service] [http-nio-9003-exec-6] c.c.u.aspect.BusinessLogAspect           : 执行耗时：2ms
2026-03-29T23:43:07.954+08:00  INFO 16728 --- [user-service] [http-nio-9003-exec-6] c.c.u.aspect.BusinessLogAspect           : 执行状态：成功
2026-03-29T23:43:08.527+08:00  INFO 32208 --- [order-service] [http-nio-9004-exec-10] c.c.o.aspect.BusinessLogAspect           : ========== 业务操作开始 ==========
2026-03-29T23:43:08.527+08:00  INFO 32208 --- [order-service] [http-nio-9004-exec-10] c.c.o.aspect.BusinessLogAspect           : 时间：2026-03-29 23:43:08.527
2026-03-29T23:43:08.527+08:00  INFO 32208 --- [order-service] [http-nio-9004-exec-10] c.c.o.aspect.BusinessLogAspect           : 接口：GET /order/list
2026-03-29T23:43:08.527+08:00  INFO 32208 --- [order-service] [http-nio-9004-exec-10] c.c.o.aspect.BusinessLogAspect           : 类名：OrderServiceImpl.getOrders
2026-03-29T23:43:08.527+08:00  INFO 32208 --- [order-service] [http-nio-9004-exec-10] c.c.o.aspect.BusinessLogAspect           : 业务描述：查询用户订单列表
2026-03-29T23:43:08.527+08:00  INFO 32208 --- [order-service] [http-nio-9004-exec-10] c.c.o.aspect.BusinessLogAspect           : 业务类型：订单查询
2026-03-29T23:43:08.527+08:00  INFO 32208 --- [order-service] [http-nio-9004-exec-10] c.c.o.aspect.BusinessLogAspect           : 请求参数：[2038280317353099266]
2026-03-29T23:43:08.532+08:00  INFO 32208 --- [order-service] [http-nio-9004-exec-10] c.c.o.aspect.BusinessLogAspect           : ========== 业务操作结束 ==========
2026-03-29T23:43:08.532+08:00  INFO 32208 --- [order-service] [http-nio-9004-exec-10] c.c.o.aspect.BusinessLogAspect           : 执行耗时：5ms
2026-03-29T23:43:08.532+08:00  INFO 32208 --- [order-service] [http-nio-9004-exec-10] c.c.o.aspect.BusinessLogAspect           : 执行状态：成功
2026-03-29T23:43:09.094+08:00  INFO 22204 --- [doctor-service] [http-nio-9002-exec-3] c.c.d.aspect.BusinessLogAspect           : [业务] 排班查询 - ScheduleServiceImpl.findDetailByDate - 查询排班详情（缓存优化）
2026-03-29T23:43:09.767+08:00  INFO 32208 --- [order-service] [http-nio-9004-exec-1] c.c.o.aspect.BusinessLogAspect           : ========== 业务操作开始 ==========
2026-03-29T23:43:09.767+08:00  INFO 32208 --- [order-service] [http-nio-9004-exec-1] c.c.o.aspect.BusinessLogAspect           : 时间：2026-03-29 23:43:09.767
2026-03-29T23:43:09.767+08:00  INFO 32208 --- [order-service] [http-nio-9004-exec-1] c.c.o.aspect.BusinessLogAspect           : 接口：GET /order/list
2026-03-29T23:43:09.767+08:00  INFO 32208 --- [order-service] [http-nio-9004-exec-1] c.c.o.aspect.BusinessLogAspect           : 类名：OrderServiceImpl.getOrders
2026-03-29T23:43:09.767+08:00  INFO 32208 --- [order-service] [http-nio-9004-exec-1] c.c.o.aspect.BusinessLogAspect           : 业务描述：查询用户订单列表
2026-03-29T23:43:09.767+08:00  INFO 32208 --- [order-service] [http-nio-9004-exec-1] c.c.o.aspect.BusinessLogAspect           : 业务类型：订单查询
2026-03-29T23:43:09.767+08:00  INFO 32208 --- [order-service] [http-nio-9004-exec-1] c.c.o.aspect.BusinessLogAspect           : 请求参数：[2038280317353099266]
2026-03-29T23:43:09.772+08:00  INFO 32208 --- [order-service] [http-nio-9004-exec-1] c.c.o.aspect.BusinessLogAspect           : ========== 业务操作结束 ==========
2026-03-29T23:43:09.772+08:00  INFO 32208 --- [order-service] [http-nio-9004-exec-1] c.c.o.aspect.BusinessLogAspect           : 执行耗时：5ms
2026-03-29T23:43:09.772+08:00  INFO 32208 --- [order-service] [http-nio-9004-exec-1] c.c.o.aspect.BusinessLogAspect           : 执行状态：成功
2026-03-29T23:43:56.988+08:00  INFO 32208 --- [order-service] [http-nio-9004-exec-2] c.c.o.aspect.BusinessLogAspect           : ========== 业务操作开始 ==========
2026-03-29T23:43:56.988+08:00  INFO 32208 --- [order-service] [http-nio-9004-exec-2] c.c.o.aspect.BusinessLogAspect           : 时间：2026-03-29 23:43:56.988
2026-03-29T23:43:56.988+08:00  INFO 32208 --- [order-service] [http-nio-9004-exec-2] c.c.o.aspect.BusinessLogAspect           : 接口：GET /order/list
2026-03-29T23:43:56.988+08:00  INFO 32208 --- [order-service] [http-nio-9004-exec-2] c.c.o.aspect.BusinessLogAspect           : 类名：OrderServiceImpl.getOrders
2026-03-29T23:43:56.988+08:00  INFO 32208 --- [order-service] [http-nio-9004-exec-2] c.c.o.aspect.BusinessLogAspect           : 业务描述：查询用户订单列表
2026-03-29T23:43:56.988+08:00  INFO 32208 --- [order-service] [http-nio-9004-exec-2] c.c.o.aspect.BusinessLogAspect           : 业务类型：订单查询
2026-03-29T23:43:56.988+08:00  INFO 32208 --- [order-service] [http-nio-9004-exec-2] c.c.o.aspect.BusinessLogAspect           : 请求参数：[2038244988630581249]
2026-03-29T23:43:56.998+08:00  INFO 32208 --- [order-service] [http-nio-9004-exec-2] c.c.o.aspect.BusinessLogAspect           : ========== 业务操作结束 ==========
2026-03-29T23:43:56.998+08:00  INFO 32208 --- [order-service] [http-nio-9004-exec-2] c.c.o.aspect.BusinessLogAspect           : 执行耗时：10ms
2026-03-29T23:43:56.998+08:00  INFO 32208 --- [order-service] [http-nio-9004-exec-2] c.c.o.aspect.BusinessLogAspect           : 执行状态：成功
2026-03-29T23:43:57.929+08:00  INFO 16728 --- [user-service] [http-nio-9003-exec-10] c.c.u.aspect.BusinessLogAspect           : ========== 业务操作开始 ==========
2026-03-29T23:43:57.929+08:00  INFO 16728 --- [user-service] [http-nio-9003-exec-10] c.c.u.aspect.BusinessLogAspect           : 时间：2026-03-29 23:43:57.929
2026-03-29T23:43:57.929+08:00  INFO 16728 --- [user-service] [http-nio-9003-exec-10] c.c.u.aspect.BusinessLogAspect           : 接口：GET /user/patient/list
2026-03-29T23:43:57.929+08:00  INFO 16728 --- [user-service] [http-nio-9003-exec-10] c.c.u.aspect.BusinessLogAspect           : 类名：PatientServiceImpl.getPatients
2026-03-29T23:43:57.929+08:00  INFO 16728 --- [user-service] [http-nio-9003-exec-10] c.c.u.aspect.BusinessLogAspect           : 业务描述：查询就诊人列表
2026-03-29T23:43:57.929+08:00  INFO 16728 --- [user-service] [http-nio-9003-exec-10] c.c.u.aspect.BusinessLogAspect           : 业务类型：就诊人管理
2026-03-29T23:43:57.929+08:00  INFO 16728 --- [user-service] [http-nio-9003-exec-10] c.c.u.aspect.BusinessLogAspect           : 请求参数：[2038244988630581249]
2026-03-29T23:43:57.933+08:00  INFO 16728 --- [user-service] [http-nio-9003-exec-10] c.c.u.aspect.BusinessLogAspect           : ========== 业务操作结束 ==========
2026-03-29T23:43:57.933+08:00  INFO 16728 --- [user-service] [http-nio-9003-exec-10] c.c.u.aspect.BusinessLogAspect           : 执行耗时：4ms
2026-03-29T23:43:57.933+08:00  INFO 16728 --- [user-service] [http-nio-9003-exec-10] c.c.u.aspect.BusinessLogAspect           : 执行状态：成功
2026-03-29T23:43:58.320+08:00  INFO 32208 --- [order-service] [http-nio-9004-exec-3] c.c.o.aspect.BusinessLogAspect           : ========== 业务操作开始 ==========
2026-03-29T23:43:58.321+08:00  INFO 32208 --- [order-service] [http-nio-9004-exec-3] c.c.o.aspect.BusinessLogAspect           : 时间：2026-03-29 23:43:58.320
2026-03-29T23:43:58.321+08:00  INFO 32208 --- [order-service] [http-nio-9004-exec-3] c.c.o.aspect.BusinessLogAspect           : 接口：GET /order/list
2026-03-29T23:43:58.321+08:00  INFO 32208 --- [order-service] [http-nio-9004-exec-3] c.c.o.aspect.BusinessLogAspect           : 类名：OrderServiceImpl.getOrders
2026-03-29T23:43:58.321+08:00  INFO 32208 --- [order-service] [http-nio-9004-exec-3] c.c.o.aspect.BusinessLogAspect           : 业务描述：查询用户订单列表
2026-03-29T23:43:58.321+08:00  INFO 32208 --- [order-service] [http-nio-9004-exec-3] c.c.o.aspect.BusinessLogAspect           : 业务类型：订单查询
2026-03-29T23:43:58.321+08:00  INFO 32208 --- [order-service] [http-nio-9004-exec-3] c.c.o.aspect.BusinessLogAspect           : 请求参数：[2038244988630581249]
2026-03-29T23:43:58.330+08:00  INFO 32208 --- [order-service] [http-nio-9004-exec-3] c.c.o.aspect.BusinessLogAspect           : ========== 业务操作结束 ==========
2026-03-29T23:43:58.330+08:00  INFO 32208 --- [order-service] [http-nio-9004-exec-3] c.c.o.aspect.BusinessLogAspect           : 执行耗时：9ms
2026-03-29T23:43:58.330+08:00  INFO 32208 --- [order-service] [http-nio-9004-exec-3] c.c.o.aspect.BusinessLogAspect           : 执行状态：成功
2026-03-29T23:43:58.826+08:00  INFO 16728 --- [user-service] [http-nio-9003-exec-1] c.c.u.aspect.BusinessLogAspect           : ========== 业务操作开始 ==========
2026-03-29T23:43:58.826+08:00  INFO 16728 --- [user-service] [http-nio-9003-exec-1] c.c.u.aspect.BusinessLogAspect           : 时间：2026-03-29 23:43:58.826
2026-03-29T23:43:58.826+08:00  INFO 16728 --- [user-service] [http-nio-9003-exec-1] c.c.u.aspect.BusinessLogAspect           : 接口：GET /user/patient/list
2026-03-29T23:43:58.826+08:00  INFO 16728 --- [user-service] [http-nio-9003-exec-1] c.c.u.aspect.BusinessLogAspect           : 类名：PatientServiceImpl.getPatients
2026-03-29T23:43:58.826+08:00  INFO 16728 --- [user-service] [http-nio-9003-exec-1] c.c.u.aspect.BusinessLogAspect           : 业务描述：查询就诊人列表
2026-03-29T23:43:58.826+08:00  INFO 16728 --- [user-service] [http-nio-9003-exec-1] c.c.u.aspect.BusinessLogAspect           : 业务类型：就诊人管理
2026-03-29T23:43:58.826+08:00  INFO 16728 --- [user-service] [http-nio-9003-exec-1] c.c.u.aspect.BusinessLogAspect           : 请求参数：[2038244988630581249]
2026-03-29T23:43:58.829+08:00  INFO 16728 --- [user-service] [http-nio-9003-exec-1] c.c.u.aspect.BusinessLogAspect           : ========== 业务操作结束 ==========
2026-03-29T23:43:58.830+08:00  INFO 16728 --- [user-service] [http-nio-9003-exec-1] c.c.u.aspect.BusinessLogAspect           : 执行耗时：3ms
2026-03-29T23:43:58.830+08:00  INFO 16728 --- [user-service] [http-nio-9003-exec-1] c.c.u.aspect.BusinessLogAspect           : 执行状态：成功
2026-03-29T23:43:59.472+08:00  INFO 32208 --- [order-service] [http-nio-9004-exec-5] c.c.o.aspect.BusinessLogAspect           : ========== 业务操作开始 ==========
2026-03-29T23:43:59.472+08:00  INFO 32208 --- [order-service] [http-nio-9004-exec-5] c.c.o.aspect.BusinessLogAspect           : 时间：2026-03-29 23:43:59.472
2026-03-29T23:43:59.472+08:00  INFO 32208 --- [order-service] [http-nio-9004-exec-5] c.c.o.aspect.BusinessLogAspect           : 接口：GET /order/list
2026-03-29T23:43:59.472+08:00  INFO 32208 --- [order-service] [http-nio-9004-exec-5] c.c.o.aspect.BusinessLogAspect           : 类名：OrderServiceImpl.getOrders
2026-03-29T23:43:59.472+08:00  INFO 32208 --- [order-service] [http-nio-9004-exec-5] c.c.o.aspect.BusinessLogAspect           : 业务描述：查询用户订单列表
2026-03-29T23:43:59.472+08:00  INFO 32208 --- [order-service] [http-nio-9004-exec-5] c.c.o.aspect.BusinessLogAspect           : 业务类型：订单查询
2026-03-29T23:43:59.472+08:00  INFO 32208 --- [order-service] [http-nio-9004-exec-5] c.c.o.aspect.BusinessLogAspect           : 请求参数：[2038244988630581249]
2026-03-29T23:43:59.481+08:00  INFO 32208 --- [order-service] [http-nio-9004-exec-5] c.c.o.aspect.BusinessLogAspect           : ========== 业务操作结束 ==========
2026-03-29T23:43:59.481+08:00  INFO 32208 --- [order-service] [http-nio-9004-exec-5] c.c.o.aspect.BusinessLogAspect           : 执行耗时：9ms
2026-03-29T23:43:59.481+08:00  INFO 32208 --- [order-service] [http-nio-9004-exec-5] c.c.o.aspect.BusinessLogAspect           : 执行状态：成功
2026-03-29T23:44:00.094+08:00  INFO 22204 --- [doctor-service] [http-nio-9002-exec-5] c.c.d.aspect.BusinessLogAspect           : [业务] 排班查询 - ScheduleServiceImpl.findDetailByDate - 查询排班详情（缓存优化）
2026-03-29T23:44:00.884+08:00  INFO 32208 --- [order-service] [http-nio-9004-exec-4] c.c.o.aspect.BusinessLogAspect           : ========== 业务操作开始 ==========
2026-03-29T23:44:00.884+08:00  INFO 32208 --- [order-service] [http-nio-9004-exec-4] c.c.o.aspect.BusinessLogAspect           : 时间：2026-03-29 23:44:00.884
2026-03-29T23:44:00.884+08:00  INFO 32208 --- [order-service] [http-nio-9004-exec-4] c.c.o.aspect.BusinessLogAspect           : 接口：GET /order/list
2026-03-29T23:44:00.884+08:00  INFO 32208 --- [order-service] [http-nio-9004-exec-4] c.c.o.aspect.BusinessLogAspect           : 类名：OrderServiceImpl.getOrders
2026-03-29T23:44:00.884+08:00  INFO 32208 --- [order-service] [http-nio-9004-exec-4] c.c.o.aspect.BusinessLogAspect           : 业务描述：查询用户订单列表
2026-03-29T23:44:00.884+08:00  INFO 32208 --- [order-service] [http-nio-9004-exec-4] c.c.o.aspect.BusinessLogAspect           : 业务类型：订单查询
2026-03-29T23:44:00.884+08:00  INFO 32208 --- [order-service] [http-nio-9004-exec-4] c.c.o.aspect.BusinessLogAspect           : 请求参数：[2038244988630581249]
2026-03-29T23:44:00.892+08:00  INFO 32208 --- [order-service] [http-nio-9004-exec-4] c.c.o.aspect.BusinessLogAspect           : ========== 业务操作结束 ==========
2026-03-29T23:44:00.892+08:00  INFO 32208 --- [order-service] [http-nio-9004-exec-4] c.c.o.aspect.BusinessLogAspect           : 执行耗时：8ms
2026-03-29T23:44:00.892+08:00  INFO 32208 --- [order-service] [http-nio-9004-exec-4] c.c.o.aspect.BusinessLogAspect           : 执行状态：成功
2026-03-29T23:44:04.539+08:00  INFO 22204 --- [doctor-service] [http-nio-9002-exec-6] c.c.d.aspect.BusinessLogAspect           : [业务] 排班查询 - ScheduleServiceImpl.findDetailByDate - 查询排班详情（缓存优化）
2026-03-29T23:44:05.658+08:00  INFO 32208 --- [order-service] [http-nio-9004-exec-6] c.c.o.aspect.BusinessLogAspect           : ========== 业务操作开始 ==========
2026-03-29T23:44:05.658+08:00  INFO 32208 --- [order-service] [http-nio-9004-exec-6] c.c.o.aspect.BusinessLogAspect           : 时间：2026-03-29 23:44:05.658
2026-03-29T23:44:05.658+08:00  INFO 32208 --- [order-service] [http-nio-9004-exec-6] c.c.o.aspect.BusinessLogAspect           : 接口：GET /order/list
2026-03-29T23:44:05.658+08:00  INFO 32208 --- [order-service] [http-nio-9004-exec-6] c.c.o.aspect.BusinessLogAspect           : 类名：OrderServiceImpl.getOrders
2026-03-29T23:44:05.658+08:00  INFO 32208 --- [order-service] [http-nio-9004-exec-6] c.c.o.aspect.BusinessLogAspect           : 业务描述：查询用户订单列表
2026-03-29T23:44:05.658+08:00  INFO 32208 --- [order-service] [http-nio-9004-exec-6] c.c.o.aspect.BusinessLogAspect           : 业务类型：订单查询
2026-03-29T23:44:05.658+08:00  INFO 32208 --- [order-service] [http-nio-9004-exec-6] c.c.o.aspect.BusinessLogAspect           : 请求参数：[2038244988630581249]
2026-03-29T23:44:05.667+08:00  INFO 32208 --- [order-service] [http-nio-9004-exec-6] c.c.o.aspect.BusinessLogAspect           : ========== 业务操作结束 ==========
2026-03-29T23:44:05.667+08:00  INFO 32208 --- [order-service] [http-nio-9004-exec-6] c.c.o.aspect.BusinessLogAspect           : 执行耗时：9ms
2026-03-29T23:44:05.667+08:00  INFO 32208 --- [order-service] [http-nio-9004-exec-6] c.c.o.aspect.BusinessLogAspect           : 执行状态：成功
2026-03-29T23:44:08.257+08:00  INFO 22204 --- [doctor-service] [http-nio-9002-exec-7] c.c.d.aspect.BusinessLogAspect           : [业务] 排班查询 - ScheduleServiceImpl.findDetailByDate - 查询排班详情（缓存优化）
2026-03-29T23:44:11.642+08:00  INFO 16728 --- [user-service] [http-nio-9003-exec-3] c.c.u.aspect.BusinessLogAspect           : ========== 业务操作开始 ==========
2026-03-29T23:44:11.642+08:00  INFO 16728 --- [user-service] [http-nio-9003-exec-3] c.c.u.aspect.BusinessLogAspect           : 时间：2026-03-29 23:44:11.642
2026-03-29T23:44:11.642+08:00  INFO 16728 --- [user-service] [http-nio-9003-exec-3] c.c.u.aspect.BusinessLogAspect           : 接口：GET /user/patient/list
2026-03-29T23:44:11.642+08:00  INFO 16728 --- [user-service] [http-nio-9003-exec-3] c.c.u.aspect.BusinessLogAspect           : 类名：PatientServiceImpl.getPatients
2026-03-29T23:44:11.642+08:00  INFO 16728 --- [user-service] [http-nio-9003-exec-3] c.c.u.aspect.BusinessLogAspect           : 业务描述：查询就诊人列表
2026-03-29T23:44:11.642+08:00  INFO 16728 --- [user-service] [http-nio-9003-exec-3] c.c.u.aspect.BusinessLogAspect           : 业务类型：就诊人管理
2026-03-29T23:44:11.642+08:00  INFO 16728 --- [user-service] [http-nio-9003-exec-3] c.c.u.aspect.BusinessLogAspect           : 请求参数：[2038244988630581249]
2026-03-29T23:44:11.645+08:00  INFO 16728 --- [user-service] [http-nio-9003-exec-3] c.c.u.aspect.BusinessLogAspect           : ========== 业务操作结束 ==========
2026-03-29T23:44:11.645+08:00  INFO 16728 --- [user-service] [http-nio-9003-exec-3] c.c.u.aspect.BusinessLogAspect           : 执行耗时：3ms
2026-03-29T23:44:11.645+08:00  INFO 16728 --- [user-service] [http-nio-9003-exec-3] c.c.u.aspect.BusinessLogAspect           : 执行状态：成功
2026-03-29T23:44:12.409+08:00  INFO 32208 --- [order-service] [http-nio-9004-exec-7] c.c.o.aspect.BusinessLogAspect           : ========== 业务操作开始 ==========
2026-03-29T23:44:12.409+08:00  INFO 32208 --- [order-service] [http-nio-9004-exec-7] c.c.o.aspect.BusinessLogAspect           : 时间：2026-03-29 23:44:12.409
2026-03-29T23:44:12.409+08:00  INFO 32208 --- [order-service] [http-nio-9004-exec-7] c.c.o.aspect.BusinessLogAspect           : 接口：POST /order/create
2026-03-29T23:44:12.409+08:00  INFO 32208 --- [order-service] [http-nio-9004-exec-7] c.c.o.aspect.BusinessLogAspect           : 类名：OrderServiceImpl.createOrder
2026-03-29T23:44:12.409+08:00  INFO 32208 --- [order-service] [http-nio-9004-exec-7] c.c.o.aspect.BusinessLogAspect           : 业务描述：创建订单（MQ 异步）
2026-03-29T23:44:12.409+08:00  INFO 32208 --- [order-service] [http-nio-9004-exec-7] c.c.o.aspect.BusinessLogAspect           : 业务类型：订单管理
2026-03-29T23:44:12.409+08:00  INFO 32208 --- [order-service] [http-nio-9004-exec-7] c.c.o.aspect.BusinessLogAspect           : 请求参数：[2038244988630581249,6821689192093854000,202603292019]
2026-03-29T23:44:12.412+08:00  INFO 22204 --- [doctor-service] [http-nio-9002-exec-8] c.c.d.aspect.BusinessLogAspect           : [业务] 挂号下单 - ScheduleServiceImpl.deductAvailableNum - 扣减号源库存
2026-03-29T23:44:12.420+08:00  INFO 16728 --- [user-service] [http-nio-9003-exec-9] c.c.u.aspect.BusinessLogAspect           : ========== 业务操作开始 ==========
2026-03-29T23:44:12.420+08:00  INFO 16728 --- [user-service] [http-nio-9003-exec-9] c.c.u.aspect.BusinessLogAspect           : 时间：2026-03-29 23:44:12.420
2026-03-29T23:44:12.421+08:00  INFO 16728 --- [user-service] [http-nio-9003-exec-9] c.c.u.aspect.BusinessLogAspect           : 接口：GET /user/patient/list
2026-03-29T23:44:12.421+08:00  INFO 16728 --- [user-service] [http-nio-9003-exec-9] c.c.u.aspect.BusinessLogAspect           : 类名：PatientServiceImpl.getPatients
2026-03-29T23:44:12.421+08:00  INFO 16728 --- [user-service] [http-nio-9003-exec-9] c.c.u.aspect.BusinessLogAspect           : 业务描述：查询就诊人列表
2026-03-29T23:44:12.421+08:00  INFO 16728 --- [user-service] [http-nio-9003-exec-9] c.c.u.aspect.BusinessLogAspect           : 业务类型：就诊人管理
2026-03-29T23:44:12.421+08:00  INFO 16728 --- [user-service] [http-nio-9003-exec-9] c.c.u.aspect.BusinessLogAspect           : 请求参数：[2038244988630581249]
2026-03-29T23:44:12.423+08:00  INFO 16728 --- [user-service] [http-nio-9003-exec-9] c.c.u.aspect.BusinessLogAspect           : ========== 业务操作结束 ==========
2026-03-29T23:44:12.423+08:00  INFO 16728 --- [user-service] [http-nio-9003-exec-9] c.c.u.aspect.BusinessLogAspect           : 执行耗时：2ms
2026-03-29T23:44:12.423+08:00  INFO 16728 --- [user-service] [http-nio-9003-exec-9] c.c.u.aspect.BusinessLogAspect           : 执行状态：成功
2026-03-29T23:44:12.424+08:00  INFO 32208 --- [order-service] [http-nio-9004-exec-7] c.c.o.aspect.BusinessLogAspect           : ========== 业务操作结束 ==========
2026-03-29T23:44:12.424+08:00  INFO 32208 --- [order-service] [http-nio-9004-exec-7] c.c.o.aspect.BusinessLogAspect           : 执行耗时：15ms
2026-03-29T23:44:12.424+08:00  INFO 32208 --- [order-service] [http-nio-9004-exec-7] c.c.o.aspect.BusinessLogAspect           : 执行状态：成功
2026-03-29T23:44:13.334+08:00  INFO 22204 --- [doctor-service] [http-nio-9002-exec-9] c.c.d.aspect.BusinessLogAspect           : [业务] 排班查询 - ScheduleServiceImpl.findDetailByDate - 查询排班详情（缓存优化）
2026-03-29T23:44:14.712+08:00  INFO 32208 --- [order-service] [http-nio-9004-exec-8] c.c.o.aspect.BusinessLogAspect           : ========== 业务操作开始 ==========
2026-03-29T23:44:14.712+08:00  INFO 32208 --- [order-service] [http-nio-9004-exec-8] c.c.o.aspect.BusinessLogAspect           : 时间：2026-03-29 23:44:14.712
2026-03-29T23:44:14.712+08:00  INFO 32208 --- [order-service] [http-nio-9004-exec-8] c.c.o.aspect.BusinessLogAspect           : 接口：GET /order/list
2026-03-29T23:44:14.712+08:00  INFO 32208 --- [order-service] [http-nio-9004-exec-8] c.c.o.aspect.BusinessLogAspect           : 类名：OrderServiceImpl.getOrders
2026-03-29T23:44:14.712+08:00  INFO 32208 --- [order-service] [http-nio-9004-exec-8] c.c.o.aspect.BusinessLogAspect           : 业务描述：查询用户订单列表
2026-03-29T23:44:14.712+08:00  INFO 32208 --- [order-service] [http-nio-9004-exec-8] c.c.o.aspect.BusinessLogAspect           : 业务类型：订单查询
2026-03-29T23:44:14.712+08:00  INFO 32208 --- [order-service] [http-nio-9004-exec-8] c.c.o.aspect.BusinessLogAspect           : 请求参数：[2038244988630581249]
2026-03-29T23:44:14.721+08:00  INFO 32208 --- [order-service] [http-nio-9004-exec-8] c.c.o.aspect.BusinessLogAspect           : ========== 业务操作结束 ==========
2026-03-29T23:44:14.721+08:00  INFO 32208 --- [order-service] [http-nio-9004-exec-8] c.c.o.aspect.BusinessLogAspect           : 执行耗时：9ms
2026-03-29T23:44:14.721+08:00  INFO 32208 --- [order-service] [http-nio-9004-exec-8] c.c.o.aspect.BusinessLogAspect           : 执行状态：成功
2026-03-29T23:44:16.056+08:00  INFO 22204 --- [doctor-service] [http-nio-9002-exec-10] c.c.d.aspect.BusinessLogAspect           : [业务] 排班查询 - ScheduleServiceImpl.findDetailByDate - 查询排班详情（缓存优化）
2026-03-29T23:44:21.861+08:00  INFO 16728 --- [user-service] [http-nio-9003-exec-5] c.c.u.aspect.BusinessLogAspect           : ========== 业务操作开始 ==========
2026-03-29T23:44:21.861+08:00  INFO 16728 --- [user-service] [http-nio-9003-exec-5] c.c.u.aspect.BusinessLogAspect           : 时间：2026-03-29 23:44:21.861
2026-03-29T23:44:21.861+08:00  INFO 16728 --- [user-service] [http-nio-9003-exec-5] c.c.u.aspect.BusinessLogAspect           : 接口：POST /user/login
2026-03-29T23:44:21.861+08:00  INFO 16728 --- [user-service] [http-nio-9003-exec-5] c.c.u.aspect.BusinessLogAspect           : 类名：UserServiceImpl.login
2026-03-29T23:44:21.861+08:00  INFO 16728 --- [user-service] [http-nio-9003-exec-5] c.c.u.aspect.BusinessLogAspect           : 业务描述：用户登录
2026-03-29T23:44:21.861+08:00  INFO 16728 --- [user-service] [http-nio-9003-exec-5] c.c.u.aspect.BusinessLogAspect           : 业务类型：用户认证
2026-03-29T23:44:21.861+08:00  INFO 16728 --- [user-service] [http-nio-9003-exec-5] c.c.u.aspect.BusinessLogAspect           : 请求参数：["13800000000","123456"]
2026-03-29T23:44:21.869+08:00 ERROR 16728 --- [user-service] [http-nio-9003-exec-5] c.c.u.aspect.BusinessLogAspect           : 业务执行异常：手机号或密码错误

java.lang.RuntimeException: 手机号或密码错误
	at com.cly.userservice.service.impl.UserServiceImpl.login(UserServiceImpl.java:29) ~[classes/:na]
	at java.base/jdk.internal.reflect.DirectMethodHandleAccessor.invoke(DirectMethodHandleAccessor.java:103) ~[na:na]
	at java.base/java.lang.reflect.Method.invoke(Method.java:580) ~[na:na]
	at org.springframework.aop.support.AopUtils.invokeJoinpointUsingReflection(AopUtils.java:359) ~[spring-aop-7.0.5.jar:7.0.5]
	at org.springframework.aop.framework.ReflectiveMethodInvocation.invokeJoinpoint(ReflectiveMethodInvocation.java:190) ~[spring-aop-7.0.5.jar:7.0.5]
	at org.springframework.aop.framework.ReflectiveMethodInvocation.proceed(ReflectiveMethodInvocation.java:158) ~[spring-aop-7.0.5.jar:7.0.5]
	at org.springframework.aop.aspectj.MethodInvocationProceedingJoinPoint.proceed(MethodInvocationProceedingJoinPoint.java:82) ~[spring-aop-7.0.5.jar:7.0.5]
	at com.cly.userservice.aspect.BusinessLogAspect.around(BusinessLogAspect.java:75) ~[classes/:na]
	at java.base/jdk.internal.reflect.DirectMethodHandleAccessor.invoke(DirectMethodHandleAccessor.java:103) ~[na:na]
	at java.base/java.lang.reflect.Method.invoke(Method.java:580) ~[na:na]
	at org.springframework.aop.aspectj.AbstractAspectJAdvice.invokeAdviceMethodWithGivenArgs(AbstractAspectJAdvice.java:648) ~[spring-aop-7.0.5.jar:7.0.5]
	at org.springframework.aop.aspectj.AbstractAspectJAdvice.invokeAdviceMethod(AbstractAspectJAdvice.java:630) ~[spring-aop-7.0.5.jar:7.0.5]
	at org.springframework.aop.aspectj.AspectJAroundAdvice.invoke(AspectJAroundAdvice.java:70) ~[spring-aop-7.0.5.jar:7.0.5]
	at org.springframework.aop.framework.ReflectiveMethodInvocation.proceed(ReflectiveMethodInvocation.java:168) ~[spring-aop-7.0.5.jar:7.0.5]
	at org.springframework.aop.interceptor.ExposeInvocationInterceptor.invoke(ExposeInvocationInterceptor.java:96) ~[spring-aop-7.0.5.jar:7.0.5]
	at org.springframework.aop.framework.ReflectiveMethodInvocation.proceed(ReflectiveMethodInvocation.java:179) ~[spring-aop-7.0.5.jar:7.0.5]
	at org.springframework.aop.framework.CglibAopProxy$DynamicAdvisedInterceptor.intercept(CglibAopProxy.java:719) ~[spring-aop-7.0.5.jar:7.0.5]
	at com.cly.userservice.service.impl.UserServiceImpl$$SpringCGLIB$$0.login(<generated>) ~[classes/:na]
	at com.cly.userservice.controller.UserController.login(UserController.java:37) ~[classes/:na]
	at java.base/jdk.internal.reflect.DirectMethodHandleAccessor.invoke(DirectMethodHandleAccessor.java:103) ~[na:na]
	at java.base/java.lang.reflect.Method.invoke(Method.java:580) ~[na:na]
	at org.springframework.web.method.support.InvocableHandlerMethod.doInvoke(InvocableHandlerMethod.java:252) ~[spring-web-7.0.5.jar:7.0.5]
	at org.springframework.web.method.support.InvocableHandlerMethod.invokeForRequest(InvocableHandlerMethod.java:184) ~[spring-web-7.0.5.jar:7.0.5]
	at org.springframework.web.servlet.mvc.method.annotation.ServletInvocableHandlerMethod.invokeAndHandle(ServletInvocableHandlerMethod.java:117) ~[spring-webmvc-7.0.5.jar:7.0.5]
	at org.springframework.web.servlet.mvc.method.annotation.RequestMappingHandlerAdapter.invokeHandlerMethod(RequestMappingHandlerAdapter.java:934) ~[spring-webmvc-7.0.5.jar:7.0.5]
	at org.springframework.web.servlet.mvc.method.annotation.RequestMappingHandlerAdapter.handleInternal(RequestMappingHandlerAdapter.java:853) ~[spring-webmvc-7.0.5.jar:7.0.5]
	at org.springframework.web.servlet.mvc.method.AbstractHandlerMethodAdapter.handle(AbstractHandlerMethodAdapter.java:86) ~[spring-webmvc-7.0.5.jar:7.0.5]
	at org.springframework.web.servlet.DispatcherServlet.doDispatch(DispatcherServlet.java:963) ~[spring-webmvc-7.0.5.jar:7.0.5]
	at org.springframework.web.servlet.DispatcherServlet.doService(DispatcherServlet.java:866) ~[spring-webmvc-7.0.5.jar:7.0.5]
	at org.springframework.web.servlet.FrameworkServlet.processRequest(FrameworkServlet.java:1000) ~[spring-webmvc-7.0.5.jar:7.0.5]
	at org.springframework.web.servlet.FrameworkServlet.doPost(FrameworkServlet.java:903) ~[spring-webmvc-7.0.5.jar:7.0.5]
	at jakarta.servlet.http.HttpServlet.service(HttpServlet.java:649) ~[tomcat-embed-core-11.0.18.jar:6.1]
	at org.springframework.web.servlet.FrameworkServlet.service(FrameworkServlet.java:874) ~[spring-webmvc-7.0.5.jar:7.0.5]
	at jakarta.servlet.http.HttpServlet.service(HttpServlet.java:710) ~[tomcat-embed-core-11.0.18.jar:6.1]
	at org.apache.catalina.core.ApplicationFilterChain.doFilter(ApplicationFilterChain.java:128) ~[tomcat-embed-core-11.0.18.jar:11.0.18]
	at org.apache.tomcat.websocket.server.WsFilter.doFilter(WsFilter.java:53) ~[tomcat-embed-websocket-11.0.18.jar:11.0.18]
	at org.apache.catalina.core.ApplicationFilterChain.doFilter(ApplicationFilterChain.java:107) ~[tomcat-embed-core-11.0.18.jar:11.0.18]
	at org.springframework.web.filter.RequestContextFilter.doFilterInternal(RequestContextFilter.java:100) ~[spring-web-7.0.5.jar:7.0.5]
	at org.springframework.web.filter.OncePerRequestFilter.doFilter(OncePerRequestFilter.java:116) ~[spring-web-7.0.5.jar:7.0.5]
	at org.apache.catalina.core.ApplicationFilterChain.doFilter(ApplicationFilterChain.java:107) ~[tomcat-embed-core-11.0.18.jar:11.0.18]
	at org.springframework.web.filter.FormContentFilter.doFilterInternal(FormContentFilter.java:93) ~[spring-web-7.0.5.jar:7.0.5]
	at org.springframework.web.filter.OncePerRequestFilter.doFilter(OncePerRequestFilter.java:116) ~[spring-web-7.0.5.jar:7.0.5]
	at org.apache.catalina.core.ApplicationFilterChain.doFilter(ApplicationFilterChain.java:107) ~[tomcat-embed-core-11.0.18.jar:11.0.18]
	at org.springframework.web.filter.CharacterEncodingFilter.doFilterInternal(CharacterEncodingFilter.java:199) ~[spring-web-7.0.5.jar:7.0.5]
	at org.springframework.web.filter.OncePerRequestFilter.doFilter(OncePerRequestFilter.java:116) ~[spring-web-7.0.5.jar:7.0.5]
	at org.apache.catalina.core.ApplicationFilterChain.doFilter(ApplicationFilterChain.java:107) ~[tomcat-embed-core-11.0.18.jar:11.0.18]
	at org.apache.catalina.core.StandardWrapperValve.invoke(StandardWrapperValve.java:165) ~[tomcat-embed-core-11.0.18.jar:11.0.18]
	at org.apache.catalina.core.StandardContextValve.invoke(StandardContextValve.java:77) ~[tomcat-embed-core-11.0.18.jar:11.0.18]
	at org.apache.catalina.authenticator.AuthenticatorBase.invoke(AuthenticatorBase.java:492) ~[tomcat-embed-core-11.0.18.jar:11.0.18]
	at org.apache.catalina.core.StandardHostValve.invoke(StandardHostValve.java:113) ~[tomcat-embed-core-11.0.18.jar:11.0.18]
	at org.apache.catalina.valves.ErrorReportValve.invoke(ErrorReportValve.java:83) ~[tomcat-embed-core-11.0.18.jar:11.0.18]
	at org.apache.catalina.core.StandardEngineValve.invoke(StandardEngineValve.java:72) ~[tomcat-embed-core-11.0.18.jar:11.0.18]
	at org.apache.catalina.connector.CoyoteAdapter.service(CoyoteAdapter.java:341) ~[tomcat-embed-core-11.0.18.jar:11.0.18]
	at org.apache.coyote.http11.Http11Processor.service(Http11Processor.java:397) ~[tomcat-embed-core-11.0.18.jar:11.0.18]
	at org.apache.coyote.AbstractProcessorLight.process(AbstractProcessorLight.java:63) ~[tomcat-embed-core-11.0.18.jar:11.0.18]
	at org.apache.coyote.AbstractProtocol$ConnectionHandler.process(AbstractProtocol.java:903) ~[tomcat-embed-core-11.0.18.jar:11.0.18]
	at org.apache.tomcat.util.net.NioEndpoint$SocketProcessor.doRun(NioEndpoint.java:1779) ~[tomcat-embed-core-11.0.18.jar:11.0.18]
	at org.apache.tomcat.util.net.SocketProcessorBase.run(SocketProcessorBase.java:52) ~[tomcat-embed-core-11.0.18.jar:11.0.18]
	at org.apache.tomcat.util.threads.ThreadPoolExecutor.runWorker(ThreadPoolExecutor.java:946) ~[tomcat-embed-core-11.0.18.jar:11.0.18]
	at org.apache.tomcat.util.threads.ThreadPoolExecutor$Worker.run(ThreadPoolExecutor.java:480) ~[tomcat-embed-core-11.0.18.jar:11.0.18]
	at org.apache.tomcat.util.threads.TaskThread$WrappingRunnable.run(TaskThread.java:57) ~[tomcat-embed-core-11.0.18.jar:11.0.18]
	at java.base/java.lang.Thread.run(Thread.java:1583) ~[na:na]

2026-03-29T23:44:21.871+08:00  INFO 16728 --- [user-service] [http-nio-9003-exec-5] c.c.u.aspect.BusinessLogAspect           : ========== 业务操作结束 ==========
2026-03-29T23:44:21.871+08:00  INFO 16728 --- [user-service] [http-nio-9003-exec-5] c.c.u.aspect.BusinessLogAspect           : 执行耗时：10ms
2026-03-29T23:44:21.871+08:00  INFO 16728 --- [user-service] [http-nio-9003-exec-5] c.c.u.aspect.BusinessLogAspect           : 执行状态：失败
2026-03-29T23:44:23.072+08:00  INFO 16728 --- [user-service] [http-nio-9003-exec-4] c.c.u.aspect.BusinessLogAspect           : ========== 业务操作开始 ==========
2026-03-29T23:44:23.072+08:00  INFO 16728 --- [user-service] [http-nio-9003-exec-4] c.c.u.aspect.BusinessLogAspect           : 时间：2026-03-29 23:44:23.072
2026-03-29T23:44:23.072+08:00  INFO 16728 --- [user-service] [http-nio-9003-exec-4] c.c.u.aspect.BusinessLogAspect           : 接口：POST /user/login
2026-03-29T23:44:23.072+08:00  INFO 16728 --- [user-service] [http-nio-9003-exec-4] c.c.u.aspect.BusinessLogAspect           : 类名：UserServiceImpl.login
2026-03-29T23:44:23.072+08:00  INFO 16728 --- [user-service] [http-nio-9003-exec-4] c.c.u.aspect.BusinessLogAspect           : 业务描述：用户登录
2026-03-29T23:44:23.072+08:00  INFO 16728 --- [user-service] [http-nio-9003-exec-4] c.c.u.aspect.BusinessLogAspect           : 业务类型：用户认证
2026-03-29T23:44:23.072+08:00  INFO 16728 --- [user-service] [http-nio-9003-exec-4] c.c.u.aspect.BusinessLogAspect           : 请求参数：["13800000000","123456"]
2026-03-29T23:44:23.080+08:00 ERROR 16728 --- [user-service] [http-nio-9003-exec-4] c.c.u.aspect.BusinessLogAspect           : 业务执行异常：手机号或密码错误

java.lang.RuntimeException: 手机号或密码错误
	at com.cly.userservice.service.impl.UserServiceImpl.login(UserServiceImpl.java:29) ~[classes/:na]
	at java.base/jdk.internal.reflect.DirectMethodHandleAccessor.invoke(DirectMethodHandleAccessor.java:103) ~[na:na]
	at java.base/java.lang.reflect.Method.invoke(Method.java:580) ~[na:na]
	at org.springframework.aop.support.AopUtils.invokeJoinpointUsingReflection(AopUtils.java:359) ~[spring-aop-7.0.5.jar:7.0.5]
	at org.springframework.aop.framework.ReflectiveMethodInvocation.invokeJoinpoint(ReflectiveMethodInvocation.java:190) ~[spring-aop-7.0.5.jar:7.0.5]
	at org.springframework.aop.framework.ReflectiveMethodInvocation.proceed(ReflectiveMethodInvocation.java:158) ~[spring-aop-7.0.5.jar:7.0.5]
	at org.springframework.aop.aspectj.MethodInvocationProceedingJoinPoint.proceed(MethodInvocationProceedingJoinPoint.java:82) ~[spring-aop-7.0.5.jar:7.0.5]
	at com.cly.userservice.aspect.BusinessLogAspect.around(BusinessLogAspect.java:75) ~[classes/:na]
	at java.base/jdk.internal.reflect.DirectMethodHandleAccessor.invoke(DirectMethodHandleAccessor.java:103) ~[na:na]
	at java.base/java.lang.reflect.Method.invoke(Method.java:580) ~[na:na]
	at org.springframework.aop.aspectj.AbstractAspectJAdvice.invokeAdviceMethodWithGivenArgs(AbstractAspectJAdvice.java:648) ~[spring-aop-7.0.5.jar:7.0.5]
	at org.springframework.aop.aspectj.AbstractAspectJAdvice.invokeAdviceMethod(AbstractAspectJAdvice.java:630) ~[spring-aop-7.0.5.jar:7.0.5]
	at org.springframework.aop.aspectj.AspectJAroundAdvice.invoke(AspectJAroundAdvice.java:70) ~[spring-aop-7.0.5.jar:7.0.5]
	at org.springframework.aop.framework.ReflectiveMethodInvocation.proceed(ReflectiveMethodInvocation.java:168) ~[spring-aop-7.0.5.jar:7.0.5]
	at org.springframework.aop.interceptor.ExposeInvocationInterceptor.invoke(ExposeInvocationInterceptor.java:96) ~[spring-aop-7.0.5.jar:7.0.5]
	at org.springframework.aop.framework.ReflectiveMethodInvocation.proceed(ReflectiveMethodInvocation.java:179) ~[spring-aop-7.0.5.jar:7.0.5]
	at org.springframework.aop.framework.CglibAopProxy$DynamicAdvisedInterceptor.intercept(CglibAopProxy.java:719) ~[spring-aop-7.0.5.jar:7.0.5]
	at com.cly.userservice.service.impl.UserServiceImpl$$SpringCGLIB$$0.login(<generated>) ~[classes/:na]
	at com.cly.userservice.controller.UserController.login(UserController.java:37) ~[classes/:na]
	at java.base/jdk.internal.reflect.DirectMethodHandleAccessor.invoke(DirectMethodHandleAccessor.java:103) ~[na:na]
	at java.base/java.lang.reflect.Method.invoke(Method.java:580) ~[na:na]
	at org.springframework.web.method.support.InvocableHandlerMethod.doInvoke(InvocableHandlerMethod.java:252) ~[spring-web-7.0.5.jar:7.0.5]
	at org.springframework.web.method.support.InvocableHandlerMethod.invokeForRequest(InvocableHandlerMethod.java:184) ~[spring-web-7.0.5.jar:7.0.5]
	at org.springframework.web.servlet.mvc.method.annotation.ServletInvocableHandlerMethod.invokeAndHandle(ServletInvocableHandlerMethod.java:117) ~[spring-webmvc-7.0.5.jar:7.0.5]
	at org.springframework.web.servlet.mvc.method.annotation.RequestMappingHandlerAdapter.invokeHandlerMethod(RequestMappingHandlerAdapter.java:934) ~[spring-webmvc-7.0.5.jar:7.0.5]
	at org.springframework.web.servlet.mvc.method.annotation.RequestMappingHandlerAdapter.handleInternal(RequestMappingHandlerAdapter.java:853) ~[spring-webmvc-7.0.5.jar:7.0.5]
	at org.springframework.web.servlet.mvc.method.AbstractHandlerMethodAdapter.handle(AbstractHandlerMethodAdapter.java:86) ~[spring-webmvc-7.0.5.jar:7.0.5]
	at org.springframework.web.servlet.DispatcherServlet.doDispatch(DispatcherServlet.java:963) ~[spring-webmvc-7.0.5.jar:7.0.5]
	at org.springframework.web.servlet.DispatcherServlet.doService(DispatcherServlet.java:866) ~[spring-webmvc-7.0.5.jar:7.0.5]
	at org.springframework.web.servlet.FrameworkServlet.processRequest(FrameworkServlet.java:1000) ~[spring-webmvc-7.0.5.jar:7.0.5]
	at org.springframework.web.servlet.FrameworkServlet.doPost(FrameworkServlet.java:903) ~[spring-webmvc-7.0.5.jar:7.0.5]
	at jakarta.servlet.http.HttpServlet.service(HttpServlet.java:649) ~[tomcat-embed-core-11.0.18.jar:6.1]
	at org.springframework.web.servlet.FrameworkServlet.service(FrameworkServlet.java:874) ~[spring-webmvc-7.0.5.jar:7.0.5]
	at jakarta.servlet.http.HttpServlet.service(HttpServlet.java:710) ~[tomcat-embed-core-11.0.18.jar:6.1]
	at org.apache.catalina.core.ApplicationFilterChain.doFilter(ApplicationFilterChain.java:128) ~[tomcat-embed-core-11.0.18.jar:11.0.18]
	at org.apache.tomcat.websocket.server.WsFilter.doFilter(WsFilter.java:53) ~[tomcat-embed-websocket-11.0.18.jar:11.0.18]
	at org.apache.catalina.core.ApplicationFilterChain.doFilter(ApplicationFilterChain.java:107) ~[tomcat-embed-core-11.0.18.jar:11.0.18]
	at org.springframework.web.filter.RequestContextFilter.doFilterInternal(RequestContextFilter.java:100) ~[spring-web-7.0.5.jar:7.0.5]
	at org.springframework.web.filter.OncePerRequestFilter.doFilter(OncePerRequestFilter.java:116) ~[spring-web-7.0.5.jar:7.0.5]
	at org.apache.catalina.core.ApplicationFilterChain.doFilter(ApplicationFilterChain.java:107) ~[tomcat-embed-core-11.0.18.jar:11.0.18]
	at org.springframework.web.filter.FormContentFilter.doFilterInternal(FormContentFilter.java:93) ~[spring-web-7.0.5.jar:7.0.5]
	at org.springframework.web.filter.OncePerRequestFilter.doFilter(OncePerRequestFilter.java:116) ~[spring-web-7.0.5.jar:7.0.5]
	at org.apache.catalina.core.ApplicationFilterChain.doFilter(ApplicationFilterChain.java:107) ~[tomcat-embed-core-11.0.18.jar:11.0.18]
	at org.springframework.web.filter.CharacterEncodingFilter.doFilterInternal(CharacterEncodingFilter.java:199) ~[spring-web-7.0.5.jar:7.0.5]
	at org.springframework.web.filter.OncePerRequestFilter.doFilter(OncePerRequestFilter.java:116) ~[spring-web-7.0.5.jar:7.0.5]
	at org.apache.catalina.core.ApplicationFilterChain.doFilter(ApplicationFilterChain.java:107) ~[tomcat-embed-core-11.0.18.jar:11.0.18]
	at org.apache.catalina.core.StandardWrapperValve.invoke(StandardWrapperValve.java:165) ~[tomcat-embed-core-11.0.18.jar:11.0.18]
	at org.apache.catalina.core.StandardContextValve.invoke(StandardContextValve.java:77) ~[tomcat-embed-core-11.0.18.jar:11.0.18]
	at org.apache.catalina.authenticator.AuthenticatorBase.invoke(AuthenticatorBase.java:492) ~[tomcat-embed-core-11.0.18.jar:11.0.18]
	at org.apache.catalina.core.StandardHostValve.invoke(StandardHostValve.java:113) ~[tomcat-embed-core-11.0.18.jar:11.0.18]
	at org.apache.catalina.valves.ErrorReportValve.invoke(ErrorReportValve.java:83) ~[tomcat-embed-core-11.0.18.jar:11.0.18]
	at org.apache.catalina.core.StandardEngineValve.invoke(StandardEngineValve.java:72) ~[tomcat-embed-core-11.0.18.jar:11.0.18]
	at org.apache.catalina.connector.CoyoteAdapter.service(CoyoteAdapter.java:341) ~[tomcat-embed-core-11.0.18.jar:11.0.18]
	at org.apache.coyote.http11.Http11Processor.service(Http11Processor.java:397) ~[tomcat-embed-core-11.0.18.jar:11.0.18]
	at org.apache.coyote.AbstractProcessorLight.process(AbstractProcessorLight.java:63) ~[tomcat-embed-core-11.0.18.jar:11.0.18]
	at org.apache.coyote.AbstractProtocol$ConnectionHandler.process(AbstractProtocol.java:903) ~[tomcat-embed-core-11.0.18.jar:11.0.18]
	at org.apache.tomcat.util.net.NioEndpoint$SocketProcessor.doRun(NioEndpoint.java:1779) ~[tomcat-embed-core-11.0.18.jar:11.0.18]
	at org.apache.tomcat.util.net.SocketProcessorBase.run(SocketProcessorBase.java:52) ~[tomcat-embed-core-11.0.18.jar:11.0.18]
	at org.apache.tomcat.util.threads.ThreadPoolExecutor.runWorker(ThreadPoolExecutor.java:946) ~[tomcat-embed-core-11.0.18.jar:11.0.18]
	at org.apache.tomcat.util.threads.ThreadPoolExecutor$Worker.run(ThreadPoolExecutor.java:480) ~[tomcat-embed-core-11.0.18.jar:11.0.18]
	at org.apache.tomcat.util.threads.TaskThread$WrappingRunnable.run(TaskThread.java:57) ~[tomcat-embed-core-11.0.18.jar:11.0.18]
	at java.base/java.lang.Thread.run(Thread.java:1583) ~[na:na]

2026-03-29T23:44:23.081+08:00  INFO 16728 --- [user-service] [http-nio-9003-exec-4] c.c.u.aspect.BusinessLogAspect           : ========== 业务操作结束 ==========
2026-03-29T23:44:23.081+08:00  INFO 16728 --- [user-service] [http-nio-9003-exec-4] c.c.u.aspect.BusinessLogAspect           : 执行耗时：9ms
2026-03-29T23:44:23.081+08:00  INFO 16728 --- [user-service] [http-nio-9003-exec-4] c.c.u.aspect.BusinessLogAspect           : 执行状态：失败
2026-03-29T23:44:23.411+08:00  INFO 16728 --- [user-service] [http-nio-9003-exec-2] c.c.u.aspect.BusinessLogAspect           : ========== 业务操作开始 ==========
2026-03-29T23:44:23.411+08:00  INFO 16728 --- [user-service] [http-nio-9003-exec-2] c.c.u.aspect.BusinessLogAspect           : 时间：2026-03-29 23:44:23.411
2026-03-29T23:44:23.411+08:00  INFO 16728 --- [user-service] [http-nio-9003-exec-2] c.c.u.aspect.BusinessLogAspect           : 接口：POST /user/login
2026-03-29T23:44:23.411+08:00  INFO 16728 --- [user-service] [http-nio-9003-exec-2] c.c.u.aspect.BusinessLogAspect           : 类名：UserServiceImpl.login
2026-03-29T23:44:23.411+08:00  INFO 16728 --- [user-service] [http-nio-9003-exec-2] c.c.u.aspect.BusinessLogAspect           : 业务描述：用户登录
2026-03-29T23:44:23.411+08:00  INFO 16728 --- [user-service] [http-nio-9003-exec-2] c.c.u.aspect.BusinessLogAspect           : 业务类型：用户认证
2026-03-29T23:44:23.411+08:00  INFO 16728 --- [user-service] [http-nio-9003-exec-2] c.c.u.aspect.BusinessLogAspect           : 请求参数：["13800000000","123456"]
2026-03-29T23:44:23.417+08:00 ERROR 16728 --- [user-service] [http-nio-9003-exec-2] c.c.u.aspect.BusinessLogAspect           : 业务执行异常：手机号或密码错误

java.lang.RuntimeException: 手机号或密码错误
	at com.cly.userservice.service.impl.UserServiceImpl.login(UserServiceImpl.java:29) ~[classes/:na]
	at java.base/jdk.internal.reflect.DirectMethodHandleAccessor.invoke(DirectMethodHandleAccessor.java:103) ~[na:na]
	at java.base/java.lang.reflect.Method.invoke(Method.java:580) ~[na:na]
	at org.springframework.aop.support.AopUtils.invokeJoinpointUsingReflection(AopUtils.java:359) ~[spring-aop-7.0.5.jar:7.0.5]
	at org.springframework.aop.framework.ReflectiveMethodInvocation.invokeJoinpoint(ReflectiveMethodInvocation.java:190) ~[spring-aop-7.0.5.jar:7.0.5]
	at org.springframework.aop.framework.ReflectiveMethodInvocation.proceed(ReflectiveMethodInvocation.java:158) ~[spring-aop-7.0.5.jar:7.0.5]
	at org.springframework.aop.aspectj.MethodInvocationProceedingJoinPoint.proceed(MethodInvocationProceedingJoinPoint.java:82) ~[spring-aop-7.0.5.jar:7.0.5]
	at com.cly.userservice.aspect.BusinessLogAspect.around(BusinessLogAspect.java:75) ~[classes/:na]
	at java.base/jdk.internal.reflect.DirectMethodHandleAccessor.invoke(DirectMethodHandleAccessor.java:103) ~[na:na]
	at java.base/java.lang.reflect.Method.invoke(Method.java:580) ~[na:na]
	at org.springframework.aop.aspectj.AbstractAspectJAdvice.invokeAdviceMethodWithGivenArgs(AbstractAspectJAdvice.java:648) ~[spring-aop-7.0.5.jar:7.0.5]
	at org.springframework.aop.aspectj.AbstractAspectJAdvice.invokeAdviceMethod(AbstractAspectJAdvice.java:630) ~[spring-aop-7.0.5.jar:7.0.5]
	at org.springframework.aop.aspectj.AspectJAroundAdvice.invoke(AspectJAroundAdvice.java:70) ~[spring-aop-7.0.5.jar:7.0.5]
	at org.springframework.aop.framework.ReflectiveMethodInvocation.proceed(ReflectiveMethodInvocation.java:168) ~[spring-aop-7.0.5.jar:7.0.5]
	at org.springframework.aop.interceptor.ExposeInvocationInterceptor.invoke(ExposeInvocationInterceptor.java:96) ~[spring-aop-7.0.5.jar:7.0.5]
	at org.springframework.aop.framework.ReflectiveMethodInvocation.proceed(ReflectiveMethodInvocation.java:179) ~[spring-aop-7.0.5.jar:7.0.5]
	at org.springframework.aop.framework.CglibAopProxy$DynamicAdvisedInterceptor.intercept(CglibAopProxy.java:719) ~[spring-aop-7.0.5.jar:7.0.5]
	at com.cly.userservice.service.impl.UserServiceImpl$$SpringCGLIB$$0.login(<generated>) ~[classes/:na]
	at com.cly.userservice.controller.UserController.login(UserController.java:37) ~[classes/:na]
	at java.base/jdk.internal.reflect.DirectMethodHandleAccessor.invoke(DirectMethodHandleAccessor.java:103) ~[na:na]
	at java.base/java.lang.reflect.Method.invoke(Method.java:580) ~[na:na]
	at org.springframework.web.method.support.InvocableHandlerMethod.doInvoke(InvocableHandlerMethod.java:252) ~[spring-web-7.0.5.jar:7.0.5]
	at org.springframework.web.method.support.InvocableHandlerMethod.invokeForRequest(InvocableHandlerMethod.java:184) ~[spring-web-7.0.5.jar:7.0.5]
	at org.springframework.web.servlet.mvc.method.annotation.ServletInvocableHandlerMethod.invokeAndHandle(ServletInvocableHandlerMethod.java:117) ~[spring-webmvc-7.0.5.jar:7.0.5]
	at org.springframework.web.servlet.mvc.method.annotation.RequestMappingHandlerAdapter.invokeHandlerMethod(RequestMappingHandlerAdapter.java:934) ~[spring-webmvc-7.0.5.jar:7.0.5]
	at org.springframework.web.servlet.mvc.method.annotation.RequestMappingHandlerAdapter.handleInternal(RequestMappingHandlerAdapter.java:853) ~[spring-webmvc-7.0.5.jar:7.0.5]
	at org.springframework.web.servlet.mvc.method.AbstractHandlerMethodAdapter.handle(AbstractHandlerMethodAdapter.java:86) ~[spring-webmvc-7.0.5.jar:7.0.5]
	at org.springframework.web.servlet.DispatcherServlet.doDispatch(DispatcherServlet.java:963) ~[spring-webmvc-7.0.5.jar:7.0.5]
	at org.springframework.web.servlet.DispatcherServlet.doService(DispatcherServlet.java:866) ~[spring-webmvc-7.0.5.jar:7.0.5]
	at org.springframework.web.servlet.FrameworkServlet.processRequest(FrameworkServlet.java:1000) ~[spring-webmvc-7.0.5.jar:7.0.5]
	at org.springframework.web.servlet.FrameworkServlet.doPost(FrameworkServlet.java:903) ~[spring-webmvc-7.0.5.jar:7.0.5]
	at jakarta.servlet.http.HttpServlet.service(HttpServlet.java:649) ~[tomcat-embed-core-11.0.18.jar:6.1]
	at org.springframework.web.servlet.FrameworkServlet.service(FrameworkServlet.java:874) ~[spring-webmvc-7.0.5.jar:7.0.5]
	at jakarta.servlet.http.HttpServlet.service(HttpServlet.java:710) ~[tomcat-embed-core-11.0.18.jar:6.1]
	at org.apache.catalina.core.ApplicationFilterChain.doFilter(ApplicationFilterChain.java:128) ~[tomcat-embed-core-11.0.18.jar:11.0.18]
	at org.apache.tomcat.websocket.server.WsFilter.doFilter(WsFilter.java:53) ~[tomcat-embed-websocket-11.0.18.jar:11.0.18]
	at org.apache.catalina.core.ApplicationFilterChain.doFilter(ApplicationFilterChain.java:107) ~[tomcat-embed-core-11.0.18.jar:11.0.18]
	at org.springframework.web.filter.RequestContextFilter.doFilterInternal(RequestContextFilter.java:100) ~[spring-web-7.0.5.jar:7.0.5]
	at org.springframework.web.filter.OncePerRequestFilter.doFilter(OncePerRequestFilter.java:116) ~[spring-web-7.0.5.jar:7.0.5]
	at org.apache.catalina.core.ApplicationFilterChain.doFilter(ApplicationFilterChain.java:107) ~[tomcat-embed-core-11.0.18.jar:11.0.18]
	at org.springframework.web.filter.FormContentFilter.doFilterInternal(FormContentFilter.java:93) ~[spring-web-7.0.5.jar:7.0.5]
	at org.springframework.web.filter.OncePerRequestFilter.doFilter(OncePerRequestFilter.java:116) ~[spring-web-7.0.5.jar:7.0.5]
	at org.apache.catalina.core.ApplicationFilterChain.doFilter(ApplicationFilterChain.java:107) ~[tomcat-embed-core-11.0.18.jar:11.0.18]
	at org.springframework.web.filter.CharacterEncodingFilter.doFilterInternal(CharacterEncodingFilter.java:199) ~[spring-web-7.0.5.jar:7.0.5]
	at org.springframework.web.filter.OncePerRequestFilter.doFilter(OncePerRequestFilter.java:116) ~[spring-web-7.0.5.jar:7.0.5]
	at org.apache.catalina.core.ApplicationFilterChain.doFilter(ApplicationFilterChain.java:107) ~[tomcat-embed-core-11.0.18.jar:11.0.18]
	at org.apache.catalina.core.StandardWrapperValve.invoke(StandardWrapperValve.java:165) ~[tomcat-embed-core-11.0.18.jar:11.0.18]
	at org.apache.catalina.core.StandardContextValve.invoke(StandardContextValve.java:77) ~[tomcat-embed-core-11.0.18.jar:11.0.18]
	at org.apache.catalina.authenticator.AuthenticatorBase.invoke(AuthenticatorBase.java:492) ~[tomcat-embed-core-11.0.18.jar:11.0.18]
	at org.apache.catalina.core.StandardHostValve.invoke(StandardHostValve.java:113) ~[tomcat-embed-core-11.0.18.jar:11.0.18]
	at org.apache.catalina.valves.ErrorReportValve.invoke(ErrorReportValve.java:83) ~[tomcat-embed-core-11.0.18.jar:11.0.18]
	at org.apache.catalina.core.StandardEngineValve.invoke(StandardEngineValve.java:72) ~[tomcat-embed-core-11.0.18.jar:11.0.18]
	at org.apache.catalina.connector.CoyoteAdapter.service(CoyoteAdapter.java:341) ~[tomcat-embed-core-11.0.18.jar:11.0.18]
	at org.apache.coyote.http11.Http11Processor.service(Http11Processor.java:397) ~[tomcat-embed-core-11.0.18.jar:11.0.18]
	at org.apache.coyote.AbstractProcessorLight.process(AbstractProcessorLight.java:63) ~[tomcat-embed-core-11.0.18.jar:11.0.18]
	at org.apache.coyote.AbstractProtocol$ConnectionHandler.process(AbstractProtocol.java:903) ~[tomcat-embed-core-11.0.18.jar:11.0.18]
	at org.apache.tomcat.util.net.NioEndpoint$SocketProcessor.doRun(NioEndpoint.java:1779) ~[tomcat-embed-core-11.0.18.jar:11.0.18]
	at org.apache.tomcat.util.net.SocketProcessorBase.run(SocketProcessorBase.java:52) ~[tomcat-embed-core-11.0.18.jar:11.0.18]
	at org.apache.tomcat.util.threads.ThreadPoolExecutor.runWorker(ThreadPoolExecutor.java:946) ~[tomcat-embed-core-11.0.18.jar:11.0.18]
	at org.apache.tomcat.util.threads.ThreadPoolExecutor$Worker.run(ThreadPoolExecutor.java:480) ~[tomcat-embed-core-11.0.18.jar:11.0.18]
	at org.apache.tomcat.util.threads.TaskThread$WrappingRunnable.run(TaskThread.java:57) ~[tomcat-embed-core-11.0.18.jar:11.0.18]
	at java.base/java.lang.Thread.run(Thread.java:1583) ~[na:na]

2026-03-29T23:44:23.418+08:00  INFO 16728 --- [user-service] [http-nio-9003-exec-2] c.c.u.aspect.BusinessLogAspect           : ========== 业务操作结束 ==========
2026-03-29T23:44:23.418+08:00  INFO 16728 --- [user-service] [http-nio-9003-exec-2] c.c.u.aspect.BusinessLogAspect           : 执行耗时：7ms
2026-03-29T23:44:23.418+08:00  INFO 16728 --- [user-service] [http-nio-9003-exec-2] c.c.u.aspect.BusinessLogAspect           : 执行状态：失败
2026-03-29T23:44:23.563+08:00  INFO 16728 --- [user-service] [http-nio-9003-exec-7] c.c.u.aspect.BusinessLogAspect           : ========== 业务操作开始 ==========
2026-03-29T23:44:23.563+08:00  INFO 16728 --- [user-service] [http-nio-9003-exec-7] c.c.u.aspect.BusinessLogAspect           : 时间：2026-03-29 23:44:23.563
2026-03-29T23:44:23.563+08:00  INFO 16728 --- [user-service] [http-nio-9003-exec-7] c.c.u.aspect.BusinessLogAspect           : 接口：POST /user/login
2026-03-29T23:44:23.563+08:00  INFO 16728 --- [user-service] [http-nio-9003-exec-7] c.c.u.aspect.BusinessLogAspect           : 类名：UserServiceImpl.login
2026-03-29T23:44:23.563+08:00  INFO 16728 --- [user-service] [http-nio-9003-exec-7] c.c.u.aspect.BusinessLogAspect           : 业务描述：用户登录
2026-03-29T23:44:23.563+08:00  INFO 16728 --- [user-service] [http-nio-9003-exec-7] c.c.u.aspect.BusinessLogAspect           : 业务类型：用户认证
2026-03-29T23:44:23.563+08:00  INFO 16728 --- [user-service] [http-nio-9003-exec-7] c.c.u.aspect.BusinessLogAspect           : 请求参数：["13800000000","123456"]
2026-03-29T23:44:23.568+08:00 ERROR 16728 --- [user-service] [http-nio-9003-exec-7] c.c.u.aspect.BusinessLogAspect           : 业务执行异常：手机号或密码错误

java.lang.RuntimeException: 手机号或密码错误
	at com.cly.userservice.service.impl.UserServiceImpl.login(UserServiceImpl.java:29) ~[classes/:na]
	at java.base/jdk.internal.reflect.DirectMethodHandleAccessor.invoke(DirectMethodHandleAccessor.java:103) ~[na:na]
	at java.base/java.lang.reflect.Method.invoke(Method.java:580) ~[na:na]
	at org.springframework.aop.support.AopUtils.invokeJoinpointUsingReflection(AopUtils.java:359) ~[spring-aop-7.0.5.jar:7.0.5]
	at org.springframework.aop.framework.ReflectiveMethodInvocation.invokeJoinpoint(ReflectiveMethodInvocation.java:190) ~[spring-aop-7.0.5.jar:7.0.5]
	at org.springframework.aop.framework.ReflectiveMethodInvocation.proceed(ReflectiveMethodInvocation.java:158) ~[spring-aop-7.0.5.jar:7.0.5]
	at org.springframework.aop.aspectj.MethodInvocationProceedingJoinPoint.proceed(MethodInvocationProceedingJoinPoint.java:82) ~[spring-aop-7.0.5.jar:7.0.5]
	at com.cly.userservice.aspect.BusinessLogAspect.around(BusinessLogAspect.java:75) ~[classes/:na]
	at java.base/jdk.internal.reflect.DirectMethodHandleAccessor.invoke(DirectMethodHandleAccessor.java:103) ~[na:na]
	at java.base/java.lang.reflect.Method.invoke(Method.java:580) ~[na:na]
	at org.springframework.aop.aspectj.AbstractAspectJAdvice.invokeAdviceMethodWithGivenArgs(AbstractAspectJAdvice.java:648) ~[spring-aop-7.0.5.jar:7.0.5]
	at org.springframework.aop.aspectj.AbstractAspectJAdvice.invokeAdviceMethod(AbstractAspectJAdvice.java:630) ~[spring-aop-7.0.5.jar:7.0.5]
	at org.springframework.aop.aspectj.AspectJAroundAdvice.invoke(AspectJAroundAdvice.java:70) ~[spring-aop-7.0.5.jar:7.0.5]
	at org.springframework.aop.framework.ReflectiveMethodInvocation.proceed(ReflectiveMethodInvocation.java:168) ~[spring-aop-7.0.5.jar:7.0.5]
	at org.springframework.aop.interceptor.ExposeInvocationInterceptor.invoke(ExposeInvocationInterceptor.java:96) ~[spring-aop-7.0.5.jar:7.0.5]
	at org.springframework.aop.framework.ReflectiveMethodInvocation.proceed(ReflectiveMethodInvocation.java:179) ~[spring-aop-7.0.5.jar:7.0.5]
	at org.springframework.aop.framework.CglibAopProxy$DynamicAdvisedInterceptor.intercept(CglibAopProxy.java:719) ~[spring-aop-7.0.5.jar:7.0.5]
	at com.cly.userservice.service.impl.UserServiceImpl$$SpringCGLIB$$0.login(<generated>) ~[classes/:na]
	at com.cly.userservice.controller.UserController.login(UserController.java:37) ~[classes/:na]
	at java.base/jdk.internal.reflect.DirectMethodHandleAccessor.invoke(DirectMethodHandleAccessor.java:103) ~[na:na]
	at java.base/java.lang.reflect.Method.invoke(Method.java:580) ~[na:na]
	at org.springframework.web.method.support.InvocableHandlerMethod.doInvoke(InvocableHandlerMethod.java:252) ~[spring-web-7.0.5.jar:7.0.5]
	at org.springframework.web.method.support.InvocableHandlerMethod.invokeForRequest(InvocableHandlerMethod.java:184) ~[spring-web-7.0.5.jar:7.0.5]
	at org.springframework.web.servlet.mvc.method.annotation.ServletInvocableHandlerMethod.invokeAndHandle(ServletInvocableHandlerMethod.java:117) ~[spring-webmvc-7.0.5.jar:7.0.5]
	at org.springframework.web.servlet.mvc.method.annotation.RequestMappingHandlerAdapter.invokeHandlerMethod(RequestMappingHandlerAdapter.java:934) ~[spring-webmvc-7.0.5.jar:7.0.5]
	at org.springframework.web.servlet.mvc.method.annotation.RequestMappingHandlerAdapter.handleInternal(RequestMappingHandlerAdapter.java:853) ~[spring-webmvc-7.0.5.jar:7.0.5]
	at org.springframework.web.servlet.mvc.method.AbstractHandlerMethodAdapter.handle(AbstractHandlerMethodAdapter.java:86) ~[spring-webmvc-7.0.5.jar:7.0.5]
	at org.springframework.web.servlet.DispatcherServlet.doDispatch(DispatcherServlet.java:963) ~[spring-webmvc-7.0.5.jar:7.0.5]
	at org.springframework.web.servlet.DispatcherServlet.doService(DispatcherServlet.java:866) ~[spring-webmvc-7.0.5.jar:7.0.5]
	at org.springframework.web.servlet.FrameworkServlet.processRequest(FrameworkServlet.java:1000) ~[spring-webmvc-7.0.5.jar:7.0.5]
	at org.springframework.web.servlet.FrameworkServlet.doPost(FrameworkServlet.java:903) ~[spring-webmvc-7.0.5.jar:7.0.5]
	at jakarta.servlet.http.HttpServlet.service(HttpServlet.java:649) ~[tomcat-embed-core-11.0.18.jar:6.1]
	at org.springframework.web.servlet.FrameworkServlet.service(FrameworkServlet.java:874) ~[spring-webmvc-7.0.5.jar:7.0.5]
	at jakarta.servlet.http.HttpServlet.service(HttpServlet.java:710) ~[tomcat-embed-core-11.0.18.jar:6.1]
	at org.apache.catalina.core.ApplicationFilterChain.doFilter(ApplicationFilterChain.java:128) ~[tomcat-embed-core-11.0.18.jar:11.0.18]
	at org.apache.tomcat.websocket.server.WsFilter.doFilter(WsFilter.java:53) ~[tomcat-embed-websocket-11.0.18.jar:11.0.18]
	at org.apache.catalina.core.ApplicationFilterChain.doFilter(ApplicationFilterChain.java:107) ~[tomcat-embed-core-11.0.18.jar:11.0.18]
	at org.springframework.web.filter.RequestContextFilter.doFilterInternal(RequestContextFilter.java:100) ~[spring-web-7.0.5.jar:7.0.5]
	at org.springframework.web.filter.OncePerRequestFilter.doFilter(OncePerRequestFilter.java:116) ~[spring-web-7.0.5.jar:7.0.5]
	at org.apache.catalina.core.ApplicationFilterChain.doFilter(ApplicationFilterChain.java:107) ~[tomcat-embed-core-11.0.18.jar:11.0.18]
	at org.springframework.web.filter.FormContentFilter.doFilterInternal(FormContentFilter.java:93) ~[spring-web-7.0.5.jar:7.0.5]
	at org.springframework.web.filter.OncePerRequestFilter.doFilter(OncePerRequestFilter.java:116) ~[spring-web-7.0.5.jar:7.0.5]
	at org.apache.catalina.core.ApplicationFilterChain.doFilter(ApplicationFilterChain.java:107) ~[tomcat-embed-core-11.0.18.jar:11.0.18]
	at org.springframework.web.filter.CharacterEncodingFilter.doFilterInternal(CharacterEncodingFilter.java:199) ~[spring-web-7.0.5.jar:7.0.5]
	at org.springframework.web.filter.OncePerRequestFilter.doFilter(OncePerRequestFilter.java:116) ~[spring-web-7.0.5.jar:7.0.5]
	at org.apache.catalina.core.ApplicationFilterChain.doFilter(ApplicationFilterChain.java:107) ~[tomcat-embed-core-11.0.18.jar:11.0.18]
	at org.apache.catalina.core.StandardWrapperValve.invoke(StandardWrapperValve.java:165) ~[tomcat-embed-core-11.0.18.jar:11.0.18]
	at org.apache.catalina.core.StandardContextValve.invoke(StandardContextValve.java:77) ~[tomcat-embed-core-11.0.18.jar:11.0.18]
	at org.apache.catalina.authenticator.AuthenticatorBase.invoke(AuthenticatorBase.java:492) ~[tomcat-embed-core-11.0.18.jar:11.0.18]
	at org.apache.catalina.core.StandardHostValve.invoke(StandardHostValve.java:113) ~[tomcat-embed-core-11.0.18.jar:11.0.18]
	at org.apache.catalina.valves.ErrorReportValve.invoke(ErrorReportValve.java:83) ~[tomcat-embed-core-11.0.18.jar:11.0.18]
	at org.apache.catalina.core.StandardEngineValve.invoke(StandardEngineValve.java:72) ~[tomcat-embed-core-11.0.18.jar:11.0.18]
	at org.apache.catalina.connector.CoyoteAdapter.service(CoyoteAdapter.java:341) ~[tomcat-embed-core-11.0.18.jar:11.0.18]
	at org.apache.coyote.http11.Http11Processor.service(Http11Processor.java:397) ~[tomcat-embed-core-11.0.18.jar:11.0.18]
	at org.apache.coyote.AbstractProcessorLight.process(AbstractProcessorLight.java:63) ~[tomcat-embed-core-11.0.18.jar:11.0.18]
	at org.apache.coyote.AbstractProtocol$ConnectionHandler.process(AbstractProtocol.java:903) ~[tomcat-embed-core-11.0.18.jar:11.0.18]
	at org.apache.tomcat.util.net.NioEndpoint$SocketProcessor.doRun(NioEndpoint.java:1779) ~[tomcat-embed-core-11.0.18.jar:11.0.18]
	at org.apache.tomcat.util.net.SocketProcessorBase.run(SocketProcessorBase.java:52) ~[tomcat-embed-core-11.0.18.jar:11.0.18]
	at org.apache.tomcat.util.threads.ThreadPoolExecutor.runWorker(ThreadPoolExecutor.java:946) ~[tomcat-embed-core-11.0.18.jar:11.0.18]
	at org.apache.tomcat.util.threads.ThreadPoolExecutor$Worker.run(ThreadPoolExecutor.java:480) ~[tomcat-embed-core-11.0.18.jar:11.0.18]
	at org.apache.tomcat.util.threads.TaskThread$WrappingRunnable.run(TaskThread.java:57) ~[tomcat-embed-core-11.0.18.jar:11.0.18]
	at java.base/java.lang.Thread.run(Thread.java:1583) ~[na:na]

2026-03-29T23:44:23.569+08:00  INFO 16728 --- [user-service] [http-nio-9003-exec-7] c.c.u.aspect.BusinessLogAspect           : ========== 业务操作结束 ==========
2026-03-29T23:44:23.569+08:00  INFO 16728 --- [user-service] [http-nio-9003-exec-7] c.c.u.aspect.BusinessLogAspect           : 执行耗时：6ms
2026-03-29T23:44:23.569+08:00  INFO 16728 --- [user-service] [http-nio-9003-exec-7] c.c.u.aspect.BusinessLogAspect           : 执行状态：失败
2026-03-29T23:44:27.391+08:00  INFO 16728 --- [user-service] [http-nio-9003-exec-8] c.c.u.aspect.BusinessLogAspect           : ========== 业务操作开始 ==========
2026-03-29T23:44:27.391+08:00  INFO 16728 --- [user-service] [http-nio-9003-exec-8] c.c.u.aspect.BusinessLogAspect           : 时间：2026-03-29 23:44:27.391
2026-03-29T23:44:27.391+08:00  INFO 16728 --- [user-service] [http-nio-9003-exec-8] c.c.u.aspect.BusinessLogAspect           : 接口：POST /user/login
2026-03-29T23:44:27.391+08:00  INFO 16728 --- [user-service] [http-nio-9003-exec-8] c.c.u.aspect.BusinessLogAspect           : 类名：UserServiceImpl.login
2026-03-29T23:44:27.391+08:00  INFO 16728 --- [user-service] [http-nio-9003-exec-8] c.c.u.aspect.BusinessLogAspect           : 业务描述：用户登录
2026-03-29T23:44:27.391+08:00  INFO 16728 --- [user-service] [http-nio-9003-exec-8] c.c.u.aspect.BusinessLogAspect           : 业务类型：用户认证
2026-03-29T23:44:27.391+08:00  INFO 16728 --- [user-service] [http-nio-9003-exec-8] c.c.u.aspect.BusinessLogAspect           : 请求参数：["13542748103","1346798520"]
2026-03-29T23:44:27.398+08:00  INFO 16728 --- [user-service] [http-nio-9003-exec-8] c.c.u.aspect.BusinessLogAspect           : ========== 业务操作结束 ==========
2026-03-29T23:44:27.398+08:00  INFO 16728 --- [user-service] [http-nio-9003-exec-8] c.c.u.aspect.BusinessLogAspect           : 执行耗时：7ms
2026-03-29T23:44:27.398+08:00  INFO 16728 --- [user-service] [http-nio-9003-exec-8] c.c.u.aspect.BusinessLogAspect           : 执行状态：成功
2026-03-29T23:44:28.529+08:00  INFO 32208 --- [order-service] [http-nio-9004-exec-9] c.c.o.aspect.BusinessLogAspect           : ========== 业务操作开始 ==========
2026-03-29T23:44:28.529+08:00  INFO 32208 --- [order-service] [http-nio-9004-exec-9] c.c.o.aspect.BusinessLogAspect           : 时间：2026-03-29 23:44:28.529
2026-03-29T23:44:28.529+08:00  INFO 32208 --- [order-service] [http-nio-9004-exec-9] c.c.o.aspect.BusinessLogAspect           : 接口：GET /order/list
2026-03-29T23:44:28.529+08:00  INFO 32208 --- [order-service] [http-nio-9004-exec-9] c.c.o.aspect.BusinessLogAspect           : 类名：OrderServiceImpl.getOrders
2026-03-29T23:44:28.529+08:00  INFO 32208 --- [order-service] [http-nio-9004-exec-9] c.c.o.aspect.BusinessLogAspect           : 业务描述：查询用户订单列表
2026-03-29T23:44:28.529+08:00  INFO 32208 --- [order-service] [http-nio-9004-exec-9] c.c.o.aspect.BusinessLogAspect           : 业务类型：订单查询
2026-03-29T23:44:28.529+08:00  INFO 32208 --- [order-service] [http-nio-9004-exec-9] c.c.o.aspect.BusinessLogAspect           : 请求参数：[2038244988630581249]
2026-03-29T23:44:28.539+08:00  INFO 32208 --- [order-service] [http-nio-9004-exec-9] c.c.o.aspect.BusinessLogAspect           : ========== 业务操作结束 ==========
2026-03-29T23:44:28.539+08:00  INFO 32208 --- [order-service] [http-nio-9004-exec-9] c.c.o.aspect.BusinessLogAspect           : 执行耗时：10ms
2026-03-29T23:44:28.539+08:00  INFO 32208 --- [order-service] [http-nio-9004-exec-9] c.c.o.aspect.BusinessLogAspect           : 执行状态：成功
2026-03-29T23:44:28.822+08:00  INFO 16728 --- [user-service] [http-nio-9003-exec-6] c.c.u.aspect.BusinessLogAspect           : ========== 业务操作开始 ==========
2026-03-29T23:44:28.822+08:00  INFO 16728 --- [user-service] [http-nio-9003-exec-6] c.c.u.aspect.BusinessLogAspect           : 时间：2026-03-29 23:44:28.822
2026-03-29T23:44:28.822+08:00  INFO 16728 --- [user-service] [http-nio-9003-exec-6] c.c.u.aspect.BusinessLogAspect           : 接口：GET /user/patient/list
2026-03-29T23:44:28.822+08:00  INFO 16728 --- [user-service] [http-nio-9003-exec-6] c.c.u.aspect.BusinessLogAspect           : 类名：PatientServiceImpl.getPatients
2026-03-29T23:44:28.822+08:00  INFO 16728 --- [user-service] [http-nio-9003-exec-6] c.c.u.aspect.BusinessLogAspect           : 业务描述：查询就诊人列表
2026-03-29T23:44:28.822+08:00  INFO 16728 --- [user-service] [http-nio-9003-exec-6] c.c.u.aspect.BusinessLogAspect           : 业务类型：就诊人管理
2026-03-29T23:44:28.822+08:00  INFO 16728 --- [user-service] [http-nio-9003-exec-6] c.c.u.aspect.BusinessLogAspect           : 请求参数：[2038244988630581249]
2026-03-29T23:44:28.826+08:00  INFO 16728 --- [user-service] [http-nio-9003-exec-6] c.c.u.aspect.BusinessLogAspect           : ========== 业务操作结束 ==========
2026-03-29T23:44:28.826+08:00  INFO 16728 --- [user-service] [http-nio-9003-exec-6] c.c.u.aspect.BusinessLogAspect           : 执行耗时：4ms
2026-03-29T23:44:28.826+08:00  INFO 16728 --- [user-service] [http-nio-9003-exec-6] c.c.u.aspect.BusinessLogAspect           : 执行状态：成功
2026-03-29T23:44:48.009+08:00  INFO 16728 --- [user-service] [http-nio-9003-exec-10] c.c.u.aspect.BusinessLogAspect           : ========== 业务操作开始 ==========
2026-03-29T23:44:48.009+08:00  INFO 16728 --- [user-service] [http-nio-9003-exec-10] c.c.u.aspect.BusinessLogAspect           : 时间：2026-03-29 23:44:48.009
2026-03-29T23:44:48.009+08:00  INFO 16728 --- [user-service] [http-nio-9003-exec-10] c.c.u.aspect.BusinessLogAspect           : 接口：POST /user/patient/insert
2026-03-29T23:44:48.009+08:00  INFO 16728 --- [user-service] [http-nio-9003-exec-10] c.c.u.aspect.BusinessLogAspect           : 类名：PatientServiceImpl.insertPatient
2026-03-29T23:44:48.009+08:00  INFO 16728 --- [user-service] [http-nio-9003-exec-10] c.c.u.aspect.BusinessLogAspect           : 业务描述：添加就诊人
2026-03-29T23:44:48.009+08:00  INFO 16728 --- [user-service] [http-nio-9003-exec-10] c.c.u.aspect.BusinessLogAspect           : 业务类型：就诊人管理
2026-03-29T23:44:48.009+08:00  INFO 16728 --- [user-service] [http-nio-9003-exec-10] c.c.u.aspect.BusinessLogAspect           : 请求参数：[2038244988630581249,{"gender":1,"idCard":"441581200120011541","name":"陈立","phone":"12312312331"}]
2026-03-29T23:44:48.026+08:00  INFO 16728 --- [user-service] [http-nio-9003-exec-10] c.c.u.aspect.BusinessLogAspect           : ========== 业务操作结束 ==========
2026-03-29T23:44:48.026+08:00  INFO 16728 --- [user-service] [http-nio-9003-exec-10] c.c.u.aspect.BusinessLogAspect           : 执行耗时：17ms
2026-03-29T23:44:48.026+08:00  INFO 16728 --- [user-service] [http-nio-9003-exec-10] c.c.u.aspect.BusinessLogAspect           : 执行状态：成功
2026-03-29T23:44:48.984+08:00  INFO 16728 --- [user-service] [http-nio-9003-exec-1] c.c.u.aspect.BusinessLogAspect           : ========== 业务操作开始 ==========
2026-03-29T23:44:48.984+08:00  INFO 16728 --- [user-service] [http-nio-9003-exec-1] c.c.u.aspect.BusinessLogAspect           : 时间：2026-03-29 23:44:48.984
2026-03-29T23:44:48.984+08:00  INFO 16728 --- [user-service] [http-nio-9003-exec-1] c.c.u.aspect.BusinessLogAspect           : 接口：GET /user/patient/list
2026-03-29T23:44:48.984+08:00  INFO 16728 --- [user-service] [http-nio-9003-exec-1] c.c.u.aspect.BusinessLogAspect           : 类名：PatientServiceImpl.getPatients
2026-03-29T23:44:48.984+08:00  INFO 16728 --- [user-service] [http-nio-9003-exec-1] c.c.u.aspect.BusinessLogAspect           : 业务描述：查询就诊人列表
2026-03-29T23:44:48.984+08:00  INFO 16728 --- [user-service] [http-nio-9003-exec-1] c.c.u.aspect.BusinessLogAspect           : 业务类型：就诊人管理
2026-03-29T23:44:48.984+08:00  INFO 16728 --- [user-service] [http-nio-9003-exec-1] c.c.u.aspect.BusinessLogAspect           : 请求参数：[2038244988630581249]
2026-03-29T23:44:48.994+08:00  INFO 16728 --- [user-service] [http-nio-9003-exec-1] c.c.u.aspect.BusinessLogAspect           : ========== 业务操作结束 ==========
2026-03-29T23:44:48.994+08:00  INFO 16728 --- [user-service] [http-nio-9003-exec-1] c.c.u.aspect.BusinessLogAspect           : 执行耗时：10ms
2026-03-29T23:44:48.994+08:00  INFO 16728 --- [user-service] [http-nio-9003-exec-1] c.c.u.aspect.BusinessLogAspect           : 执行状态：成功
2026-03-29T23:44:50.534+08:00  INFO 32208 --- [order-service] [http-nio-9004-exec-10] c.c.o.aspect.BusinessLogAspect           : ========== 业务操作开始 ==========
2026-03-29T23:44:50.534+08:00  INFO 32208 --- [order-service] [http-nio-9004-exec-10] c.c.o.aspect.BusinessLogAspect           : 时间：2026-03-29 23:44:50.534
2026-03-29T23:44:50.534+08:00  INFO 32208 --- [order-service] [http-nio-9004-exec-10] c.c.o.aspect.BusinessLogAspect           : 接口：GET /order/list
2026-03-29T23:44:50.534+08:00  INFO 32208 --- [order-service] [http-nio-9004-exec-10] c.c.o.aspect.BusinessLogAspect           : 类名：OrderServiceImpl.getOrders
2026-03-29T23:44:50.534+08:00  INFO 32208 --- [order-service] [http-nio-9004-exec-10] c.c.o.aspect.BusinessLogAspect           : 业务描述：查询用户订单列表
2026-03-29T23:44:50.534+08:00  INFO 32208 --- [order-service] [http-nio-9004-exec-10] c.c.o.aspect.BusinessLogAspect           : 业务类型：订单查询
2026-03-29T23:44:50.534+08:00  INFO 32208 --- [order-service] [http-nio-9004-exec-10] c.c.o.aspect.BusinessLogAspect           : 请求参数：[2038244988630581249]
2026-03-29T23:44:50.541+08:00  INFO 32208 --- [order-service] [http-nio-9004-exec-10] c.c.o.aspect.BusinessLogAspect           : ========== 业务操作结束 ==========
2026-03-29T23:44:50.541+08:00  INFO 32208 --- [order-service] [http-nio-9004-exec-10] c.c.o.aspect.BusinessLogAspect           : 执行耗时：7ms
2026-03-29T23:44:50.541+08:00  INFO 32208 --- [order-service] [http-nio-9004-exec-10] c.c.o.aspect.BusinessLogAspect           : 执行状态：成功
2026-03-29T23:44:50.814+08:00  INFO 16728 --- [user-service] [http-nio-9003-exec-3] c.c.u.aspect.BusinessLogAspect           : ========== 业务操作开始 ==========
2026-03-29T23:44:50.814+08:00  INFO 16728 --- [user-service] [http-nio-9003-exec-3] c.c.u.aspect.BusinessLogAspect           : 时间：2026-03-29 23:44:50.814
2026-03-29T23:44:50.814+08:00  INFO 16728 --- [user-service] [http-nio-9003-exec-3] c.c.u.aspect.BusinessLogAspect           : 接口：GET /user/patient/list
2026-03-29T23:44:50.814+08:00  INFO 16728 --- [user-service] [http-nio-9003-exec-3] c.c.u.aspect.BusinessLogAspect           : 类名：PatientServiceImpl.getPatients
2026-03-29T23:44:50.814+08:00  INFO 16728 --- [user-service] [http-nio-9003-exec-3] c.c.u.aspect.BusinessLogAspect           : 业务描述：查询就诊人列表
2026-03-29T23:44:50.814+08:00  INFO 16728 --- [user-service] [http-nio-9003-exec-3] c.c.u.aspect.BusinessLogAspect           : 业务类型：就诊人管理
2026-03-29T23:44:50.814+08:00  INFO 16728 --- [user-service] [http-nio-9003-exec-3] c.c.u.aspect.BusinessLogAspect           : 请求参数：[2038244988630581249]
2026-03-29T23:44:50.817+08:00  INFO 16728 --- [user-service] [http-nio-9003-exec-3] c.c.u.aspect.BusinessLogAspect           : ========== 业务操作结束 ==========
2026-03-29T23:44:50.817+08:00  INFO 16728 --- [user-service] [http-nio-9003-exec-3] c.c.u.aspect.BusinessLogAspect           : 执行耗时：3ms
2026-03-29T23:44:50.817+08:00  INFO 16728 --- [user-service] [http-nio-9003-exec-3] c.c.u.aspect.BusinessLogAspect           : 执行状态：成功
2026-03-29T23:44:53.384+08:00  INFO 32208 --- [order-service] [http-nio-9004-exec-1] c.c.o.aspect.BusinessLogAspect           : ========== 业务操作开始 ==========
2026-03-29T23:44:53.384+08:00  INFO 32208 --- [order-service] [http-nio-9004-exec-1] c.c.o.aspect.BusinessLogAspect           : 时间：2026-03-29 23:44:53.384
2026-03-29T23:44:53.384+08:00  INFO 32208 --- [order-service] [http-nio-9004-exec-1] c.c.o.aspect.BusinessLogAspect           : 接口：GET /order/list
2026-03-29T23:44:53.384+08:00  INFO 32208 --- [order-service] [http-nio-9004-exec-1] c.c.o.aspect.BusinessLogAspect           : 类名：OrderServiceImpl.getOrders
2026-03-29T23:44:53.384+08:00  INFO 32208 --- [order-service] [http-nio-9004-exec-1] c.c.o.aspect.BusinessLogAspect           : 业务描述：查询用户订单列表
2026-03-29T23:44:53.384+08:00  INFO 32208 --- [order-service] [http-nio-9004-exec-1] c.c.o.aspect.BusinessLogAspect           : 业务类型：订单查询
2026-03-29T23:44:53.384+08:00  INFO 32208 --- [order-service] [http-nio-9004-exec-1] c.c.o.aspect.BusinessLogAspect           : 请求参数：[2038244988630581249]
2026-03-29T23:44:53.392+08:00  INFO 32208 --- [order-service] [http-nio-9004-exec-1] c.c.o.aspect.BusinessLogAspect           : ========== 业务操作结束 ==========
2026-03-29T23:44:53.392+08:00  INFO 32208 --- [order-service] [http-nio-9004-exec-1] c.c.o.aspect.BusinessLogAspect           : 执行耗时：8ms
2026-03-29T23:44:53.392+08:00  INFO 32208 --- [order-service] [http-nio-9004-exec-1] c.c.o.aspect.BusinessLogAspect           : 执行状态：成功
2026-03-29T23:44:53.734+08:00  INFO 22204 --- [doctor-service] [http-nio-9002-exec-1] c.c.d.aspect.BusinessLogAspect           : [业务] 排班查询 - ScheduleServiceImpl.findDetailByDate - 查询排班详情（缓存优化）
2026-03-29T23:44:54.590+08:00  INFO 32208 --- [order-service] [http-nio-9004-exec-2] c.c.o.aspect.BusinessLogAspect           : ========== 业务操作开始 ==========
2026-03-29T23:44:54.590+08:00  INFO 32208 --- [order-service] [http-nio-9004-exec-2] c.c.o.aspect.BusinessLogAspect           : 时间：2026-03-29 23:44:54.590
2026-03-29T23:44:54.590+08:00  INFO 32208 --- [order-service] [http-nio-9004-exec-2] c.c.o.aspect.BusinessLogAspect           : 接口：GET /order/list
2026-03-29T23:44:54.590+08:00  INFO 32208 --- [order-service] [http-nio-9004-exec-2] c.c.o.aspect.BusinessLogAspect           : 类名：OrderServiceImpl.getOrders
2026-03-29T23:44:54.590+08:00  INFO 32208 --- [order-service] [http-nio-9004-exec-2] c.c.o.aspect.BusinessLogAspect           : 业务描述：查询用户订单列表
2026-03-29T23:44:54.590+08:00  INFO 32208 --- [order-service] [http-nio-9004-exec-2] c.c.o.aspect.BusinessLogAspect           : 业务类型：订单查询
2026-03-29T23:44:54.591+08:00  INFO 32208 --- [order-service] [http-nio-9004-exec-2] c.c.o.aspect.BusinessLogAspect           : 请求参数：[2038244988630581249]
2026-03-29T23:44:54.600+08:00  INFO 32208 --- [order-service] [http-nio-9004-exec-2] c.c.o.aspect.BusinessLogAspect           : ========== 业务操作结束 ==========
2026-03-29T23:44:54.600+08:00  INFO 32208 --- [order-service] [http-nio-9004-exec-2] c.c.o.aspect.BusinessLogAspect           : 执行耗时：9ms
2026-03-29T23:44:54.600+08:00  INFO 32208 --- [order-service] [http-nio-9004-exec-2] c.c.o.aspect.BusinessLogAspect           : 执行状态：成功
2026-03-29T23:44:55.170+08:00  INFO 22204 --- [doctor-service] [http-nio-9002-exec-2] c.c.d.aspect.BusinessLogAspect           : [业务] 排班查询 - ScheduleServiceImpl.findDetailByDate - 查询排班详情（缓存优化）
2026-03-29T23:44:55.782+08:00  INFO 32208 --- [order-service] [http-nio-9004-exec-3] c.c.o.aspect.BusinessLogAspect           : ========== 业务操作开始 ==========
2026-03-29T23:44:55.782+08:00  INFO 32208 --- [order-service] [http-nio-9004-exec-3] c.c.o.aspect.BusinessLogAspect           : 时间：2026-03-29 23:44:55.782
2026-03-29T23:44:55.782+08:00  INFO 32208 --- [order-service] [http-nio-9004-exec-3] c.c.o.aspect.BusinessLogAspect           : 接口：GET /order/list
2026-03-29T23:44:55.782+08:00  INFO 32208 --- [order-service] [http-nio-9004-exec-3] c.c.o.aspect.BusinessLogAspect           : 类名：OrderServiceImpl.getOrders
2026-03-29T23:44:55.782+08:00  INFO 32208 --- [order-service] [http-nio-9004-exec-3] c.c.o.aspect.BusinessLogAspect           : 业务描述：查询用户订单列表
2026-03-29T23:44:55.782+08:00  INFO 32208 --- [order-service] [http-nio-9004-exec-3] c.c.o.aspect.BusinessLogAspect           : 业务类型：订单查询
2026-03-29T23:44:55.782+08:00  INFO 32208 --- [order-service] [http-nio-9004-exec-3] c.c.o.aspect.BusinessLogAspect           : 请求参数：[2038244988630581249]
2026-03-29T23:44:55.788+08:00  INFO 32208 --- [order-service] [http-nio-9004-exec-3] c.c.o.aspect.BusinessLogAspect           : ========== 业务操作结束 ==========
2026-03-29T23:44:55.788+08:00  INFO 32208 --- [order-service] [http-nio-9004-exec-3] c.c.o.aspect.BusinessLogAspect           : 执行耗时：6ms
2026-03-29T23:44:55.788+08:00  INFO 32208 --- [order-service] [http-nio-9004-exec-3] c.c.o.aspect.BusinessLogAspect           : 执行状态：成功
2026-03-29T23:44:55.802+08:00  INFO 22204 --- [doctor-service] [http-nio-9002-exec-4] c.c.d.aspect.BusinessLogAspect           : [业务] 排班查询 - ScheduleServiceImpl.findDetailByDate - 查询排班详情（缓存优化）
2026-03-29T23:44:56.898+08:00  INFO 22204 --- [doctor-service] [http-nio-9002-exec-3] c.c.d.aspect.BusinessLogAspect           : [业务] 排班查询 - ScheduleServiceImpl.findDetailByDate - 查询排班详情（缓存优化）
2026-03-29T23:44:58.602+08:00  INFO 16728 --- [user-service] [http-nio-9003-exec-9] c.c.u.aspect.BusinessLogAspect           : ========== 业务操作开始 ==========
2026-03-29T23:44:58.602+08:00  INFO 16728 --- [user-service] [http-nio-9003-exec-9] c.c.u.aspect.BusinessLogAspect           : 时间：2026-03-29 23:44:58.602
2026-03-29T23:44:58.602+08:00  INFO 16728 --- [user-service] [http-nio-9003-exec-9] c.c.u.aspect.BusinessLogAspect           : 接口：GET /user/patient/list
2026-03-29T23:44:58.602+08:00  INFO 16728 --- [user-service] [http-nio-9003-exec-9] c.c.u.aspect.BusinessLogAspect           : 类名：PatientServiceImpl.getPatients
2026-03-29T23:44:58.602+08:00  INFO 16728 --- [user-service] [http-nio-9003-exec-9] c.c.u.aspect.BusinessLogAspect           : 业务描述：查询就诊人列表
2026-03-29T23:44:58.602+08:00  INFO 16728 --- [user-service] [http-nio-9003-exec-9] c.c.u.aspect.BusinessLogAspect           : 业务类型：就诊人管理
2026-03-29T23:44:58.602+08:00  INFO 16728 --- [user-service] [http-nio-9003-exec-9] c.c.u.aspect.BusinessLogAspect           : 请求参数：[2038244988630581249]
2026-03-29T23:44:58.605+08:00  INFO 16728 --- [user-service] [http-nio-9003-exec-9] c.c.u.aspect.BusinessLogAspect           : ========== 业务操作结束 ==========
2026-03-29T23:44:58.605+08:00  INFO 16728 --- [user-service] [http-nio-9003-exec-9] c.c.u.aspect.BusinessLogAspect           : 执行耗时：3ms
2026-03-29T23:44:58.605+08:00  INFO 16728 --- [user-service] [http-nio-9003-exec-9] c.c.u.aspect.BusinessLogAspect           : 执行状态：成功
2026-03-29T23:44:59.234+08:00  INFO 32208 --- [order-service] [http-nio-9004-exec-5] c.c.o.aspect.BusinessLogAspect           : ========== 业务操作开始 ==========
2026-03-29T23:44:59.234+08:00  INFO 32208 --- [order-service] [http-nio-9004-exec-5] c.c.o.aspect.BusinessLogAspect           : 时间：2026-03-29 23:44:59.234
2026-03-29T23:44:59.234+08:00  INFO 32208 --- [order-service] [http-nio-9004-exec-5] c.c.o.aspect.BusinessLogAspect           : 接口：POST /order/create
2026-03-29T23:44:59.234+08:00  INFO 32208 --- [order-service] [http-nio-9004-exec-5] c.c.o.aspect.BusinessLogAspect           : 类名：OrderServiceImpl.createOrder
2026-03-29T23:44:59.234+08:00  INFO 32208 --- [order-service] [http-nio-9004-exec-5] c.c.o.aspect.BusinessLogAspect           : 业务描述：创建订单（MQ 异步）
2026-03-29T23:44:59.234+08:00  INFO 32208 --- [order-service] [http-nio-9004-exec-5] c.c.o.aspect.BusinessLogAspect           : 业务类型：订单管理
2026-03-29T23:44:59.234+08:00  INFO 32208 --- [order-service] [http-nio-9004-exec-5] c.c.o.aspect.BusinessLogAspect           : 请求参数：[2038244988630581249,5582809098074281,202603292098]
2026-03-29T23:44:59.237+08:00  INFO 22204 --- [doctor-service] [http-nio-9002-exec-5] c.c.d.aspect.BusinessLogAspect           : [业务] 挂号下单 - ScheduleServiceImpl.deductAvailableNum - 扣减号源库存
2026-03-29T23:44:59.247+08:00  INFO 16728 --- [user-service] [http-nio-9003-exec-5] c.c.u.aspect.BusinessLogAspect           : ========== 业务操作开始 ==========
2026-03-29T23:44:59.247+08:00  INFO 16728 --- [user-service] [http-nio-9003-exec-5] c.c.u.aspect.BusinessLogAspect           : 时间：2026-03-29 23:44:59.247
2026-03-29T23:44:59.247+08:00  INFO 16728 --- [user-service] [http-nio-9003-exec-5] c.c.u.aspect.BusinessLogAspect           : 接口：GET /user/patient/list
2026-03-29T23:44:59.247+08:00  INFO 16728 --- [user-service] [http-nio-9003-exec-5] c.c.u.aspect.BusinessLogAspect           : 类名：PatientServiceImpl.getPatients
2026-03-29T23:44:59.247+08:00  INFO 16728 --- [user-service] [http-nio-9003-exec-5] c.c.u.aspect.BusinessLogAspect           : 业务描述：查询就诊人列表
2026-03-29T23:44:59.247+08:00  INFO 16728 --- [user-service] [http-nio-9003-exec-5] c.c.u.aspect.BusinessLogAspect           : 业务类型：就诊人管理
2026-03-29T23:44:59.247+08:00  INFO 16728 --- [user-service] [http-nio-9003-exec-5] c.c.u.aspect.BusinessLogAspect           : 请求参数：[2038244988630581249]
2026-03-29T23:44:59.248+08:00  INFO 16728 --- [user-service] [http-nio-9003-exec-5] c.c.u.aspect.BusinessLogAspect           : ========== 业务操作结束 ==========
2026-03-29T23:44:59.248+08:00  INFO 16728 --- [user-service] [http-nio-9003-exec-5] c.c.u.aspect.BusinessLogAspect           : 执行耗时：1ms
2026-03-29T23:44:59.248+08:00  INFO 16728 --- [user-service] [http-nio-9003-exec-5] c.c.u.aspect.BusinessLogAspect           : 执行状态：成功
2026-03-29T23:44:59.267+08:00  INFO 32208 --- [order-service] [http-nio-9004-exec-5] c.c.o.aspect.BusinessLogAspect           : ========== 业务操作结束 ==========
2026-03-29T23:44:59.267+08:00  INFO 32208 --- [order-service] [http-nio-9004-exec-5] c.c.o.aspect.BusinessLogAspect           : 执行耗时：33ms
2026-03-29T23:44:59.267+08:00  INFO 32208 --- [order-service] [http-nio-9004-exec-5] c.c.o.aspect.BusinessLogAspect           : 执行状态：成功
2026-03-29T23:45:00.129+08:00  INFO 22204 --- [doctor-service] [http-nio-9002-exec-7] c.c.d.aspect.BusinessLogAspect           : [业务] 排班查询 - ScheduleServiceImpl.findDetailByDate - 查询排班详情（缓存优化）
2026-03-29T23:45:01.499+08:00  INFO 32208 --- [order-service] [http-nio-9004-exec-4] c.c.o.aspect.BusinessLogAspect           : ========== 业务操作开始 ==========
2026-03-29T23:45:01.499+08:00  INFO 32208 --- [order-service] [http-nio-9004-exec-4] c.c.o.aspect.BusinessLogAspect           : 时间：2026-03-29 23:45:01.499
2026-03-29T23:45:01.499+08:00  INFO 32208 --- [order-service] [http-nio-9004-exec-4] c.c.o.aspect.BusinessLogAspect           : 接口：GET /order/list
2026-03-29T23:45:01.499+08:00  INFO 32208 --- [order-service] [http-nio-9004-exec-4] c.c.o.aspect.BusinessLogAspect           : 类名：OrderServiceImpl.getOrders
2026-03-29T23:45:01.499+08:00  INFO 32208 --- [order-service] [http-nio-9004-exec-4] c.c.o.aspect.BusinessLogAspect           : 业务描述：查询用户订单列表
2026-03-29T23:45:01.499+08:00  INFO 32208 --- [order-service] [http-nio-9004-exec-4] c.c.o.aspect.BusinessLogAspect           : 业务类型：订单查询
2026-03-29T23:45:01.499+08:00  INFO 32208 --- [order-service] [http-nio-9004-exec-4] c.c.o.aspect.BusinessLogAspect           : 请求参数：[2038244988630581249]
2026-03-29T23:45:01.512+08:00  INFO 32208 --- [order-service] [http-nio-9004-exec-4] c.c.o.aspect.BusinessLogAspect           : ========== 业务操作结束 ==========
2026-03-29T23:45:01.512+08:00  INFO 32208 --- [order-service] [http-nio-9004-exec-4] c.c.o.aspect.BusinessLogAspect           : 执行耗时：13ms
2026-03-29T23:45:01.512+08:00  INFO 32208 --- [order-service] [http-nio-9004-exec-4] c.c.o.aspect.BusinessLogAspect           : 执行状态：成功
2026-03-29T23:45:04.726+08:00  INFO 32208 --- [order-service] [http-nio-9004-exec-6] c.c.o.aspect.BusinessLogAspect           : ========== 业务操作开始 ==========
2026-03-29T23:45:04.726+08:00  INFO 32208 --- [order-service] [http-nio-9004-exec-6] c.c.o.aspect.BusinessLogAspect           : 时间：2026-03-29 23:45:04.726
2026-03-29T23:45:04.726+08:00  INFO 32208 --- [order-service] [http-nio-9004-exec-6] c.c.o.aspect.BusinessLogAspect           : 接口：GET /order/list
2026-03-29T23:45:04.726+08:00  INFO 32208 --- [order-service] [http-nio-9004-exec-6] c.c.o.aspect.BusinessLogAspect           : 类名：OrderServiceImpl.getOrders
2026-03-29T23:45:04.726+08:00  INFO 32208 --- [order-service] [http-nio-9004-exec-6] c.c.o.aspect.BusinessLogAspect           : 业务描述：查询用户订单列表
2026-03-29T23:45:04.726+08:00  INFO 32208 --- [order-service] [http-nio-9004-exec-6] c.c.o.aspect.BusinessLogAspect           : 业务类型：订单查询
2026-03-29T23:45:04.726+08:00  INFO 32208 --- [order-service] [http-nio-9004-exec-6] c.c.o.aspect.BusinessLogAspect           : 请求参数：[2038244988630581249]
2026-03-29T23:45:04.732+08:00  INFO 32208 --- [order-service] [http-nio-9004-exec-6] c.c.o.aspect.BusinessLogAspect           : ========== 业务操作结束 ==========
2026-03-29T23:45:04.732+08:00  INFO 32208 --- [order-service] [http-nio-9004-exec-6] c.c.o.aspect.BusinessLogAspect           : 执行耗时：6ms
2026-03-29T23:45:04.732+08:00  INFO 32208 --- [order-service] [http-nio-9004-exec-6] c.c.o.aspect.BusinessLogAspect           : 执行状态：成功
2026-03-29T23:47:07.882+08:00  INFO 16728 --- [user-service] [http-nio-9003-exec-7] c.c.u.aspect.BusinessLogAspect           : ========== 业务操作开始 ==========
2026-03-29T23:47:07.882+08:00  INFO 16728 --- [user-service] [http-nio-9003-exec-7] c.c.u.aspect.BusinessLogAspect           : 时间：2026-03-29 23:47:07.882
2026-03-29T23:47:07.882+08:00  INFO 16728 --- [user-service] [http-nio-9003-exec-7] c.c.u.aspect.BusinessLogAspect           : 接口：GET /user/patient/list
2026-03-29T23:47:07.882+08:00  INFO 16728 --- [user-service] [http-nio-9003-exec-7] c.c.u.aspect.BusinessLogAspect           : 类名：PatientServiceImpl.getPatients
2026-03-29T23:47:07.882+08:00  INFO 16728 --- [user-service] [http-nio-9003-exec-7] c.c.u.aspect.BusinessLogAspect           : 业务描述：查询就诊人列表
2026-03-29T23:47:07.882+08:00  INFO 16728 --- [user-service] [http-nio-9003-exec-7] c.c.u.aspect.BusinessLogAspect           : 业务类型：就诊人管理
2026-03-29T23:47:07.882+08:00  INFO 16728 --- [user-service] [http-nio-9003-exec-7] c.c.u.aspect.BusinessLogAspect           : 请求参数：[2038244988630581249]
2026-03-29T23:47:07.885+08:00  INFO 16728 --- [user-service] [http-nio-9003-exec-7] c.c.u.aspect.BusinessLogAspect           : ========== 业务操作结束 ==========
2026-03-29T23:47:07.885+08:00  INFO 16728 --- [user-service] [http-nio-9003-exec-7] c.c.u.aspect.BusinessLogAspect           : 执行耗时：3ms
2026-03-29T23:47:07.885+08:00  INFO 16728 --- [user-service] [http-nio-9003-exec-7] c.c.u.aspect.BusinessLogAspect           : 执行状态：成功
2026-03-29T23:47:08.453+08:00  INFO 32208 --- [order-service] [http-nio-9004-exec-8] c.c.o.aspect.BusinessLogAspect           : ========== 业务操作开始 ==========
2026-03-29T23:47:08.453+08:00  INFO 32208 --- [order-service] [http-nio-9004-exec-8] c.c.o.aspect.BusinessLogAspect           : 时间：2026-03-29 23:47:08.453
2026-03-29T23:47:08.453+08:00  INFO 32208 --- [order-service] [http-nio-9004-exec-8] c.c.o.aspect.BusinessLogAspect           : 接口：GET /order/list
2026-03-29T23:47:08.453+08:00  INFO 32208 --- [order-service] [http-nio-9004-exec-8] c.c.o.aspect.BusinessLogAspect           : 类名：OrderServiceImpl.getOrders
2026-03-29T23:47:08.453+08:00  INFO 32208 --- [order-service] [http-nio-9004-exec-8] c.c.o.aspect.BusinessLogAspect           : 业务描述：查询用户订单列表
2026-03-29T23:47:08.453+08:00  INFO 32208 --- [order-service] [http-nio-9004-exec-8] c.c.o.aspect.BusinessLogAspect           : 业务类型：订单查询
2026-03-29T23:47:08.453+08:00  INFO 32208 --- [order-service] [http-nio-9004-exec-8] c.c.o.aspect.BusinessLogAspect           : 请求参数：[2038244988630581249]
2026-03-29T23:47:08.458+08:00  INFO 32208 --- [order-service] [http-nio-9004-exec-8] c.c.o.aspect.BusinessLogAspect           : ========== 业务操作结束 ==========
2026-03-29T23:47:08.458+08:00  INFO 32208 --- [order-service] [http-nio-9004-exec-8] c.c.o.aspect.BusinessLogAspect           : 执行耗时：5ms
2026-03-29T23:47:08.458+08:00  INFO 32208 --- [order-service] [http-nio-9004-exec-8] c.c.o.aspect.BusinessLogAspect           : 执行状态：成功
2026-03-29T23:48:04.503+08:00  INFO 16728 --- [user-service] [http-nio-9003-exec-8] c.c.u.aspect.BusinessLogAspect           : ========== 业务操作开始 ==========
2026-03-29T23:48:04.503+08:00  INFO 16728 --- [user-service] [http-nio-9003-exec-8] c.c.u.aspect.BusinessLogAspect           : 时间：2026-03-29 23:48:04.503
2026-03-29T23:48:04.503+08:00  INFO 16728 --- [user-service] [http-nio-9003-exec-8] c.c.u.aspect.BusinessLogAspect           : 接口：POST /user/login
2026-03-29T23:48:04.503+08:00  INFO 16728 --- [user-service] [http-nio-9003-exec-8] c.c.u.aspect.BusinessLogAspect           : 类名：UserServiceImpl.login
2026-03-29T23:48:04.503+08:00  INFO 16728 --- [user-service] [http-nio-9003-exec-8] c.c.u.aspect.BusinessLogAspect           : 业务描述：用户登录
2026-03-29T23:48:04.503+08:00  INFO 16728 --- [user-service] [http-nio-9003-exec-8] c.c.u.aspect.BusinessLogAspect           : 业务类型：用户认证
2026-03-29T23:48:04.503+08:00  INFO 16728 --- [user-service] [http-nio-9003-exec-8] c.c.u.aspect.BusinessLogAspect           : 请求参数：["13542748103","1346798520"]
2026-03-29T23:48:04.509+08:00  INFO 16728 --- [user-service] [http-nio-9003-exec-8] c.c.u.aspect.BusinessLogAspect           : ========== 业务操作结束 ==========
2026-03-29T23:48:04.509+08:00  INFO 16728 --- [user-service] [http-nio-9003-exec-8] c.c.u.aspect.BusinessLogAspect           : 执行耗时：6ms
2026-03-29T23:48:04.509+08:00  INFO 16728 --- [user-service] [http-nio-9003-exec-8] c.c.u.aspect.BusinessLogAspect           : 执行状态：成功
2026-03-29T23:48:04.557+08:00  INFO 32208 --- [order-service] [http-nio-9004-exec-9] c.c.o.aspect.BusinessLogAspect           : ========== 业务操作开始 ==========
2026-03-29T23:48:04.557+08:00  INFO 32208 --- [order-service] [http-nio-9004-exec-9] c.c.o.aspect.BusinessLogAspect           : 时间：2026-03-29 23:48:04.557
2026-03-29T23:48:04.557+08:00  INFO 32208 --- [order-service] [http-nio-9004-exec-9] c.c.o.aspect.BusinessLogAspect           : 接口：GET /order/list
2026-03-29T23:48:04.557+08:00  INFO 32208 --- [order-service] [http-nio-9004-exec-9] c.c.o.aspect.BusinessLogAspect           : 类名：OrderServiceImpl.getOrders
2026-03-29T23:48:04.557+08:00  INFO 32208 --- [order-service] [http-nio-9004-exec-9] c.c.o.aspect.BusinessLogAspect           : 业务描述：查询用户订单列表
2026-03-29T23:48:04.557+08:00  INFO 32208 --- [order-service] [http-nio-9004-exec-9] c.c.o.aspect.BusinessLogAspect           : 业务类型：订单查询
2026-03-29T23:48:04.557+08:00  INFO 32208 --- [order-service] [http-nio-9004-exec-9] c.c.o.aspect.BusinessLogAspect           : 请求参数：[2038244988630581249]
2026-03-29T23:48:04.560+08:00  INFO 32208 --- [order-service] [http-nio-9004-exec-9] c.c.o.aspect.BusinessLogAspect           : ========== 业务操作结束 ==========
2026-03-29T23:48:04.560+08:00  INFO 32208 --- [order-service] [http-nio-9004-exec-9] c.c.o.aspect.BusinessLogAspect           : 执行耗时：3ms
2026-03-29T23:48:04.560+08:00  INFO 32208 --- [order-service] [http-nio-9004-exec-9] c.c.o.aspect.BusinessLogAspect           : 执行状态：成功
2026-03-29T23:50:59.018+08:00  INFO 16728 --- [user-service] [http-nio-9003-exec-10] c.c.u.aspect.BusinessLogAspect           : ========== 业务操作开始 ==========
2026-03-29T23:50:59.018+08:00  INFO 16728 --- [user-service] [http-nio-9003-exec-10] c.c.u.aspect.BusinessLogAspect           : 时间：2026-03-29 23:50:59.018
2026-03-29T23:50:59.018+08:00  INFO 16728 --- [user-service] [http-nio-9003-exec-10] c.c.u.aspect.BusinessLogAspect           : 接口：POST /user/login
2026-03-29T23:50:59.018+08:00  INFO 16728 --- [user-service] [http-nio-9003-exec-10] c.c.u.aspect.BusinessLogAspect           : 类名：UserServiceImpl.login
2026-03-29T23:50:59.018+08:00  INFO 16728 --- [user-service] [http-nio-9003-exec-10] c.c.u.aspect.BusinessLogAspect           : 业务描述：用户登录
2026-03-29T23:50:59.018+08:00  INFO 16728 --- [user-service] [http-nio-9003-exec-10] c.c.u.aspect.BusinessLogAspect           : 业务类型：用户认证
2026-03-29T23:50:59.018+08:00  INFO 16728 --- [user-service] [http-nio-9003-exec-10] c.c.u.aspect.BusinessLogAspect           : 请求参数：["13542748103","1346798520"]
2026-03-29T23:50:59.028+08:00  INFO 16728 --- [user-service] [http-nio-9003-exec-10] c.c.u.aspect.BusinessLogAspect           : ========== 业务操作结束 ==========
2026-03-29T23:50:59.028+08:00  INFO 16728 --- [user-service] [http-nio-9003-exec-10] c.c.u.aspect.BusinessLogAspect           : 执行耗时：10ms
2026-03-29T23:50:59.028+08:00  INFO 16728 --- [user-service] [http-nio-9003-exec-10] c.c.u.aspect.BusinessLogAspect           : 执行状态：成功
2026-03-29T23:50:59.077+08:00  INFO 32208 --- [order-service] [http-nio-9004-exec-1] c.c.o.aspect.BusinessLogAspect           : ========== 业务操作开始 ==========
2026-03-29T23:50:59.077+08:00  INFO 32208 --- [order-service] [http-nio-9004-exec-1] c.c.o.aspect.BusinessLogAspect           : 时间：2026-03-29 23:50:59.077
2026-03-29T23:50:59.077+08:00  INFO 32208 --- [order-service] [http-nio-9004-exec-1] c.c.o.aspect.BusinessLogAspect           : 接口：GET /order/list
2026-03-29T23:50:59.077+08:00  INFO 32208 --- [order-service] [http-nio-9004-exec-1] c.c.o.aspect.BusinessLogAspect           : 类名：OrderServiceImpl.getOrders
2026-03-29T23:50:59.077+08:00  INFO 32208 --- [order-service] [http-nio-9004-exec-1] c.c.o.aspect.BusinessLogAspect           : 业务描述：查询用户订单列表
2026-03-29T23:50:59.077+08:00  INFO 32208 --- [order-service] [http-nio-9004-exec-1] c.c.o.aspect.BusinessLogAspect           : 业务类型：订单查询
2026-03-29T23:50:59.077+08:00  INFO 32208 --- [order-service] [http-nio-9004-exec-1] c.c.o.aspect.BusinessLogAspect           : 请求参数：[2038244988630581249]
2026-03-29T23:50:59.081+08:00  INFO 32208 --- [order-service] [http-nio-9004-exec-1] c.c.o.aspect.BusinessLogAspect           : ========== 业务操作结束 ==========
2026-03-29T23:50:59.081+08:00  INFO 32208 --- [order-service] [http-nio-9004-exec-1] c.c.o.aspect.BusinessLogAspect           : 执行耗时：4ms
2026-03-29T23:50:59.081+08:00  INFO 32208 --- [order-service] [http-nio-9004-exec-1] c.c.o.aspect.BusinessLogAspect           : 执行状态：成功
2026-03-29T23:51:05.053+08:00  INFO 16728 --- [user-service] [http-nio-9003-exec-1] c.c.u.aspect.BusinessLogAspect           : ========== 业务操作开始 ==========
2026-03-29T23:51:05.053+08:00  INFO 16728 --- [user-service] [http-nio-9003-exec-1] c.c.u.aspect.BusinessLogAspect           : 时间：2026-03-29 23:51:05.053
2026-03-29T23:51:05.053+08:00  INFO 16728 --- [user-service] [http-nio-9003-exec-1] c.c.u.aspect.BusinessLogAspect           : 接口：POST /user/login
2026-03-29T23:51:05.053+08:00  INFO 16728 --- [user-service] [http-nio-9003-exec-1] c.c.u.aspect.BusinessLogAspect           : 类名：UserServiceImpl.login
2026-03-29T23:51:05.053+08:00  INFO 16728 --- [user-service] [http-nio-9003-exec-1] c.c.u.aspect.BusinessLogAspect           : 业务描述：用户登录
2026-03-29T23:51:05.053+08:00  INFO 16728 --- [user-service] [http-nio-9003-exec-1] c.c.u.aspect.BusinessLogAspect           : 业务类型：用户认证
2026-03-29T23:51:05.053+08:00  INFO 16728 --- [user-service] [http-nio-9003-exec-1] c.c.u.aspect.BusinessLogAspect           : 请求参数：["13542748103","1346798520"]
2026-03-29T23:51:05.058+08:00  INFO 16728 --- [user-service] [http-nio-9003-exec-1] c.c.u.aspect.BusinessLogAspect           : ========== 业务操作结束 ==========
2026-03-29T23:51:05.058+08:00  INFO 16728 --- [user-service] [http-nio-9003-exec-1] c.c.u.aspect.BusinessLogAspect           : 执行耗时：5ms
2026-03-29T23:51:05.058+08:00  INFO 16728 --- [user-service] [http-nio-9003-exec-1] c.c.u.aspect.BusinessLogAspect           : 执行状态：成功
2026-03-29T23:51:05.101+08:00  INFO 32208 --- [order-service] [http-nio-9004-exec-2] c.c.o.aspect.BusinessLogAspect           : ========== 业务操作开始 ==========
2026-03-29T23:51:05.101+08:00  INFO 32208 --- [order-service] [http-nio-9004-exec-2] c.c.o.aspect.BusinessLogAspect           : 时间：2026-03-29 23:51:05.101
2026-03-29T23:51:05.101+08:00  INFO 32208 --- [order-service] [http-nio-9004-exec-2] c.c.o.aspect.BusinessLogAspect           : 接口：GET /order/list
2026-03-29T23:51:05.101+08:00  INFO 32208 --- [order-service] [http-nio-9004-exec-2] c.c.o.aspect.BusinessLogAspect           : 类名：OrderServiceImpl.getOrders
2026-03-29T23:51:05.101+08:00  INFO 32208 --- [order-service] [http-nio-9004-exec-2] c.c.o.aspect.BusinessLogAspect           : 业务描述：查询用户订单列表
2026-03-29T23:51:05.101+08:00  INFO 32208 --- [order-service] [http-nio-9004-exec-2] c.c.o.aspect.BusinessLogAspect           : 业务类型：订单查询
2026-03-29T23:51:05.101+08:00  INFO 32208 --- [order-service] [http-nio-9004-exec-2] c.c.o.aspect.BusinessLogAspect           : 请求参数：[2038244988630581249]
2026-03-29T23:51:05.104+08:00  INFO 32208 --- [order-service] [http-nio-9004-exec-2] c.c.o.aspect.BusinessLogAspect           : ========== 业务操作结束 ==========
2026-03-29T23:51:05.104+08:00  INFO 32208 --- [order-service] [http-nio-9004-exec-2] c.c.o.aspect.BusinessLogAspect           : 执行耗时：3ms
2026-03-29T23:51:05.104+08:00  INFO 32208 --- [order-service] [http-nio-9004-exec-2] c.c.o.aspect.BusinessLogAspect           : 执行状态：成功
2026-03-29T23:52:20.959+08:00  INFO 16728 --- [user-service] [http-nio-9003-exec-9] c.c.u.aspect.BusinessLogAspect           : ========== 业务操作开始 ==========
2026-03-29T23:52:20.959+08:00  INFO 16728 --- [user-service] [http-nio-9003-exec-9] c.c.u.aspect.BusinessLogAspect           : 时间：2026-03-29 23:52:20.959
2026-03-29T23:52:20.959+08:00  INFO 16728 --- [user-service] [http-nio-9003-exec-9] c.c.u.aspect.BusinessLogAspect           : 接口：POST /user/login
2026-03-29T23:52:20.959+08:00  INFO 16728 --- [user-service] [http-nio-9003-exec-9] c.c.u.aspect.BusinessLogAspect           : 类名：UserServiceImpl.login
2026-03-29T23:52:20.959+08:00  INFO 16728 --- [user-service] [http-nio-9003-exec-9] c.c.u.aspect.BusinessLogAspect           : 业务描述：用户登录
2026-03-29T23:52:20.959+08:00  INFO 16728 --- [user-service] [http-nio-9003-exec-9] c.c.u.aspect.BusinessLogAspect           : 业务类型：用户认证
2026-03-29T23:52:20.959+08:00  INFO 16728 --- [user-service] [http-nio-9003-exec-9] c.c.u.aspect.BusinessLogAspect           : 请求参数：["13542748103","1346798520"]
2026-03-29T23:52:20.967+08:00  INFO 16728 --- [user-service] [http-nio-9003-exec-9] c.c.u.aspect.BusinessLogAspect           : ========== 业务操作结束 ==========
2026-03-29T23:52:20.967+08:00  INFO 16728 --- [user-service] [http-nio-9003-exec-9] c.c.u.aspect.BusinessLogAspect           : 执行耗时：8ms
2026-03-29T23:52:20.967+08:00  INFO 16728 --- [user-service] [http-nio-9003-exec-9] c.c.u.aspect.BusinessLogAspect           : 执行状态：成功
2026-03-29T23:52:21.028+08:00  INFO 32208 --- [order-service] [http-nio-9004-exec-5] c.c.o.aspect.BusinessLogAspect           : ========== 业务操作开始 ==========
2026-03-29T23:52:21.028+08:00  INFO 32208 --- [order-service] [http-nio-9004-exec-5] c.c.o.aspect.BusinessLogAspect           : 时间：2026-03-29 23:52:21.028
2026-03-29T23:52:21.028+08:00  INFO 32208 --- [order-service] [http-nio-9004-exec-5] c.c.o.aspect.BusinessLogAspect           : 接口：GET /order/list
2026-03-29T23:52:21.028+08:00  INFO 32208 --- [order-service] [http-nio-9004-exec-5] c.c.o.aspect.BusinessLogAspect           : 类名：OrderServiceImpl.getOrders
2026-03-29T23:52:21.028+08:00  INFO 32208 --- [order-service] [http-nio-9004-exec-5] c.c.o.aspect.BusinessLogAspect           : 业务描述：查询用户订单列表
2026-03-29T23:52:21.028+08:00  INFO 32208 --- [order-service] [http-nio-9004-exec-5] c.c.o.aspect.BusinessLogAspect           : 业务类型：订单查询
2026-03-29T23:52:21.029+08:00  INFO 32208 --- [order-service] [http-nio-9004-exec-5] c.c.o.aspect.BusinessLogAspect           : 请求参数：[2038244988630581249]
2026-03-29T23:52:21.033+08:00  INFO 32208 --- [order-service] [http-nio-9004-exec-5] c.c.o.aspect.BusinessLogAspect           : ========== 业务操作结束 ==========
2026-03-29T23:52:21.033+08:00  INFO 32208 --- [order-service] [http-nio-9004-exec-5] c.c.o.aspect.BusinessLogAspect           : 执行耗时：4ms
2026-03-29T23:52:21.033+08:00  INFO 32208 --- [order-service] [http-nio-9004-exec-5] c.c.o.aspect.BusinessLogAspect           : 执行状态：成功
2026-03-29T23:54:02.881+08:00  INFO 16728 --- [user-service] [http-nio-9003-exec-4] c.c.u.aspect.BusinessLogAspect           : ========== 业务操作开始 ==========
2026-03-29T23:54:02.881+08:00  INFO 16728 --- [user-service] [http-nio-9003-exec-4] c.c.u.aspect.BusinessLogAspect           : 时间：2026-03-29 23:54:02.881
2026-03-29T23:54:02.881+08:00  INFO 16728 --- [user-service] [http-nio-9003-exec-4] c.c.u.aspect.BusinessLogAspect           : 接口：GET /user/patient/list
2026-03-29T23:54:02.881+08:00  INFO 16728 --- [user-service] [http-nio-9003-exec-4] c.c.u.aspect.BusinessLogAspect           : 类名：PatientServiceImpl.getPatients
2026-03-29T23:54:02.881+08:00  INFO 16728 --- [user-service] [http-nio-9003-exec-4] c.c.u.aspect.BusinessLogAspect           : 业务描述：查询就诊人列表
2026-03-29T23:54:02.881+08:00  INFO 16728 --- [user-service] [http-nio-9003-exec-4] c.c.u.aspect.BusinessLogAspect           : 业务类型：就诊人管理
2026-03-29T23:54:02.881+08:00  INFO 16728 --- [user-service] [http-nio-9003-exec-4] c.c.u.aspect.BusinessLogAspect           : 请求参数：[2038244988630581249]
2026-03-29T23:54:02.884+08:00  INFO 16728 --- [user-service] [http-nio-9003-exec-4] c.c.u.aspect.BusinessLogAspect           : ========== 业务操作结束 ==========
2026-03-29T23:54:02.884+08:00  INFO 16728 --- [user-service] [http-nio-9003-exec-4] c.c.u.aspect.BusinessLogAspect           : 执行耗时：3ms
2026-03-29T23:54:02.884+08:00  INFO 16728 --- [user-service] [http-nio-9003-exec-4] c.c.u.aspect.BusinessLogAspect           : 执行状态：成功
2026-03-29T23:54:09.837+08:00  INFO 35716 --- [order-service] [http-nio-9004-exec-1] c.c.o.aspect.BusinessLogAspect           : ========== 业务操作开始 ==========
2026-03-29T23:54:09.837+08:00  INFO 35716 --- [order-service] [http-nio-9004-exec-1] c.c.o.aspect.BusinessLogAspect           : 时间：2026-03-29 23:54:09.837
2026-03-29T23:54:09.837+08:00  INFO 35716 --- [order-service] [http-nio-9004-exec-1] c.c.o.aspect.BusinessLogAspect           : 接口：GET /order/list
2026-03-29T23:54:09.837+08:00  INFO 35716 --- [order-service] [http-nio-9004-exec-1] c.c.o.aspect.BusinessLogAspect           : 类名：OrderServiceImpl.getOrders
2026-03-29T23:54:09.837+08:00  INFO 35716 --- [order-service] [http-nio-9004-exec-1] c.c.o.aspect.BusinessLogAspect           : 业务描述：查询用户订单列表
2026-03-29T23:54:09.837+08:00  INFO 35716 --- [order-service] [http-nio-9004-exec-1] c.c.o.aspect.BusinessLogAspect           : 业务类型：订单查询
2026-03-29T23:54:09.837+08:00  INFO 35716 --- [order-service] [http-nio-9004-exec-1] c.c.o.aspect.BusinessLogAspect           : 请求参数：[2038244988630581249]
2026-03-29T23:54:10.365+08:00  INFO 35716 --- [order-service] [http-nio-9004-exec-2] c.c.o.aspect.BusinessLogAspect           : ========== 业务操作开始 ==========
2026-03-29T23:54:10.365+08:00  INFO 35716 --- [order-service] [http-nio-9004-exec-2] c.c.o.aspect.BusinessLogAspect           : 时间：2026-03-29 23:54:10.365
2026-03-29T23:54:10.365+08:00  INFO 35716 --- [order-service] [http-nio-9004-exec-2] c.c.o.aspect.BusinessLogAspect           : 接口：GET /order/list
2026-03-29T23:54:10.365+08:00  INFO 35716 --- [order-service] [http-nio-9004-exec-2] c.c.o.aspect.BusinessLogAspect           : 类名：OrderServiceImpl.getOrders
2026-03-29T23:54:10.365+08:00  INFO 35716 --- [order-service] [http-nio-9004-exec-2] c.c.o.aspect.BusinessLogAspect           : 业务描述：查询用户订单列表
2026-03-29T23:54:10.365+08:00  INFO 35716 --- [order-service] [http-nio-9004-exec-2] c.c.o.aspect.BusinessLogAspect           : 业务类型：订单查询
2026-03-29T23:54:10.365+08:00  INFO 35716 --- [order-service] [http-nio-9004-exec-2] c.c.o.aspect.BusinessLogAspect           : 请求参数：[2038244988630581249]
2026-03-29T23:54:10.732+08:00  INFO 35716 --- [order-service] [http-nio-9004-exec-2] c.c.o.aspect.BusinessLogAspect           : ========== 业务操作结束 ==========
2026-03-29T23:54:10.732+08:00  INFO 35716 --- [order-service] [http-nio-9004-exec-1] c.c.o.aspect.BusinessLogAspect           : ========== 业务操作结束 ==========
2026-03-29T23:54:10.732+08:00  INFO 35716 --- [order-service] [http-nio-9004-exec-2] c.c.o.aspect.BusinessLogAspect           : 执行耗时：366ms
2026-03-29T23:54:10.732+08:00  INFO 35716 --- [order-service] [http-nio-9004-exec-2] c.c.o.aspect.BusinessLogAspect           : 执行状态：成功
2026-03-29T23:54:10.732+08:00  INFO 35716 --- [order-service] [http-nio-9004-exec-1] c.c.o.aspect.BusinessLogAspect           : 执行耗时：895ms
2026-03-29T23:54:10.732+08:00  INFO 35716 --- [order-service] [http-nio-9004-exec-1] c.c.o.aspect.BusinessLogAspect           : 执行状态：成功
2026-03-29T23:54:12.202+08:00  INFO 35716 --- [order-service] [http-nio-9004-exec-3] c.c.o.aspect.BusinessLogAspect           : ========== 业务操作开始 ==========
2026-03-29T23:54:12.202+08:00  INFO 35716 --- [order-service] [http-nio-9004-exec-3] c.c.o.aspect.BusinessLogAspect           : 时间：2026-03-29 23:54:12.202
2026-03-29T23:54:12.202+08:00  INFO 35716 --- [order-service] [http-nio-9004-exec-3] c.c.o.aspect.BusinessLogAspect           : 接口：GET /order/list
2026-03-29T23:54:12.202+08:00  INFO 35716 --- [order-service] [http-nio-9004-exec-3] c.c.o.aspect.BusinessLogAspect           : 类名：OrderServiceImpl.getOrders
2026-03-29T23:54:12.202+08:00  INFO 35716 --- [order-service] [http-nio-9004-exec-3] c.c.o.aspect.BusinessLogAspect           : 业务描述：查询用户订单列表
2026-03-29T23:54:12.202+08:00  INFO 35716 --- [order-service] [http-nio-9004-exec-3] c.c.o.aspect.BusinessLogAspect           : 业务类型：订单查询
2026-03-29T23:54:12.203+08:00  INFO 35716 --- [order-service] [http-nio-9004-exec-3] c.c.o.aspect.BusinessLogAspect           : 请求参数：[2038244988630581249]
2026-03-29T23:54:12.215+08:00  INFO 35716 --- [order-service] [http-nio-9004-exec-3] c.c.o.aspect.BusinessLogAspect           : ========== 业务操作结束 ==========
2026-03-29T23:54:12.215+08:00  INFO 35716 --- [order-service] [http-nio-9004-exec-3] c.c.o.aspect.BusinessLogAspect           : 执行耗时：12ms
2026-03-29T23:54:12.215+08:00  INFO 35716 --- [order-service] [http-nio-9004-exec-3] c.c.o.aspect.BusinessLogAspect           : 执行状态：成功
2026-03-29T23:54:41.736+08:00  INFO 16728 --- [user-service] [http-nio-9003-exec-2] c.c.u.aspect.BusinessLogAspect           : ========== 业务操作开始 ==========
2026-03-29T23:54:41.736+08:00  INFO 16728 --- [user-service] [http-nio-9003-exec-2] c.c.u.aspect.BusinessLogAspect           : 时间：2026-03-29 23:54:41.736
2026-03-29T23:54:41.736+08:00  INFO 16728 --- [user-service] [http-nio-9003-exec-2] c.c.u.aspect.BusinessLogAspect           : 接口：POST /user/login
2026-03-29T23:54:41.736+08:00  INFO 16728 --- [user-service] [http-nio-9003-exec-2] c.c.u.aspect.BusinessLogAspect           : 类名：UserServiceImpl.login
2026-03-29T23:54:41.736+08:00  INFO 16728 --- [user-service] [http-nio-9003-exec-2] c.c.u.aspect.BusinessLogAspect           : 业务描述：用户登录
2026-03-29T23:54:41.736+08:00  INFO 16728 --- [user-service] [http-nio-9003-exec-2] c.c.u.aspect.BusinessLogAspect           : 业务类型：用户认证
2026-03-29T23:54:41.736+08:00  INFO 16728 --- [user-service] [http-nio-9003-exec-2] c.c.u.aspect.BusinessLogAspect           : 请求参数：["13800000000","123456"]
2026-03-29T23:54:41.741+08:00 ERROR 16728 --- [user-service] [http-nio-9003-exec-2] c.c.u.aspect.BusinessLogAspect           : 业务执行异常：手机号或密码错误

java.lang.RuntimeException: 手机号或密码错误
	at com.cly.userservice.service.impl.UserServiceImpl.login(UserServiceImpl.java:29) ~[classes/:na]
	at java.base/jdk.internal.reflect.DirectMethodHandleAccessor.invoke(DirectMethodHandleAccessor.java:103) ~[na:na]
	at java.base/java.lang.reflect.Method.invoke(Method.java:580) ~[na:na]
	at org.springframework.aop.support.AopUtils.invokeJoinpointUsingReflection(AopUtils.java:359) ~[spring-aop-7.0.5.jar:7.0.5]
	at org.springframework.aop.framework.ReflectiveMethodInvocation.invokeJoinpoint(ReflectiveMethodInvocation.java:190) ~[spring-aop-7.0.5.jar:7.0.5]
	at org.springframework.aop.framework.ReflectiveMethodInvocation.proceed(ReflectiveMethodInvocation.java:158) ~[spring-aop-7.0.5.jar:7.0.5]
	at org.springframework.aop.aspectj.MethodInvocationProceedingJoinPoint.proceed(MethodInvocationProceedingJoinPoint.java:82) ~[spring-aop-7.0.5.jar:7.0.5]
	at com.cly.userservice.aspect.BusinessLogAspect.around(BusinessLogAspect.java:75) ~[classes/:na]
	at java.base/jdk.internal.reflect.DirectMethodHandleAccessor.invoke(DirectMethodHandleAccessor.java:103) ~[na:na]
	at java.base/java.lang.reflect.Method.invoke(Method.java:580) ~[na:na]
	at org.springframework.aop.aspectj.AbstractAspectJAdvice.invokeAdviceMethodWithGivenArgs(AbstractAspectJAdvice.java:648) ~[spring-aop-7.0.5.jar:7.0.5]
	at org.springframework.aop.aspectj.AbstractAspectJAdvice.invokeAdviceMethod(AbstractAspectJAdvice.java:630) ~[spring-aop-7.0.5.jar:7.0.5]
	at org.springframework.aop.aspectj.AspectJAroundAdvice.invoke(AspectJAroundAdvice.java:70) ~[spring-aop-7.0.5.jar:7.0.5]
	at org.springframework.aop.framework.ReflectiveMethodInvocation.proceed(ReflectiveMethodInvocation.java:168) ~[spring-aop-7.0.5.jar:7.0.5]
	at org.springframework.aop.interceptor.ExposeInvocationInterceptor.invoke(ExposeInvocationInterceptor.java:96) ~[spring-aop-7.0.5.jar:7.0.5]
	at org.springframework.aop.framework.ReflectiveMethodInvocation.proceed(ReflectiveMethodInvocation.java:179) ~[spring-aop-7.0.5.jar:7.0.5]
	at org.springframework.aop.framework.CglibAopProxy$DynamicAdvisedInterceptor.intercept(CglibAopProxy.java:719) ~[spring-aop-7.0.5.jar:7.0.5]
	at com.cly.userservice.service.impl.UserServiceImpl$$SpringCGLIB$$0.login(<generated>) ~[classes/:na]
	at com.cly.userservice.controller.UserController.login(UserController.java:37) ~[classes/:na]
	at java.base/jdk.internal.reflect.DirectMethodHandleAccessor.invoke(DirectMethodHandleAccessor.java:103) ~[na:na]
	at java.base/java.lang.reflect.Method.invoke(Method.java:580) ~[na:na]
	at org.springframework.web.method.support.InvocableHandlerMethod.doInvoke(InvocableHandlerMethod.java:252) ~[spring-web-7.0.5.jar:7.0.5]
	at org.springframework.web.method.support.InvocableHandlerMethod.invokeForRequest(InvocableHandlerMethod.java:184) ~[spring-web-7.0.5.jar:7.0.5]
	at org.springframework.web.servlet.mvc.method.annotation.ServletInvocableHandlerMethod.invokeAndHandle(ServletInvocableHandlerMethod.java:117) ~[spring-webmvc-7.0.5.jar:7.0.5]
	at org.springframework.web.servlet.mvc.method.annotation.RequestMappingHandlerAdapter.invokeHandlerMethod(RequestMappingHandlerAdapter.java:934) ~[spring-webmvc-7.0.5.jar:7.0.5]
	at org.springframework.web.servlet.mvc.method.annotation.RequestMappingHandlerAdapter.handleInternal(RequestMappingHandlerAdapter.java:853) ~[spring-webmvc-7.0.5.jar:7.0.5]
	at org.springframework.web.servlet.mvc.method.AbstractHandlerMethodAdapter.handle(AbstractHandlerMethodAdapter.java:86) ~[spring-webmvc-7.0.5.jar:7.0.5]
	at org.springframework.web.servlet.DispatcherServlet.doDispatch(DispatcherServlet.java:963) ~[spring-webmvc-7.0.5.jar:7.0.5]
	at org.springframework.web.servlet.DispatcherServlet.doService(DispatcherServlet.java:866) ~[spring-webmvc-7.0.5.jar:7.0.5]
	at org.springframework.web.servlet.FrameworkServlet.processRequest(FrameworkServlet.java:1000) ~[spring-webmvc-7.0.5.jar:7.0.5]
	at org.springframework.web.servlet.FrameworkServlet.doPost(FrameworkServlet.java:903) ~[spring-webmvc-7.0.5.jar:7.0.5]
	at jakarta.servlet.http.HttpServlet.service(HttpServlet.java:649) ~[tomcat-embed-core-11.0.18.jar:6.1]
	at org.springframework.web.servlet.FrameworkServlet.service(FrameworkServlet.java:874) ~[spring-webmvc-7.0.5.jar:7.0.5]
	at jakarta.servlet.http.HttpServlet.service(HttpServlet.java:710) ~[tomcat-embed-core-11.0.18.jar:6.1]
	at org.apache.catalina.core.ApplicationFilterChain.doFilter(ApplicationFilterChain.java:128) ~[tomcat-embed-core-11.0.18.jar:11.0.18]
	at org.apache.tomcat.websocket.server.WsFilter.doFilter(WsFilter.java:53) ~[tomcat-embed-websocket-11.0.18.jar:11.0.18]
	at org.apache.catalina.core.ApplicationFilterChain.doFilter(ApplicationFilterChain.java:107) ~[tomcat-embed-core-11.0.18.jar:11.0.18]
	at org.springframework.web.filter.RequestContextFilter.doFilterInternal(RequestContextFilter.java:100) ~[spring-web-7.0.5.jar:7.0.5]
	at org.springframework.web.filter.OncePerRequestFilter.doFilter(OncePerRequestFilter.java:116) ~[spring-web-7.0.5.jar:7.0.5]
	at org.apache.catalina.core.ApplicationFilterChain.doFilter(ApplicationFilterChain.java:107) ~[tomcat-embed-core-11.0.18.jar:11.0.18]
	at org.springframework.web.filter.FormContentFilter.doFilterInternal(FormContentFilter.java:93) ~[spring-web-7.0.5.jar:7.0.5]
	at org.springframework.web.filter.OncePerRequestFilter.doFilter(OncePerRequestFilter.java:116) ~[spring-web-7.0.5.jar:7.0.5]
	at org.apache.catalina.core.ApplicationFilterChain.doFilter(ApplicationFilterChain.java:107) ~[tomcat-embed-core-11.0.18.jar:11.0.18]
	at org.springframework.web.filter.CharacterEncodingFilter.doFilterInternal(CharacterEncodingFilter.java:199) ~[spring-web-7.0.5.jar:7.0.5]
	at org.springframework.web.filter.OncePerRequestFilter.doFilter(OncePerRequestFilter.java:116) ~[spring-web-7.0.5.jar:7.0.5]
	at org.apache.catalina.core.ApplicationFilterChain.doFilter(ApplicationFilterChain.java:107) ~[tomcat-embed-core-11.0.18.jar:11.0.18]
	at org.apache.catalina.core.StandardWrapperValve.invoke(StandardWrapperValve.java:165) ~[tomcat-embed-core-11.0.18.jar:11.0.18]
	at org.apache.catalina.core.StandardContextValve.invoke(StandardContextValve.java:77) ~[tomcat-embed-core-11.0.18.jar:11.0.18]
	at org.apache.catalina.authenticator.AuthenticatorBase.invoke(AuthenticatorBase.java:492) ~[tomcat-embed-core-11.0.18.jar:11.0.18]
	at org.apache.catalina.core.StandardHostValve.invoke(StandardHostValve.java:113) ~[tomcat-embed-core-11.0.18.jar:11.0.18]
	at org.apache.catalina.valves.ErrorReportValve.invoke(ErrorReportValve.java:83) ~[tomcat-embed-core-11.0.18.jar:11.0.18]
	at org.apache.catalina.core.StandardEngineValve.invoke(StandardEngineValve.java:72) ~[tomcat-embed-core-11.0.18.jar:11.0.18]
	at org.apache.catalina.connector.CoyoteAdapter.service(CoyoteAdapter.java:341) ~[tomcat-embed-core-11.0.18.jar:11.0.18]
	at org.apache.coyote.http11.Http11Processor.service(Http11Processor.java:397) ~[tomcat-embed-core-11.0.18.jar:11.0.18]
	at org.apache.coyote.AbstractProcessorLight.process(AbstractProcessorLight.java:63) ~[tomcat-embed-core-11.0.18.jar:11.0.18]
	at org.apache.coyote.AbstractProtocol$ConnectionHandler.process(AbstractProtocol.java:903) ~[tomcat-embed-core-11.0.18.jar:11.0.18]
	at org.apache.tomcat.util.net.NioEndpoint$SocketProcessor.doRun(NioEndpoint.java:1779) ~[tomcat-embed-core-11.0.18.jar:11.0.18]
	at org.apache.tomcat.util.net.SocketProcessorBase.run(SocketProcessorBase.java:52) ~[tomcat-embed-core-11.0.18.jar:11.0.18]
	at org.apache.tomcat.util.threads.ThreadPoolExecutor.runWorker(ThreadPoolExecutor.java:946) ~[tomcat-embed-core-11.0.18.jar:11.0.18]
	at org.apache.tomcat.util.threads.ThreadPoolExecutor$Worker.run(ThreadPoolExecutor.java:480) ~[tomcat-embed-core-11.0.18.jar:11.0.18]
	at org.apache.tomcat.util.threads.TaskThread$WrappingRunnable.run(TaskThread.java:57) ~[tomcat-embed-core-11.0.18.jar:11.0.18]
	at java.base/java.lang.Thread.run(Thread.java:1583) ~[na:na]

2026-03-29T23:54:41.741+08:00  INFO 16728 --- [user-service] [http-nio-9003-exec-2] c.c.u.aspect.BusinessLogAspect           : ========== 业务操作结束 ==========
2026-03-29T23:54:41.741+08:00  INFO 16728 --- [user-service] [http-nio-9003-exec-2] c.c.u.aspect.BusinessLogAspect           : 执行耗时：5ms
2026-03-29T23:54:41.741+08:00  INFO 16728 --- [user-service] [http-nio-9003-exec-2] c.c.u.aspect.BusinessLogAspect           : 执行状态：失败
2026-03-29T23:54:55.247+08:00  INFO 16728 --- [user-service] [http-nio-9003-exec-7] c.c.u.aspect.BusinessLogAspect           : ========== 业务操作开始 ==========
2026-03-29T23:54:55.247+08:00  INFO 16728 --- [user-service] [http-nio-9003-exec-7] c.c.u.aspect.BusinessLogAspect           : 时间：2026-03-29 23:54:55.247
2026-03-29T23:54:55.247+08:00  INFO 16728 --- [user-service] [http-nio-9003-exec-7] c.c.u.aspect.BusinessLogAspect           : 接口：POST /user/login
2026-03-29T23:54:55.247+08:00  INFO 16728 --- [user-service] [http-nio-9003-exec-7] c.c.u.aspect.BusinessLogAspect           : 类名：UserServiceImpl.login
2026-03-29T23:54:55.247+08:00  INFO 16728 --- [user-service] [http-nio-9003-exec-7] c.c.u.aspect.BusinessLogAspect           : 业务描述：用户登录
2026-03-29T23:54:55.247+08:00  INFO 16728 --- [user-service] [http-nio-9003-exec-7] c.c.u.aspect.BusinessLogAspect           : 业务类型：用户认证
2026-03-29T23:54:55.247+08:00  INFO 16728 --- [user-service] [http-nio-9003-exec-7] c.c.u.aspect.BusinessLogAspect           : 请求参数：["13542748103","123456"]
2026-03-29T23:54:55.251+08:00 ERROR 16728 --- [user-service] [http-nio-9003-exec-7] c.c.u.aspect.BusinessLogAspect           : 业务执行异常：手机号或密码错误

java.lang.RuntimeException: 手机号或密码错误
	at com.cly.userservice.service.impl.UserServiceImpl.login(UserServiceImpl.java:29) ~[classes/:na]
	at java.base/jdk.internal.reflect.DirectMethodHandleAccessor.invoke(DirectMethodHandleAccessor.java:103) ~[na:na]
	at java.base/java.lang.reflect.Method.invoke(Method.java:580) ~[na:na]
	at org.springframework.aop.support.AopUtils.invokeJoinpointUsingReflection(AopUtils.java:359) ~[spring-aop-7.0.5.jar:7.0.5]
	at org.springframework.aop.framework.ReflectiveMethodInvocation.invokeJoinpoint(ReflectiveMethodInvocation.java:190) ~[spring-aop-7.0.5.jar:7.0.5]
	at org.springframework.aop.framework.ReflectiveMethodInvocation.proceed(ReflectiveMethodInvocation.java:158) ~[spring-aop-7.0.5.jar:7.0.5]
	at org.springframework.aop.aspectj.MethodInvocationProceedingJoinPoint.proceed(MethodInvocationProceedingJoinPoint.java:82) ~[spring-aop-7.0.5.jar:7.0.5]
	at com.cly.userservice.aspect.BusinessLogAspect.around(BusinessLogAspect.java:75) ~[classes/:na]
	at java.base/jdk.internal.reflect.DirectMethodHandleAccessor.invoke(DirectMethodHandleAccessor.java:103) ~[na:na]
	at java.base/java.lang.reflect.Method.invoke(Method.java:580) ~[na:na]
	at org.springframework.aop.aspectj.AbstractAspectJAdvice.invokeAdviceMethodWithGivenArgs(AbstractAspectJAdvice.java:648) ~[spring-aop-7.0.5.jar:7.0.5]
	at org.springframework.aop.aspectj.AbstractAspectJAdvice.invokeAdviceMethod(AbstractAspectJAdvice.java:630) ~[spring-aop-7.0.5.jar:7.0.5]
	at org.springframework.aop.aspectj.AspectJAroundAdvice.invoke(AspectJAroundAdvice.java:70) ~[spring-aop-7.0.5.jar:7.0.5]
	at org.springframework.aop.framework.ReflectiveMethodInvocation.proceed(ReflectiveMethodInvocation.java:168) ~[spring-aop-7.0.5.jar:7.0.5]
	at org.springframework.aop.interceptor.ExposeInvocationInterceptor.invoke(ExposeInvocationInterceptor.java:96) ~[spring-aop-7.0.5.jar:7.0.5]
	at org.springframework.aop.framework.ReflectiveMethodInvocation.proceed(ReflectiveMethodInvocation.java:179) ~[spring-aop-7.0.5.jar:7.0.5]
	at org.springframework.aop.framework.CglibAopProxy$DynamicAdvisedInterceptor.intercept(CglibAopProxy.java:719) ~[spring-aop-7.0.5.jar:7.0.5]
	at com.cly.userservice.service.impl.UserServiceImpl$$SpringCGLIB$$0.login(<generated>) ~[classes/:na]
	at com.cly.userservice.controller.UserController.login(UserController.java:37) ~[classes/:na]
	at java.base/jdk.internal.reflect.DirectMethodHandleAccessor.invoke(DirectMethodHandleAccessor.java:103) ~[na:na]
	at java.base/java.lang.reflect.Method.invoke(Method.java:580) ~[na:na]
	at org.springframework.web.method.support.InvocableHandlerMethod.doInvoke(InvocableHandlerMethod.java:252) ~[spring-web-7.0.5.jar:7.0.5]
	at org.springframework.web.method.support.InvocableHandlerMethod.invokeForRequest(InvocableHandlerMethod.java:184) ~[spring-web-7.0.5.jar:7.0.5]
	at org.springframework.web.servlet.mvc.method.annotation.ServletInvocableHandlerMethod.invokeAndHandle(ServletInvocableHandlerMethod.java:117) ~[spring-webmvc-7.0.5.jar:7.0.5]
	at org.springframework.web.servlet.mvc.method.annotation.RequestMappingHandlerAdapter.invokeHandlerMethod(RequestMappingHandlerAdapter.java:934) ~[spring-webmvc-7.0.5.jar:7.0.5]
	at org.springframework.web.servlet.mvc.method.annotation.RequestMappingHandlerAdapter.handleInternal(RequestMappingHandlerAdapter.java:853) ~[spring-webmvc-7.0.5.jar:7.0.5]
	at org.springframework.web.servlet.mvc.method.AbstractHandlerMethodAdapter.handle(AbstractHandlerMethodAdapter.java:86) ~[spring-webmvc-7.0.5.jar:7.0.5]
	at org.springframework.web.servlet.DispatcherServlet.doDispatch(DispatcherServlet.java:963) ~[spring-webmvc-7.0.5.jar:7.0.5]
	at org.springframework.web.servlet.DispatcherServlet.doService(DispatcherServlet.java:866) ~[spring-webmvc-7.0.5.jar:7.0.5]
	at org.springframework.web.servlet.FrameworkServlet.processRequest(FrameworkServlet.java:1000) ~[spring-webmvc-7.0.5.jar:7.0.5]
	at org.springframework.web.servlet.FrameworkServlet.doPost(FrameworkServlet.java:903) ~[spring-webmvc-7.0.5.jar:7.0.5]
	at jakarta.servlet.http.HttpServlet.service(HttpServlet.java:649) ~[tomcat-embed-core-11.0.18.jar:6.1]
	at org.springframework.web.servlet.FrameworkServlet.service(FrameworkServlet.java:874) ~[spring-webmvc-7.0.5.jar:7.0.5]
	at jakarta.servlet.http.HttpServlet.service(HttpServlet.java:710) ~[tomcat-embed-core-11.0.18.jar:6.1]
	at org.apache.catalina.core.ApplicationFilterChain.doFilter(ApplicationFilterChain.java:128) ~[tomcat-embed-core-11.0.18.jar:11.0.18]
	at org.apache.tomcat.websocket.server.WsFilter.doFilter(WsFilter.java:53) ~[tomcat-embed-websocket-11.0.18.jar:11.0.18]
	at org.apache.catalina.core.ApplicationFilterChain.doFilter(ApplicationFilterChain.java:107) ~[tomcat-embed-core-11.0.18.jar:11.0.18]
	at org.springframework.web.filter.RequestContextFilter.doFilterInternal(RequestContextFilter.java:100) ~[spring-web-7.0.5.jar:7.0.5]
	at org.springframework.web.filter.OncePerRequestFilter.doFilter(OncePerRequestFilter.java:116) ~[spring-web-7.0.5.jar:7.0.5]
	at org.apache.catalina.core.ApplicationFilterChain.doFilter(ApplicationFilterChain.java:107) ~[tomcat-embed-core-11.0.18.jar:11.0.18]
	at org.springframework.web.filter.FormContentFilter.doFilterInternal(FormContentFilter.java:93) ~[spring-web-7.0.5.jar:7.0.5]
	at org.springframework.web.filter.OncePerRequestFilter.doFilter(OncePerRequestFilter.java:116) ~[spring-web-7.0.5.jar:7.0.5]
	at org.apache.catalina.core.ApplicationFilterChain.doFilter(ApplicationFilterChain.java:107) ~[tomcat-embed-core-11.0.18.jar:11.0.18]
	at org.springframework.web.filter.CharacterEncodingFilter.doFilterInternal(CharacterEncodingFilter.java:199) ~[spring-web-7.0.5.jar:7.0.5]
	at org.springframework.web.filter.OncePerRequestFilter.doFilter(OncePerRequestFilter.java:116) ~[spring-web-7.0.5.jar:7.0.5]
	at org.apache.catalina.core.ApplicationFilterChain.doFilter(ApplicationFilterChain.java:107) ~[tomcat-embed-core-11.0.18.jar:11.0.18]
	at org.apache.catalina.core.StandardWrapperValve.invoke(StandardWrapperValve.java:165) ~[tomcat-embed-core-11.0.18.jar:11.0.18]
	at org.apache.catalina.core.StandardContextValve.invoke(StandardContextValve.java:77) ~[tomcat-embed-core-11.0.18.jar:11.0.18]
	at org.apache.catalina.authenticator.AuthenticatorBase.invoke(AuthenticatorBase.java:492) ~[tomcat-embed-core-11.0.18.jar:11.0.18]
	at org.apache.catalina.core.StandardHostValve.invoke(StandardHostValve.java:113) ~[tomcat-embed-core-11.0.18.jar:11.0.18]
	at org.apache.catalina.valves.ErrorReportValve.invoke(ErrorReportValve.java:83) ~[tomcat-embed-core-11.0.18.jar:11.0.18]
	at org.apache.catalina.core.StandardEngineValve.invoke(StandardEngineValve.java:72) ~[tomcat-embed-core-11.0.18.jar:11.0.18]
	at org.apache.catalina.connector.CoyoteAdapter.service(CoyoteAdapter.java:341) ~[tomcat-embed-core-11.0.18.jar:11.0.18]
	at org.apache.coyote.http11.Http11Processor.service(Http11Processor.java:397) ~[tomcat-embed-core-11.0.18.jar:11.0.18]
	at org.apache.coyote.AbstractProcessorLight.process(AbstractProcessorLight.java:63) ~[tomcat-embed-core-11.0.18.jar:11.0.18]
	at org.apache.coyote.AbstractProtocol$ConnectionHandler.process(AbstractProtocol.java:903) ~[tomcat-embed-core-11.0.18.jar:11.0.18]
	at org.apache.tomcat.util.net.NioEndpoint$SocketProcessor.doRun(NioEndpoint.java:1779) ~[tomcat-embed-core-11.0.18.jar:11.0.18]
	at org.apache.tomcat.util.net.SocketProcessorBase.run(SocketProcessorBase.java:52) ~[tomcat-embed-core-11.0.18.jar:11.0.18]
	at org.apache.tomcat.util.threads.ThreadPoolExecutor.runWorker(ThreadPoolExecutor.java:946) ~[tomcat-embed-core-11.0.18.jar:11.0.18]
	at org.apache.tomcat.util.threads.ThreadPoolExecutor$Worker.run(ThreadPoolExecutor.java:480) ~[tomcat-embed-core-11.0.18.jar:11.0.18]
	at org.apache.tomcat.util.threads.TaskThread$WrappingRunnable.run(TaskThread.java:57) ~[tomcat-embed-core-11.0.18.jar:11.0.18]
	at java.base/java.lang.Thread.run(Thread.java:1583) ~[na:na]

2026-03-29T23:54:55.251+08:00  INFO 16728 --- [user-service] [http-nio-9003-exec-7] c.c.u.aspect.BusinessLogAspect           : ========== 业务操作结束 ==========
2026-03-29T23:54:55.251+08:00  INFO 16728 --- [user-service] [http-nio-9003-exec-7] c.c.u.aspect.BusinessLogAspect           : 执行耗时：4ms
2026-03-29T23:54:55.251+08:00  INFO 16728 --- [user-service] [http-nio-9003-exec-7] c.c.u.aspect.BusinessLogAspect           : 执行状态：失败
2026-03-29T23:55:04.994+08:00  INFO 16728 --- [user-service] [http-nio-9003-exec-8] c.c.u.aspect.BusinessLogAspect           : ========== 业务操作开始 ==========
2026-03-29T23:55:04.994+08:00  INFO 16728 --- [user-service] [http-nio-9003-exec-8] c.c.u.aspect.BusinessLogAspect           : 时间：2026-03-29 23:55:04.994
2026-03-29T23:55:04.994+08:00  INFO 16728 --- [user-service] [http-nio-9003-exec-8] c.c.u.aspect.BusinessLogAspect           : 接口：POST /user/login
2026-03-29T23:55:04.994+08:00  INFO 16728 --- [user-service] [http-nio-9003-exec-8] c.c.u.aspect.BusinessLogAspect           : 类名：UserServiceImpl.login
2026-03-29T23:55:04.994+08:00  INFO 16728 --- [user-service] [http-nio-9003-exec-8] c.c.u.aspect.BusinessLogAspect           : 业务描述：用户登录
2026-03-29T23:55:04.994+08:00  INFO 16728 --- [user-service] [http-nio-9003-exec-8] c.c.u.aspect.BusinessLogAspect           : 业务类型：用户认证
2026-03-29T23:55:04.994+08:00  INFO 16728 --- [user-service] [http-nio-9003-exec-8] c.c.u.aspect.BusinessLogAspect           : 请求参数：["13542748103","1346798520"]
2026-03-29T23:55:05.000+08:00  INFO 16728 --- [user-service] [http-nio-9003-exec-8] c.c.u.aspect.BusinessLogAspect           : ========== 业务操作结束 ==========
2026-03-29T23:55:05.000+08:00  INFO 16728 --- [user-service] [http-nio-9003-exec-8] c.c.u.aspect.BusinessLogAspect           : 执行耗时：6ms
2026-03-29T23:55:05.001+08:00  INFO 16728 --- [user-service] [http-nio-9003-exec-8] c.c.u.aspect.BusinessLogAspect           : 执行状态：成功
2026-03-29T23:55:16.778+08:00  INFO 16728 --- [user-service] [http-nio-9003-exec-6] c.c.u.aspect.BusinessLogAspect           : ========== 业务操作开始 ==========
2026-03-29T23:55:16.779+08:00  INFO 16728 --- [user-service] [http-nio-9003-exec-6] c.c.u.aspect.BusinessLogAspect           : 时间：2026-03-29 23:55:16.779
2026-03-29T23:55:16.779+08:00  INFO 16728 --- [user-service] [http-nio-9003-exec-6] c.c.u.aspect.BusinessLogAspect           : 接口：GET /user/patient/list
2026-03-29T23:55:16.779+08:00  INFO 16728 --- [user-service] [http-nio-9003-exec-6] c.c.u.aspect.BusinessLogAspect           : 类名：PatientServiceImpl.getPatients
2026-03-29T23:55:16.779+08:00  INFO 16728 --- [user-service] [http-nio-9003-exec-6] c.c.u.aspect.BusinessLogAspect           : 业务描述：查询就诊人列表
2026-03-29T23:55:16.779+08:00  INFO 16728 --- [user-service] [http-nio-9003-exec-6] c.c.u.aspect.BusinessLogAspect           : 业务类型：就诊人管理
2026-03-29T23:55:16.779+08:00  INFO 16728 --- [user-service] [http-nio-9003-exec-6] c.c.u.aspect.BusinessLogAspect           : 请求参数：[2038244988630581249]
2026-03-29T23:55:16.781+08:00  INFO 16728 --- [user-service] [http-nio-9003-exec-6] c.c.u.aspect.BusinessLogAspect           : ========== 业务操作结束 ==========
2026-03-29T23:55:16.781+08:00  INFO 16728 --- [user-service] [http-nio-9003-exec-6] c.c.u.aspect.BusinessLogAspect           : 执行耗时：2ms
2026-03-29T23:55:16.781+08:00  INFO 16728 --- [user-service] [http-nio-9003-exec-6] c.c.u.aspect.BusinessLogAspect           : 执行状态：成功
2026-03-29T23:55:28.986+08:00  INFO 35716 --- [order-service] [http-nio-9004-exec-5] c.c.o.aspect.BusinessLogAspect           : ========== 业务操作开始 ==========
2026-03-29T23:55:28.986+08:00  INFO 35716 --- [order-service] [http-nio-9004-exec-5] c.c.o.aspect.BusinessLogAspect           : 时间：2026-03-29 23:55:28.986
2026-03-29T23:55:28.986+08:00  INFO 35716 --- [order-service] [http-nio-9004-exec-5] c.c.o.aspect.BusinessLogAspect           : 接口：GET /order/list
2026-03-29T23:55:28.986+08:00  INFO 35716 --- [order-service] [http-nio-9004-exec-5] c.c.o.aspect.BusinessLogAspect           : 类名：OrderServiceImpl.getOrders
2026-03-29T23:55:28.986+08:00  INFO 35716 --- [order-service] [http-nio-9004-exec-5] c.c.o.aspect.BusinessLogAspect           : 业务描述：查询用户订单列表
2026-03-29T23:55:28.986+08:00  INFO 35716 --- [order-service] [http-nio-9004-exec-5] c.c.o.aspect.BusinessLogAspect           : 业务类型：订单查询
2026-03-29T23:55:28.986+08:00  INFO 35716 --- [order-service] [http-nio-9004-exec-5] c.c.o.aspect.BusinessLogAspect           : 请求参数：[2038244988630581249]
2026-03-29T23:55:28.989+08:00  INFO 35716 --- [order-service] [http-nio-9004-exec-5] c.c.o.aspect.BusinessLogAspect           : ========== 业务操作结束 ==========
2026-03-29T23:55:28.990+08:00  INFO 35716 --- [order-service] [http-nio-9004-exec-5] c.c.o.aspect.BusinessLogAspect           : 执行耗时：3ms
2026-03-29T23:55:28.990+08:00  INFO 35716 --- [order-service] [http-nio-9004-exec-5] c.c.o.aspect.BusinessLogAspect           : 执行状态：成功
2026-03-29T23:55:37.235+08:00  INFO 35716 --- [order-service] [http-nio-9004-exec-6] c.c.o.aspect.BusinessLogAspect           : ========== 业务操作开始 ==========
2026-03-29T23:55:37.235+08:00  INFO 35716 --- [order-service] [http-nio-9004-exec-6] c.c.o.aspect.BusinessLogAspect           : 时间：2026-03-29 23:55:37.235
2026-03-29T23:55:37.235+08:00  INFO 35716 --- [order-service] [http-nio-9004-exec-6] c.c.o.aspect.BusinessLogAspect           : 接口：GET /order/list
2026-03-29T23:55:37.235+08:00  INFO 35716 --- [order-service] [http-nio-9004-exec-6] c.c.o.aspect.BusinessLogAspect           : 类名：OrderServiceImpl.getOrders
2026-03-29T23:55:37.235+08:00  INFO 35716 --- [order-service] [http-nio-9004-exec-6] c.c.o.aspect.BusinessLogAspect           : 业务描述：查询用户订单列表
2026-03-29T23:55:37.235+08:00  INFO 35716 --- [order-service] [http-nio-9004-exec-6] c.c.o.aspect.BusinessLogAspect           : 业务类型：订单查询
2026-03-29T23:55:37.235+08:00  INFO 35716 --- [order-service] [http-nio-9004-exec-6] c.c.o.aspect.BusinessLogAspect           : 请求参数：[2038244988630581249]
2026-03-29T23:55:37.240+08:00  INFO 35716 --- [order-service] [http-nio-9004-exec-6] c.c.o.aspect.BusinessLogAspect           : ========== 业务操作结束 ==========
2026-03-29T23:55:37.240+08:00  INFO 35716 --- [order-service] [http-nio-9004-exec-6] c.c.o.aspect.BusinessLogAspect           : 执行耗时：5ms
2026-03-29T23:55:37.240+08:00  INFO 35716 --- [order-service] [http-nio-9004-exec-6] c.c.o.aspect.BusinessLogAspect           : 执行状态：成功
2026-03-29T23:55:38.567+08:00  INFO 35716 --- [order-service] [http-nio-9004-exec-7] c.c.o.aspect.BusinessLogAspect           : ========== 业务操作开始 ==========
2026-03-29T23:55:38.567+08:00  INFO 35716 --- [order-service] [http-nio-9004-exec-7] c.c.o.aspect.BusinessLogAspect           : 时间：2026-03-29 23:55:38.567
2026-03-29T23:55:38.567+08:00  INFO 35716 --- [order-service] [http-nio-9004-exec-7] c.c.o.aspect.BusinessLogAspect           : 接口：GET /order/list
2026-03-29T23:55:38.567+08:00  INFO 35716 --- [order-service] [http-nio-9004-exec-7] c.c.o.aspect.BusinessLogAspect           : 类名：OrderServiceImpl.getOrders
2026-03-29T23:55:38.567+08:00  INFO 35716 --- [order-service] [http-nio-9004-exec-7] c.c.o.aspect.BusinessLogAspect           : 业务描述：查询用户订单列表
2026-03-29T23:55:38.567+08:00  INFO 35716 --- [order-service] [http-nio-9004-exec-7] c.c.o.aspect.BusinessLogAspect           : 业务类型：订单查询
2026-03-29T23:55:38.567+08:00  INFO 35716 --- [order-service] [http-nio-9004-exec-7] c.c.o.aspect.BusinessLogAspect           : 请求参数：[2038244988630581249]
2026-03-29T23:55:38.571+08:00  INFO 35716 --- [order-service] [http-nio-9004-exec-7] c.c.o.aspect.BusinessLogAspect           : ========== 业务操作结束 ==========
2026-03-29T23:55:38.571+08:00  INFO 35716 --- [order-service] [http-nio-9004-exec-7] c.c.o.aspect.BusinessLogAspect           : 执行耗时：4ms
2026-03-29T23:55:38.571+08:00  INFO 35716 --- [order-service] [http-nio-9004-exec-7] c.c.o.aspect.BusinessLogAspect           : 执行状态：成功
2026-03-29T23:55:43.732+08:00  INFO 35716 --- [order-service] [http-nio-9004-exec-8] c.c.o.aspect.BusinessLogAspect           : ========== 业务操作开始 ==========
2026-03-29T23:55:43.732+08:00  INFO 35716 --- [order-service] [http-nio-9004-exec-8] c.c.o.aspect.BusinessLogAspect           : 时间：2026-03-29 23:55:43.732
2026-03-29T23:55:43.732+08:00  INFO 35716 --- [order-service] [http-nio-9004-exec-8] c.c.o.aspect.BusinessLogAspect           : 接口：GET /order/list
2026-03-29T23:55:43.732+08:00  INFO 35716 --- [order-service] [http-nio-9004-exec-8] c.c.o.aspect.BusinessLogAspect           : 类名：OrderServiceImpl.getOrders
2026-03-29T23:55:43.732+08:00  INFO 35716 --- [order-service] [http-nio-9004-exec-8] c.c.o.aspect.BusinessLogAspect           : 业务描述：查询用户订单列表
2026-03-29T23:55:43.732+08:00  INFO 35716 --- [order-service] [http-nio-9004-exec-8] c.c.o.aspect.BusinessLogAspect           : 业务类型：订单查询
2026-03-29T23:55:43.732+08:00  INFO 35716 --- [order-service] [http-nio-9004-exec-8] c.c.o.aspect.BusinessLogAspect           : 请求参数：[2038244988630581249]
2026-03-29T23:55:43.736+08:00  INFO 35716 --- [order-service] [http-nio-9004-exec-8] c.c.o.aspect.BusinessLogAspect           : ========== 业务操作结束 ==========
2026-03-29T23:55:43.736+08:00  INFO 35716 --- [order-service] [http-nio-9004-exec-8] c.c.o.aspect.BusinessLogAspect           : 执行耗时：4ms
2026-03-29T23:55:43.736+08:00  INFO 35716 --- [order-service] [http-nio-9004-exec-8] c.c.o.aspect.BusinessLogAspect           : 执行状态：成功
2026-03-29T23:56:19.940+08:00  INFO 35716 --- [order-service] [http-nio-9004-exec-9] c.c.o.aspect.BusinessLogAspect           : ========== 业务操作开始 ==========
2026-03-29T23:56:19.940+08:00  INFO 35716 --- [order-service] [http-nio-9004-exec-9] c.c.o.aspect.BusinessLogAspect           : 时间：2026-03-29 23:56:19.940
2026-03-29T23:56:19.940+08:00  INFO 35716 --- [order-service] [http-nio-9004-exec-9] c.c.o.aspect.BusinessLogAspect           : 接口：GET /order/list
2026-03-29T23:56:19.940+08:00  INFO 35716 --- [order-service] [http-nio-9004-exec-9] c.c.o.aspect.BusinessLogAspect           : 类名：OrderServiceImpl.getOrders
2026-03-29T23:56:19.940+08:00  INFO 35716 --- [order-service] [http-nio-9004-exec-9] c.c.o.aspect.BusinessLogAspect           : 业务描述：查询用户订单列表
2026-03-29T23:56:19.940+08:00  INFO 35716 --- [order-service] [http-nio-9004-exec-9] c.c.o.aspect.BusinessLogAspect           : 业务类型：订单查询
2026-03-29T23:56:19.940+08:00  INFO 35716 --- [order-service] [http-nio-9004-exec-9] c.c.o.aspect.BusinessLogAspect           : 请求参数：[2038244988630581249]
2026-03-29T23:56:19.950+08:00  INFO 35716 --- [order-service] [http-nio-9004-exec-9] c.c.o.aspect.BusinessLogAspect           : ========== 业务操作结束 ==========
2026-03-29T23:56:19.950+08:00  INFO 35716 --- [order-service] [http-nio-9004-exec-9] c.c.o.aspect.BusinessLogAspect           : 执行耗时：10ms
2026-03-29T23:56:19.950+08:00  INFO 35716 --- [order-service] [http-nio-9004-exec-9] c.c.o.aspect.BusinessLogAspect           : 执行状态：成功
2026-03-29T23:56:27.099+08:00  INFO 35716 --- [order-service] [http-nio-9004-exec-10] c.c.o.aspect.BusinessLogAspect           : ========== 业务操作开始 ==========
2026-03-29T23:56:27.099+08:00  INFO 35716 --- [order-service] [http-nio-9004-exec-10] c.c.o.aspect.BusinessLogAspect           : 时间：2026-03-29 23:56:27.099
2026-03-29T23:56:27.099+08:00  INFO 35716 --- [order-service] [http-nio-9004-exec-10] c.c.o.aspect.BusinessLogAspect           : 接口：GET /order/list
2026-03-29T23:56:27.099+08:00  INFO 35716 --- [order-service] [http-nio-9004-exec-10] c.c.o.aspect.BusinessLogAspect           : 类名：OrderServiceImpl.getOrders
2026-03-29T23:56:27.099+08:00  INFO 35716 --- [order-service] [http-nio-9004-exec-10] c.c.o.aspect.BusinessLogAspect           : 业务描述：查询用户订单列表
2026-03-29T23:56:27.099+08:00  INFO 35716 --- [order-service] [http-nio-9004-exec-10] c.c.o.aspect.BusinessLogAspect           : 业务类型：订单查询
2026-03-29T23:56:27.099+08:00  INFO 35716 --- [order-service] [http-nio-9004-exec-10] c.c.o.aspect.BusinessLogAspect           : 请求参数：[2038244988630581249]
2026-03-29T23:56:27.105+08:00  INFO 35716 --- [order-service] [http-nio-9004-exec-10] c.c.o.aspect.BusinessLogAspect           : ========== 业务操作结束 ==========
2026-03-29T23:56:27.105+08:00  INFO 35716 --- [order-service] [http-nio-9004-exec-10] c.c.o.aspect.BusinessLogAspect           : 执行耗时：6ms
2026-03-29T23:56:27.105+08:00  INFO 35716 --- [order-service] [http-nio-9004-exec-10] c.c.o.aspect.BusinessLogAspect           : 执行状态：成功
2026-03-30T00:01:06.695+08:00  INFO 35716 --- [order-service] [http-nio-9004-exec-1] c.c.o.aspect.BusinessLogAspect           : ========== 业务操作开始 ==========
2026-03-30T00:01:06.695+08:00  INFO 35716 --- [order-service] [http-nio-9004-exec-1] c.c.o.aspect.BusinessLogAspect           : 时间：2026-03-30 00:01:06.695
2026-03-30T00:01:06.695+08:00  INFO 35716 --- [order-service] [http-nio-9004-exec-1] c.c.o.aspect.BusinessLogAspect           : 接口：GET /order/list
2026-03-30T00:01:06.695+08:00  INFO 35716 --- [order-service] [http-nio-9004-exec-1] c.c.o.aspect.BusinessLogAspect           : 类名：OrderServiceImpl.getOrders
2026-03-30T00:01:06.695+08:00  INFO 35716 --- [order-service] [http-nio-9004-exec-1] c.c.o.aspect.BusinessLogAspect           : 业务描述：查询用户订单列表
2026-03-30T00:01:06.695+08:00  INFO 35716 --- [order-service] [http-nio-9004-exec-1] c.c.o.aspect.BusinessLogAspect           : 业务类型：订单查询
2026-03-30T00:01:06.695+08:00  INFO 35716 --- [order-service] [http-nio-9004-exec-1] c.c.o.aspect.BusinessLogAspect           : 请求参数：[2038280317353099266]
2026-03-30T00:01:06.716+08:00  INFO 35716 --- [order-service] [http-nio-9004-exec-1] c.c.o.aspect.BusinessLogAspect           : ========== 业务操作结束 ==========
2026-03-30T00:01:06.717+08:00  INFO 35716 --- [order-service] [http-nio-9004-exec-1] c.c.o.aspect.BusinessLogAspect           : 执行耗时：21ms
2026-03-30T00:01:06.717+08:00  INFO 35716 --- [order-service] [http-nio-9004-exec-1] c.c.o.aspect.BusinessLogAspect           : 执行状态：成功
2026-03-30T00:01:43.640+08:00  INFO 16728 --- [user-service] [http-nio-9003-exec-1] c.c.u.aspect.BusinessLogAspect           : ========== 业务操作开始 ==========
2026-03-30T00:01:43.640+08:00  INFO 16728 --- [user-service] [http-nio-9003-exec-1] c.c.u.aspect.BusinessLogAspect           : 时间：2026-03-30 00:01:43.640
2026-03-30T00:01:43.640+08:00  INFO 16728 --- [user-service] [http-nio-9003-exec-1] c.c.u.aspect.BusinessLogAspect           : 接口：POST /user/login
2026-03-30T00:01:43.640+08:00  INFO 16728 --- [user-service] [http-nio-9003-exec-1] c.c.u.aspect.BusinessLogAspect           : 类名：UserServiceImpl.login
2026-03-30T00:01:43.640+08:00  INFO 16728 --- [user-service] [http-nio-9003-exec-1] c.c.u.aspect.BusinessLogAspect           : 业务描述：用户登录
2026-03-30T00:01:43.640+08:00  INFO 16728 --- [user-service] [http-nio-9003-exec-1] c.c.u.aspect.BusinessLogAspect           : 业务类型：用户认证
2026-03-30T00:01:43.640+08:00  INFO 16728 --- [user-service] [http-nio-9003-exec-1] c.c.u.aspect.BusinessLogAspect           : 请求参数：["13542748103","1346798520"]
2026-03-30T00:01:43.646+08:00  INFO 16728 --- [user-service] [http-nio-9003-exec-1] c.c.u.aspect.BusinessLogAspect           : ========== 业务操作结束 ==========
2026-03-30T00:01:43.646+08:00  INFO 16728 --- [user-service] [http-nio-9003-exec-1] c.c.u.aspect.BusinessLogAspect           : 执行耗时：6ms
2026-03-30T00:01:43.646+08:00  INFO 16728 --- [user-service] [http-nio-9003-exec-1] c.c.u.aspect.BusinessLogAspect           : 执行状态：成功
2026-03-30T00:03:08.333+08:00  INFO 35716 --- [order-service] [http-nio-9004-exec-4] c.c.o.aspect.BusinessLogAspect           : ========== 业务操作开始 ==========
2026-03-30T00:03:08.333+08:00  INFO 35716 --- [order-service] [http-nio-9004-exec-4] c.c.o.aspect.BusinessLogAspect           : 时间：2026-03-30 00:03:08.333
2026-03-30T00:03:08.333+08:00  INFO 35716 --- [order-service] [http-nio-9004-exec-4] c.c.o.aspect.BusinessLogAspect           : 接口：GET /order/list
2026-03-30T00:03:08.333+08:00  INFO 35716 --- [order-service] [http-nio-9004-exec-4] c.c.o.aspect.BusinessLogAspect           : 类名：OrderServiceImpl.getOrders
2026-03-30T00:03:08.333+08:00  INFO 35716 --- [order-service] [http-nio-9004-exec-4] c.c.o.aspect.BusinessLogAspect           : 业务描述：查询用户订单列表
2026-03-30T00:03:08.333+08:00  INFO 35716 --- [order-service] [http-nio-9004-exec-4] c.c.o.aspect.BusinessLogAspect           : 业务类型：订单查询
2026-03-30T00:03:08.333+08:00  INFO 35716 --- [order-service] [http-nio-9004-exec-4] c.c.o.aspect.BusinessLogAspect           : 请求参数：[2038280317353099266]
2026-03-30T00:03:08.339+08:00  INFO 35716 --- [order-service] [http-nio-9004-exec-4] c.c.o.aspect.BusinessLogAspect           : ========== 业务操作结束 ==========
2026-03-30T00:03:08.339+08:00  INFO 35716 --- [order-service] [http-nio-9004-exec-4] c.c.o.aspect.BusinessLogAspect           : 执行耗时：6ms
2026-03-30T00:03:08.339+08:00  INFO 35716 --- [order-service] [http-nio-9004-exec-4] c.c.o.aspect.BusinessLogAspect           : 执行状态：成功
2026-03-30T00:03:10.126+08:00  INFO 35716 --- [order-service] [http-nio-9004-exec-5] c.c.o.aspect.BusinessLogAspect           : ========== 业务操作开始 ==========
2026-03-30T00:03:10.126+08:00  INFO 35716 --- [order-service] [http-nio-9004-exec-5] c.c.o.aspect.BusinessLogAspect           : 时间：2026-03-30 00:03:10.126
2026-03-30T00:03:10.126+08:00  INFO 35716 --- [order-service] [http-nio-9004-exec-5] c.c.o.aspect.BusinessLogAspect           : 接口：GET /order/list
2026-03-30T00:03:10.126+08:00  INFO 35716 --- [order-service] [http-nio-9004-exec-5] c.c.o.aspect.BusinessLogAspect           : 类名：OrderServiceImpl.getOrders
2026-03-30T00:03:10.126+08:00  INFO 35716 --- [order-service] [http-nio-9004-exec-5] c.c.o.aspect.BusinessLogAspect           : 业务描述：查询用户订单列表
2026-03-30T00:03:10.126+08:00  INFO 35716 --- [order-service] [http-nio-9004-exec-5] c.c.o.aspect.BusinessLogAspect           : 业务类型：订单查询
2026-03-30T00:03:10.126+08:00  INFO 35716 --- [order-service] [http-nio-9004-exec-5] c.c.o.aspect.BusinessLogAspect           : 请求参数：[2038280317353099266]
2026-03-30T00:03:10.131+08:00  INFO 35716 --- [order-service] [http-nio-9004-exec-5] c.c.o.aspect.BusinessLogAspect           : ========== 业务操作结束 ==========
2026-03-30T00:03:10.131+08:00  INFO 35716 --- [order-service] [http-nio-9004-exec-5] c.c.o.aspect.BusinessLogAspect           : 执行耗时：5ms
2026-03-30T00:03:10.131+08:00  INFO 35716 --- [order-service] [http-nio-9004-exec-5] c.c.o.aspect.BusinessLogAspect           : 执行状态：成功
2026-03-30T00:03:12.441+08:00  INFO 10044 --- [pay-service] [http-nio-9005-exec-1] c.c.payservice.aspect.BusinessLogAspect  : ========== 业务操作开始 ==========
2026-03-30T00:03:12.442+08:00  INFO 10044 --- [pay-service] [http-nio-9005-exec-1] c.c.payservice.aspect.BusinessLogAspect  : 时间：2026-03-30 00:03:12.442
2026-03-30T00:03:12.443+08:00  INFO 10044 --- [pay-service] [http-nio-9005-exec-1] c.c.payservice.aspect.BusinessLogAspect  : 接口：POST /pay
2026-03-30T00:03:12.443+08:00  INFO 10044 --- [pay-service] [http-nio-9005-exec-1] c.c.payservice.aspect.BusinessLogAspect  : 类名：PayServiceImpl.pay
2026-03-30T00:03:12.443+08:00  INFO 10044 --- [pay-service] [http-nio-9005-exec-1] c.c.payservice.aspect.BusinessLogAspect  : 业务描述：订单支付
2026-03-30T00:03:12.443+08:00  INFO 10044 --- [pay-service] [http-nio-9005-exec-1] c.c.payservice.aspect.BusinessLogAspect  : 业务类型：支付管理
2026-03-30T00:03:12.449+08:00  INFO 10044 --- [pay-service] [http-nio-9005-exec-1] c.c.payservice.aspect.BusinessLogAspect  : 请求参数：[4269266152903476]
2026-03-30T00:03:12.633+08:00  INFO 35716 --- [order-service] [http-nio-9004-exec-6] c.c.o.aspect.BusinessLogAspect           : ========== 业务操作开始 ==========
2026-03-30T00:03:12.633+08:00  INFO 35716 --- [order-service] [http-nio-9004-exec-6] c.c.o.aspect.BusinessLogAspect           : 时间：2026-03-30 00:03:12.633
2026-03-30T00:03:12.633+08:00  INFO 35716 --- [order-service] [http-nio-9004-exec-6] c.c.o.aspect.BusinessLogAspect           : 接口：GET /order/detail
2026-03-30T00:03:12.633+08:00  INFO 35716 --- [order-service] [http-nio-9004-exec-6] c.c.o.aspect.BusinessLogAspect           : 类名：OrderServiceImpl.getOrderDetail
2026-03-30T00:03:12.633+08:00  INFO 35716 --- [order-service] [http-nio-9004-exec-6] c.c.o.aspect.BusinessLogAspect           : 业务描述：查询订单详情
2026-03-30T00:03:12.633+08:00  INFO 35716 --- [order-service] [http-nio-9004-exec-6] c.c.o.aspect.BusinessLogAspect           : 业务类型：订单查询
2026-03-30T00:03:12.633+08:00  INFO 35716 --- [order-service] [http-nio-9004-exec-6] c.c.o.aspect.BusinessLogAspect           : 请求参数：[4269266152903476]
2026-03-30T00:03:12.636+08:00  INFO 35716 --- [order-service] [http-nio-9004-exec-6] c.c.o.aspect.BusinessLogAspect           : ========== 业务操作结束 ==========
2026-03-30T00:03:12.636+08:00  INFO 35716 --- [order-service] [http-nio-9004-exec-6] c.c.o.aspect.BusinessLogAspect           : 执行耗时：3ms
2026-03-30T00:03:12.636+08:00  INFO 35716 --- [order-service] [http-nio-9004-exec-6] c.c.o.aspect.BusinessLogAspect           : 执行状态：成功
2026-03-30T00:03:12.736+08:00  INFO 35716 --- [order-service] [http-nio-9004-exec-7] c.c.o.aspect.BusinessLogAspect           : ========== 业务操作开始 ==========
2026-03-30T00:03:12.736+08:00  INFO 35716 --- [order-service] [http-nio-9004-exec-7] c.c.o.aspect.BusinessLogAspect           : 时间：2026-03-30 00:03:12.736
2026-03-30T00:03:12.736+08:00  INFO 35716 --- [order-service] [http-nio-9004-exec-7] c.c.o.aspect.BusinessLogAspect           : 接口：GET /order/detail
2026-03-30T00:03:12.736+08:00  INFO 35716 --- [order-service] [http-nio-9004-exec-7] c.c.o.aspect.BusinessLogAspect           : 类名：OrderServiceImpl.getOrderDetail
2026-03-30T00:03:12.736+08:00  INFO 35716 --- [order-service] [http-nio-9004-exec-7] c.c.o.aspect.BusinessLogAspect           : 业务描述：查询订单详情
2026-03-30T00:03:12.736+08:00  INFO 35716 --- [order-service] [http-nio-9004-exec-7] c.c.o.aspect.BusinessLogAspect           : 业务类型：订单查询
2026-03-30T00:03:12.736+08:00  INFO 35716 --- [order-service] [http-nio-9004-exec-7] c.c.o.aspect.BusinessLogAspect           : 请求参数：[4269266152903476]
2026-03-30T00:03:12.738+08:00  INFO 35716 --- [order-service] [http-nio-9004-exec-7] c.c.o.aspect.BusinessLogAspect           : ========== 业务操作结束 ==========
2026-03-30T00:03:12.738+08:00  INFO 35716 --- [order-service] [http-nio-9004-exec-7] c.c.o.aspect.BusinessLogAspect           : 执行耗时：2ms
2026-03-30T00:03:12.738+08:00  INFO 35716 --- [order-service] [http-nio-9004-exec-7] c.c.o.aspect.BusinessLogAspect           : 执行状态：成功
2026-03-30T00:03:12.868+08:00  INFO 10044 --- [pay-service] [http-nio-9005-exec-1] c.c.payservice.aspect.BusinessLogAspect  : ========== 业务操作结束 ==========
2026-03-30T00:03:12.868+08:00  INFO 10044 --- [pay-service] [http-nio-9005-exec-1] c.c.payservice.aspect.BusinessLogAspect  : 执行耗时：419ms
2026-03-30T00:03:12.868+08:00  INFO 10044 --- [pay-service] [http-nio-9005-exec-1] c.c.payservice.aspect.BusinessLogAspect  : 执行状态：成功
2026-03-30T00:03:13.808+08:00  INFO 35716 --- [order-service] [http-nio-9004-exec-8] c.c.o.aspect.BusinessLogAspect           : ========== 业务操作开始 ==========
2026-03-30T00:03:13.808+08:00  INFO 35716 --- [order-service] [http-nio-9004-exec-8] c.c.o.aspect.BusinessLogAspect           : 时间：2026-03-30 00:03:13.808
2026-03-30T00:03:13.808+08:00  INFO 35716 --- [order-service] [http-nio-9004-exec-8] c.c.o.aspect.BusinessLogAspect           : 接口：GET /order/list
2026-03-30T00:03:13.808+08:00  INFO 35716 --- [order-service] [http-nio-9004-exec-8] c.c.o.aspect.BusinessLogAspect           : 类名：OrderServiceImpl.getOrders
2026-03-30T00:03:13.808+08:00  INFO 35716 --- [order-service] [http-nio-9004-exec-8] c.c.o.aspect.BusinessLogAspect           : 业务描述：查询用户订单列表
2026-03-30T00:03:13.808+08:00  INFO 35716 --- [order-service] [http-nio-9004-exec-8] c.c.o.aspect.BusinessLogAspect           : 业务类型：订单查询
2026-03-30T00:03:13.808+08:00  INFO 35716 --- [order-service] [http-nio-9004-exec-8] c.c.o.aspect.BusinessLogAspect           : 请求参数：[2038280317353099266]
2026-03-30T00:03:13.814+08:00  INFO 35716 --- [order-service] [http-nio-9004-exec-8] c.c.o.aspect.BusinessLogAspect           : ========== 业务操作结束 ==========
2026-03-30T00:03:13.814+08:00  INFO 35716 --- [order-service] [http-nio-9004-exec-8] c.c.o.aspect.BusinessLogAspect           : 执行耗时：6ms
2026-03-30T00:03:13.814+08:00  INFO 35716 --- [order-service] [http-nio-9004-exec-8] c.c.o.aspect.BusinessLogAspect           : 执行状态：成功
2026-03-30T00:03:17.030+08:00  INFO 35716 --- [order-service] [http-nio-9004-exec-9] c.c.o.aspect.BusinessLogAspect           : ========== 业务操作开始 ==========
2026-03-30T00:03:17.030+08:00  INFO 35716 --- [order-service] [http-nio-9004-exec-9] c.c.o.aspect.BusinessLogAspect           : 时间：2026-03-30 00:03:17.030
2026-03-30T00:03:17.030+08:00  INFO 35716 --- [order-service] [http-nio-9004-exec-9] c.c.o.aspect.BusinessLogAspect           : 接口：GET /order/list
2026-03-30T00:03:17.030+08:00  INFO 35716 --- [order-service] [http-nio-9004-exec-9] c.c.o.aspect.BusinessLogAspect           : 类名：OrderServiceImpl.getOrders
2026-03-30T00:03:17.030+08:00  INFO 35716 --- [order-service] [http-nio-9004-exec-9] c.c.o.aspect.BusinessLogAspect           : 业务描述：查询用户订单列表
2026-03-30T00:03:17.030+08:00  INFO 35716 --- [order-service] [http-nio-9004-exec-9] c.c.o.aspect.BusinessLogAspect           : 业务类型：订单查询
2026-03-30T00:03:17.030+08:00  INFO 35716 --- [order-service] [http-nio-9004-exec-9] c.c.o.aspect.BusinessLogAspect           : 请求参数：[2038280317353099266]
2026-03-30T00:03:17.036+08:00  INFO 35716 --- [order-service] [http-nio-9004-exec-9] c.c.o.aspect.BusinessLogAspect           : ========== 业务操作结束 ==========
2026-03-30T00:03:17.036+08:00  INFO 35716 --- [order-service] [http-nio-9004-exec-9] c.c.o.aspect.BusinessLogAspect           : 执行耗时：6ms
2026-03-30T00:03:17.036+08:00  INFO 35716 --- [order-service] [http-nio-9004-exec-9] c.c.o.aspect.BusinessLogAspect           : 执行状态：成功
2026-03-30T00:03:18.336+08:00  INFO 16728 --- [user-service] [http-nio-9003-exec-9] c.c.u.aspect.BusinessLogAspect           : ========== 业务操作开始 ==========
2026-03-30T00:03:18.336+08:00  INFO 16728 --- [user-service] [http-nio-9003-exec-9] c.c.u.aspect.BusinessLogAspect           : 时间：2026-03-30 00:03:18.336
2026-03-30T00:03:18.336+08:00  INFO 16728 --- [user-service] [http-nio-9003-exec-9] c.c.u.aspect.BusinessLogAspect           : 接口：GET /user/patient/list
2026-03-30T00:03:18.336+08:00  INFO 16728 --- [user-service] [http-nio-9003-exec-9] c.c.u.aspect.BusinessLogAspect           : 类名：PatientServiceImpl.getPatients
2026-03-30T00:03:18.336+08:00  INFO 16728 --- [user-service] [http-nio-9003-exec-9] c.c.u.aspect.BusinessLogAspect           : 业务描述：查询就诊人列表
2026-03-30T00:03:18.336+08:00  INFO 16728 --- [user-service] [http-nio-9003-exec-9] c.c.u.aspect.BusinessLogAspect           : 业务类型：就诊人管理
2026-03-30T00:03:18.336+08:00  INFO 16728 --- [user-service] [http-nio-9003-exec-9] c.c.u.aspect.BusinessLogAspect           : 请求参数：[2038280317353099266]
2026-03-30T00:03:18.350+08:00  INFO 16728 --- [user-service] [http-nio-9003-exec-9] c.c.u.aspect.BusinessLogAspect           : ========== 业务操作结束 ==========
2026-03-30T00:03:18.350+08:00  INFO 16728 --- [user-service] [http-nio-9003-exec-9] c.c.u.aspect.BusinessLogAspect           : 执行耗时：14ms
2026-03-30T00:03:18.350+08:00  INFO 16728 --- [user-service] [http-nio-9003-exec-9] c.c.u.aspect.BusinessLogAspect           : 执行状态：成功
2026-03-30T00:05:28.015+08:00  INFO 27676 --- [user-service] [http-nio-9003-exec-1] c.c.u.aspect.BusinessLogAspect           : ========== 业务操作开始 ==========
2026-03-30T00:05:28.015+08:00  INFO 27676 --- [user-service] [http-nio-9003-exec-1] c.c.u.aspect.BusinessLogAspect           : 时间：2026-03-30 00:05:28.015
2026-03-30T00:05:28.015+08:00  INFO 27676 --- [user-service] [http-nio-9003-exec-1] c.c.u.aspect.BusinessLogAspect           : 接口：GET /user/patient/list
2026-03-30T00:05:28.015+08:00  INFO 27676 --- [user-service] [http-nio-9003-exec-1] c.c.u.aspect.BusinessLogAspect           : 类名：PatientServiceImpl.getPatients
2026-03-30T00:05:28.015+08:00  INFO 27676 --- [user-service] [http-nio-9003-exec-1] c.c.u.aspect.BusinessLogAspect           : 业务描述：查询就诊人列表
2026-03-30T00:05:28.015+08:00  INFO 27676 --- [user-service] [http-nio-9003-exec-1] c.c.u.aspect.BusinessLogAspect           : 业务类型：就诊人管理
2026-03-30T00:05:28.018+08:00  INFO 27676 --- [user-service] [http-nio-9003-exec-1] c.c.u.aspect.BusinessLogAspect           : 请求参数：[2038280317353099266]
2026-03-30T00:05:28.694+08:00  INFO 27676 --- [user-service] [http-nio-9003-exec-1] c.c.u.aspect.BusinessLogAspect           : ========== 业务操作结束 ==========
2026-03-30T00:05:28.694+08:00  INFO 27676 --- [user-service] [http-nio-9003-exec-1] c.c.u.aspect.BusinessLogAspect           : 执行耗时：675ms
2026-03-30T00:05:28.694+08:00  INFO 27676 --- [user-service] [http-nio-9003-exec-1] c.c.u.aspect.BusinessLogAspect           : 执行状态：成功
2026-03-30T00:05:29.849+08:00  INFO 38516 --- [order-service] [http-nio-9004-exec-1] c.c.o.aspect.BusinessLogAspect           : ========== 业务操作开始 ==========
2026-03-30T00:05:29.849+08:00  INFO 38516 --- [order-service] [http-nio-9004-exec-1] c.c.o.aspect.BusinessLogAspect           : 时间：2026-03-30 00:05:29.849
2026-03-30T00:05:29.849+08:00  INFO 38516 --- [order-service] [http-nio-9004-exec-1] c.c.o.aspect.BusinessLogAspect           : 接口：GET /order/list
2026-03-30T00:05:29.849+08:00  INFO 38516 --- [order-service] [http-nio-9004-exec-1] c.c.o.aspect.BusinessLogAspect           : 类名：OrderServiceImpl.getOrders
2026-03-30T00:05:29.849+08:00  INFO 38516 --- [order-service] [http-nio-9004-exec-1] c.c.o.aspect.BusinessLogAspect           : 业务描述：查询用户订单列表
2026-03-30T00:05:29.849+08:00  INFO 38516 --- [order-service] [http-nio-9004-exec-1] c.c.o.aspect.BusinessLogAspect           : 业务类型：订单查询
2026-03-30T00:05:29.850+08:00  INFO 38516 --- [order-service] [http-nio-9004-exec-1] c.c.o.aspect.BusinessLogAspect           : 请求参数：[2038280317353099266]
2026-03-30T00:05:30.770+08:00  INFO 38516 --- [order-service] [http-nio-9004-exec-1] c.c.o.aspect.BusinessLogAspect           : ========== 业务操作结束 ==========
2026-03-30T00:05:30.770+08:00  INFO 38516 --- [order-service] [http-nio-9004-exec-1] c.c.o.aspect.BusinessLogAspect           : 执行耗时：920ms
2026-03-30T00:05:30.770+08:00  INFO 38516 --- [order-service] [http-nio-9004-exec-1] c.c.o.aspect.BusinessLogAspect           : 执行状态：成功
2026-03-30T00:05:31.792+08:00  INFO 36584 --- [doctor-service] [http-nio-9002-exec-1] c.c.d.aspect.BusinessLogAspect           : [业务] 排班查询 - ScheduleServiceImpl.findDetailByDate - 查询排班详情（缓存优化）
2026-03-30T00:05:32.395+08:00  INFO 36584 --- [doctor-service] [http-nio-9002-exec-1] c.c.d.aspect.BusinessLogAspect           : [业务完成] 耗时：603ms - 状态：成功
2026-03-30T00:05:34.665+08:00  INFO 27676 --- [user-service] [http-nio-9003-exec-2] c.c.u.aspect.BusinessLogAspect           : ========== 业务操作开始 ==========
2026-03-30T00:05:34.666+08:00  INFO 27676 --- [user-service] [http-nio-9003-exec-2] c.c.u.aspect.BusinessLogAspect           : 时间：2026-03-30 00:05:34.665
2026-03-30T00:05:34.666+08:00  INFO 27676 --- [user-service] [http-nio-9003-exec-2] c.c.u.aspect.BusinessLogAspect           : 接口：GET /user/patient/list
2026-03-30T00:05:34.666+08:00  INFO 27676 --- [user-service] [http-nio-9003-exec-2] c.c.u.aspect.BusinessLogAspect           : 类名：PatientServiceImpl.getPatients
2026-03-30T00:05:34.666+08:00  INFO 27676 --- [user-service] [http-nio-9003-exec-2] c.c.u.aspect.BusinessLogAspect           : 业务描述：查询就诊人列表
2026-03-30T00:05:34.666+08:00  INFO 27676 --- [user-service] [http-nio-9003-exec-2] c.c.u.aspect.BusinessLogAspect           : 业务类型：就诊人管理
2026-03-30T00:05:34.666+08:00  INFO 27676 --- [user-service] [http-nio-9003-exec-2] c.c.u.aspect.BusinessLogAspect           : 请求参数：[2038280317353099266]
2026-03-30T00:05:34.670+08:00  INFO 27676 --- [user-service] [http-nio-9003-exec-2] c.c.u.aspect.BusinessLogAspect           : ========== 业务操作结束 ==========
2026-03-30T00:05:34.670+08:00  INFO 27676 --- [user-service] [http-nio-9003-exec-2] c.c.u.aspect.BusinessLogAspect           : 执行耗时：4ms
2026-03-30T00:05:34.670+08:00  INFO 27676 --- [user-service] [http-nio-9003-exec-2] c.c.u.aspect.BusinessLogAspect           : 执行状态：成功
2026-03-30T00:05:35.985+08:00  INFO 38516 --- [order-service] [http-nio-9004-exec-2] c.c.o.aspect.BusinessLogAspect           : ========== 业务操作开始 ==========
2026-03-30T00:05:35.985+08:00  INFO 38516 --- [order-service] [http-nio-9004-exec-2] c.c.o.aspect.BusinessLogAspect           : 时间：2026-03-30 00:05:35.985
2026-03-30T00:05:35.985+08:00  INFO 38516 --- [order-service] [http-nio-9004-exec-2] c.c.o.aspect.BusinessLogAspect           : 接口：POST /order/create
2026-03-30T00:05:35.985+08:00  INFO 38516 --- [order-service] [http-nio-9004-exec-2] c.c.o.aspect.BusinessLogAspect           : 类名：OrderServiceImpl.createOrder
2026-03-30T00:05:35.985+08:00  INFO 38516 --- [order-service] [http-nio-9004-exec-2] c.c.o.aspect.BusinessLogAspect           : 业务描述：创建订单（MQ 异步）
2026-03-30T00:05:35.985+08:00  INFO 38516 --- [order-service] [http-nio-9004-exec-2] c.c.o.aspect.BusinessLogAspect           : 业务类型：订单管理
2026-03-30T00:05:35.985+08:00  INFO 38516 --- [order-service] [http-nio-9004-exec-2] c.c.o.aspect.BusinessLogAspect           : 请求参数：[2038280317353099266,121567537403935,202603302040]
2026-03-30T00:05:36.134+08:00  INFO 36584 --- [doctor-service] [http-nio-9002-exec-3] c.c.d.aspect.BusinessLogAspect           : [业务] 挂号下单 - ScheduleServiceImpl.deductAvailableNum - 扣减号源库存
2026-03-30T00:05:36.307+08:00  INFO 27676 --- [user-service] [http-nio-9003-exec-3] c.c.u.aspect.BusinessLogAspect           : ========== 业务操作开始 ==========
2026-03-30T00:05:36.308+08:00  INFO 27676 --- [user-service] [http-nio-9003-exec-3] c.c.u.aspect.BusinessLogAspect           : 时间：2026-03-30 00:05:36.308
2026-03-30T00:05:36.308+08:00  INFO 27676 --- [user-service] [http-nio-9003-exec-3] c.c.u.aspect.BusinessLogAspect           : 接口：GET /user/patient/list
2026-03-30T00:05:36.308+08:00  INFO 27676 --- [user-service] [http-nio-9003-exec-3] c.c.u.aspect.BusinessLogAspect           : 类名：PatientServiceImpl.getPatients
2026-03-30T00:05:36.308+08:00  INFO 27676 --- [user-service] [http-nio-9003-exec-3] c.c.u.aspect.BusinessLogAspect           : 业务描述：查询就诊人列表
2026-03-30T00:05:36.308+08:00  INFO 27676 --- [user-service] [http-nio-9003-exec-3] c.c.u.aspect.BusinessLogAspect           : 业务类型：就诊人管理
2026-03-30T00:05:36.308+08:00  INFO 27676 --- [user-service] [http-nio-9003-exec-3] c.c.u.aspect.BusinessLogAspect           : 请求参数：[2038280317353099266]
2026-03-30T00:05:36.309+08:00  INFO 27676 --- [user-service] [http-nio-9003-exec-3] c.c.u.aspect.BusinessLogAspect           : ========== 业务操作结束 ==========
2026-03-30T00:05:36.310+08:00  INFO 27676 --- [user-service] [http-nio-9003-exec-3] c.c.u.aspect.BusinessLogAspect           : 执行耗时：1ms
2026-03-30T00:05:36.310+08:00  INFO 27676 --- [user-service] [http-nio-9003-exec-3] c.c.u.aspect.BusinessLogAspect           : 执行状态：成功
2026-03-30T00:05:36.407+08:00  INFO 38516 --- [order-service] [http-nio-9004-exec-2] c.c.o.aspect.BusinessLogAspect           : ========== 业务操作结束 ==========
2026-03-30T00:05:36.407+08:00  INFO 38516 --- [order-service] [http-nio-9004-exec-2] c.c.o.aspect.BusinessLogAspect           : 执行耗时：422ms
2026-03-30T00:05:36.407+08:00  INFO 38516 --- [order-service] [http-nio-9004-exec-2] c.c.o.aspect.BusinessLogAspect           : 执行状态：成功
2026-03-30T00:05:37.361+08:00  INFO 36584 --- [doctor-service] [http-nio-9002-exec-5] c.c.d.aspect.BusinessLogAspect           : [业务] 排班查询 - ScheduleServiceImpl.findDetailByDate - 查询排班详情（缓存优化）
2026-03-30T00:05:38.164+08:00  INFO 38516 --- [order-service] [http-nio-9004-exec-4] c.c.o.aspect.BusinessLogAspect           : ========== 业务操作开始 ==========
2026-03-30T00:05:38.164+08:00  INFO 38516 --- [order-service] [http-nio-9004-exec-4] c.c.o.aspect.BusinessLogAspect           : 时间：2026-03-30 00:05:38.164
2026-03-30T00:05:38.164+08:00  INFO 38516 --- [order-service] [http-nio-9004-exec-4] c.c.o.aspect.BusinessLogAspect           : 接口：GET /order/list
2026-03-30T00:05:38.164+08:00  INFO 38516 --- [order-service] [http-nio-9004-exec-4] c.c.o.aspect.BusinessLogAspect           : 类名：OrderServiceImpl.getOrders
2026-03-30T00:05:38.164+08:00  INFO 38516 --- [order-service] [http-nio-9004-exec-4] c.c.o.aspect.BusinessLogAspect           : 业务描述：查询用户订单列表
2026-03-30T00:05:38.164+08:00  INFO 38516 --- [order-service] [http-nio-9004-exec-4] c.c.o.aspect.BusinessLogAspect           : 业务类型：订单查询
2026-03-30T00:05:38.164+08:00  INFO 38516 --- [order-service] [http-nio-9004-exec-4] c.c.o.aspect.BusinessLogAspect           : 请求参数：[2038280317353099266]
2026-03-30T00:05:38.194+08:00  INFO 38516 --- [order-service] [http-nio-9004-exec-4] c.c.o.aspect.BusinessLogAspect           : ========== 业务操作结束 ==========
2026-03-30T00:05:38.194+08:00  INFO 38516 --- [order-service] [http-nio-9004-exec-4] c.c.o.aspect.BusinessLogAspect           : 执行耗时：30ms
2026-03-30T00:05:38.194+08:00  INFO 38516 --- [order-service] [http-nio-9004-exec-4] c.c.o.aspect.BusinessLogAspect           : 执行状态：成功
2026-03-30T00:05:41.523+08:00  INFO 32300 --- [pay-service] [http-nio-9005-exec-1] c.c.payservice.aspect.BusinessLogAspect  : ========== 业务操作开始 ==========
2026-03-30T00:05:41.524+08:00  INFO 32300 --- [pay-service] [http-nio-9005-exec-1] c.c.payservice.aspect.BusinessLogAspect  : 时间：2026-03-30 00:05:41.524
2026-03-30T00:05:41.524+08:00  INFO 32300 --- [pay-service] [http-nio-9005-exec-1] c.c.payservice.aspect.BusinessLogAspect  : 接口：POST /pay
2026-03-30T00:05:41.524+08:00  INFO 32300 --- [pay-service] [http-nio-9005-exec-1] c.c.payservice.aspect.BusinessLogAspect  : 类名：PayServiceImpl.pay
2026-03-30T00:05:41.524+08:00  INFO 32300 --- [pay-service] [http-nio-9005-exec-1] c.c.payservice.aspect.BusinessLogAspect  : 业务描述：订单支付
2026-03-30T00:05:41.524+08:00  INFO 32300 --- [pay-service] [http-nio-9005-exec-1] c.c.payservice.aspect.BusinessLogAspect  : 业务类型：支付管理
2026-03-30T00:05:41.528+08:00  INFO 32300 --- [pay-service] [http-nio-9005-exec-1] c.c.payservice.aspect.BusinessLogAspect  : 请求参数：[7208055149531512]
2026-03-30T00:05:41.672+08:00  INFO 38516 --- [order-service] [http-nio-9004-exec-3] c.c.o.aspect.BusinessLogAspect           : ========== 业务操作开始 ==========
2026-03-30T00:05:41.672+08:00  INFO 38516 --- [order-service] [http-nio-9004-exec-3] c.c.o.aspect.BusinessLogAspect           : 时间：2026-03-30 00:05:41.672
2026-03-30T00:05:41.672+08:00  INFO 38516 --- [order-service] [http-nio-9004-exec-3] c.c.o.aspect.BusinessLogAspect           : 接口：GET /order/detail
2026-03-30T00:05:41.672+08:00  INFO 38516 --- [order-service] [http-nio-9004-exec-3] c.c.o.aspect.BusinessLogAspect           : 类名：OrderServiceImpl.getOrderDetail
2026-03-30T00:05:41.672+08:00  INFO 38516 --- [order-service] [http-nio-9004-exec-3] c.c.o.aspect.BusinessLogAspect           : 业务描述：查询订单详情
2026-03-30T00:05:41.672+08:00  INFO 38516 --- [order-service] [http-nio-9004-exec-3] c.c.o.aspect.BusinessLogAspect           : 业务类型：订单查询
2026-03-30T00:05:41.672+08:00  INFO 38516 --- [order-service] [http-nio-9004-exec-3] c.c.o.aspect.BusinessLogAspect           : 请求参数：[7208055149531512]
2026-03-30T00:05:41.676+08:00  INFO 38516 --- [order-service] [http-nio-9004-exec-3] c.c.o.aspect.BusinessLogAspect           : ========== 业务操作结束 ==========
2026-03-30T00:05:41.676+08:00  INFO 38516 --- [order-service] [http-nio-9004-exec-3] c.c.o.aspect.BusinessLogAspect           : 执行耗时：4ms
2026-03-30T00:05:41.677+08:00  INFO 38516 --- [order-service] [http-nio-9004-exec-3] c.c.o.aspect.BusinessLogAspect           : 执行状态：成功
2026-03-30T00:05:41.773+08:00  INFO 38516 --- [order-service] [http-nio-9004-exec-5] c.c.o.aspect.BusinessLogAspect           : ========== 业务操作开始 ==========
2026-03-30T00:05:41.773+08:00  INFO 38516 --- [order-service] [http-nio-9004-exec-5] c.c.o.aspect.BusinessLogAspect           : 时间：2026-03-30 00:05:41.773
2026-03-30T00:05:41.773+08:00  INFO 38516 --- [order-service] [http-nio-9004-exec-5] c.c.o.aspect.BusinessLogAspect           : 接口：GET /order/detail
2026-03-30T00:05:41.773+08:00  INFO 38516 --- [order-service] [http-nio-9004-exec-5] c.c.o.aspect.BusinessLogAspect           : 类名：OrderServiceImpl.getOrderDetail
2026-03-30T00:05:41.773+08:00  INFO 38516 --- [order-service] [http-nio-9004-exec-5] c.c.o.aspect.BusinessLogAspect           : 业务描述：查询订单详情
2026-03-30T00:05:41.773+08:00  INFO 38516 --- [order-service] [http-nio-9004-exec-5] c.c.o.aspect.BusinessLogAspect           : 业务类型：订单查询
2026-03-30T00:05:41.773+08:00  INFO 38516 --- [order-service] [http-nio-9004-exec-5] c.c.o.aspect.BusinessLogAspect           : 请求参数：[7208055149531512]
2026-03-30T00:05:41.775+08:00  INFO 38516 --- [order-service] [http-nio-9004-exec-5] c.c.o.aspect.BusinessLogAspect           : ========== 业务操作结束 ==========
2026-03-30T00:05:41.775+08:00  INFO 38516 --- [order-service] [http-nio-9004-exec-5] c.c.o.aspect.BusinessLogAspect           : 执行耗时：2ms
2026-03-30T00:05:41.775+08:00  INFO 38516 --- [order-service] [http-nio-9004-exec-5] c.c.o.aspect.BusinessLogAspect           : 执行状态：成功
2026-03-30T00:05:41.877+08:00  INFO 32300 --- [pay-service] [http-nio-9005-exec-1] c.c.payservice.aspect.BusinessLogAspect  : ========== 业务操作结束 ==========
2026-03-30T00:05:41.877+08:00  INFO 32300 --- [pay-service] [http-nio-9005-exec-1] c.c.payservice.aspect.BusinessLogAspect  : 执行耗时：349ms
2026-03-30T00:05:41.877+08:00  INFO 32300 --- [pay-service] [http-nio-9005-exec-1] c.c.payservice.aspect.BusinessLogAspect  : 执行状态：成功
2026-03-30T00:05:43.461+08:00  INFO 38516 --- [order-service] [http-nio-9004-exec-6] c.c.o.aspect.BusinessLogAspect           : ========== 业务操作开始 ==========
2026-03-30T00:05:43.461+08:00  INFO 38516 --- [order-service] [http-nio-9004-exec-6] c.c.o.aspect.BusinessLogAspect           : 时间：2026-03-30 00:05:43.461
2026-03-30T00:05:43.462+08:00  INFO 38516 --- [order-service] [http-nio-9004-exec-6] c.c.o.aspect.BusinessLogAspect           : 接口：GET /order/list
2026-03-30T00:05:43.462+08:00  INFO 38516 --- [order-service] [http-nio-9004-exec-6] c.c.o.aspect.BusinessLogAspect           : 类名：OrderServiceImpl.getOrders
2026-03-30T00:05:43.462+08:00  INFO 38516 --- [order-service] [http-nio-9004-exec-6] c.c.o.aspect.BusinessLogAspect           : 业务描述：查询用户订单列表
2026-03-30T00:05:43.462+08:00  INFO 38516 --- [order-service] [http-nio-9004-exec-6] c.c.o.aspect.BusinessLogAspect           : 业务类型：订单查询
2026-03-30T00:05:43.462+08:00  INFO 38516 --- [order-service] [http-nio-9004-exec-6] c.c.o.aspect.BusinessLogAspect           : 请求参数：[2038280317353099266]
2026-03-30T00:05:43.497+08:00  INFO 38516 --- [order-service] [http-nio-9004-exec-6] c.c.o.aspect.BusinessLogAspect           : ========== 业务操作结束 ==========
2026-03-30T00:05:43.497+08:00  INFO 38516 --- [order-service] [http-nio-9004-exec-6] c.c.o.aspect.BusinessLogAspect           : 执行耗时：35ms
2026-03-30T00:05:43.497+08:00  INFO 38516 --- [order-service] [http-nio-9004-exec-6] c.c.o.aspect.BusinessLogAspect           : 执行状态：成功
2026-03-30T00:05:44.857+08:00  INFO 36584 --- [doctor-service] [http-nio-9002-exec-2] c.c.d.aspect.BusinessLogAspect           : [业务] 排班查询 - ScheduleServiceImpl.findDetailByDate - 查询排班详情（缓存优化）
2026-03-30T00:05:46.220+08:00  INFO 38516 --- [order-service] [http-nio-9004-exec-7] c.c.o.aspect.BusinessLogAspect           : ========== 业务操作开始 ==========
2026-03-30T00:05:46.220+08:00  INFO 38516 --- [order-service] [http-nio-9004-exec-7] c.c.o.aspect.BusinessLogAspect           : 时间：2026-03-30 00:05:46.220
2026-03-30T00:05:46.220+08:00  INFO 38516 --- [order-service] [http-nio-9004-exec-7] c.c.o.aspect.BusinessLogAspect           : 接口：GET /order/list
2026-03-30T00:05:46.220+08:00  INFO 38516 --- [order-service] [http-nio-9004-exec-7] c.c.o.aspect.BusinessLogAspect           : 类名：OrderServiceImpl.getOrders
2026-03-30T00:05:46.220+08:00  INFO 38516 --- [order-service] [http-nio-9004-exec-7] c.c.o.aspect.BusinessLogAspect           : 业务描述：查询用户订单列表
2026-03-30T00:05:46.220+08:00  INFO 38516 --- [order-service] [http-nio-9004-exec-7] c.c.o.aspect.BusinessLogAspect           : 业务类型：订单查询
2026-03-30T00:05:46.220+08:00  INFO 38516 --- [order-service] [http-nio-9004-exec-7] c.c.o.aspect.BusinessLogAspect           : 请求参数：[2038280317353099266]
2026-03-30T00:05:46.229+08:00  INFO 38516 --- [order-service] [http-nio-9004-exec-7] c.c.o.aspect.BusinessLogAspect           : ========== 业务操作结束 ==========
2026-03-30T00:05:46.229+08:00  INFO 38516 --- [order-service] [http-nio-9004-exec-7] c.c.o.aspect.BusinessLogAspect           : 执行耗时：9ms
2026-03-30T00:05:46.229+08:00  INFO 38516 --- [order-service] [http-nio-9004-exec-7] c.c.o.aspect.BusinessLogAspect           : 执行状态：成功
2026-03-30T00:05:47.539+08:00  INFO 36584 --- [doctor-service] [http-nio-9002-exec-6] c.c.d.aspect.BusinessLogAspect           : [业务] 排班查询 - ScheduleServiceImpl.findDetailByDate - 查询排班详情（缓存优化）
2026-03-30T00:05:51.502+08:00  INFO 38516 --- [order-service] [http-nio-9004-exec-8] c.c.o.aspect.BusinessLogAspect           : ========== 业务操作开始 ==========
2026-03-30T00:05:51.502+08:00  INFO 38516 --- [order-service] [http-nio-9004-exec-8] c.c.o.aspect.BusinessLogAspect           : 时间：2026-03-30 00:05:51.502
2026-03-30T00:05:51.502+08:00  INFO 38516 --- [order-service] [http-nio-9004-exec-8] c.c.o.aspect.BusinessLogAspect           : 接口：GET /order/list
2026-03-30T00:05:51.502+08:00  INFO 38516 --- [order-service] [http-nio-9004-exec-8] c.c.o.aspect.BusinessLogAspect           : 类名：OrderServiceImpl.getOrders
2026-03-30T00:05:51.502+08:00  INFO 38516 --- [order-service] [http-nio-9004-exec-8] c.c.o.aspect.BusinessLogAspect           : 业务描述：查询用户订单列表
2026-03-30T00:05:51.502+08:00  INFO 38516 --- [order-service] [http-nio-9004-exec-8] c.c.o.aspect.BusinessLogAspect           : 业务类型：订单查询
2026-03-30T00:05:51.502+08:00  INFO 38516 --- [order-service] [http-nio-9004-exec-8] c.c.o.aspect.BusinessLogAspect           : 请求参数：[2038280317353099266]
2026-03-30T00:05:51.509+08:00  INFO 38516 --- [order-service] [http-nio-9004-exec-8] c.c.o.aspect.BusinessLogAspect           : ========== 业务操作结束 ==========
2026-03-30T00:05:51.509+08:00  INFO 38516 --- [order-service] [http-nio-9004-exec-8] c.c.o.aspect.BusinessLogAspect           : 执行耗时：6ms
2026-03-30T00:05:51.509+08:00  INFO 38516 --- [order-service] [http-nio-9004-exec-8] c.c.o.aspect.BusinessLogAspect           : 执行状态：成功
2026-03-30T00:05:51.821+08:00  INFO 27676 --- [user-service] [http-nio-9003-exec-4] c.c.u.aspect.BusinessLogAspect           : ========== 业务操作开始 ==========
2026-03-30T00:05:51.821+08:00  INFO 27676 --- [user-service] [http-nio-9003-exec-4] c.c.u.aspect.BusinessLogAspect           : 时间：2026-03-30 00:05:51.821
2026-03-30T00:05:51.821+08:00  INFO 27676 --- [user-service] [http-nio-9003-exec-4] c.c.u.aspect.BusinessLogAspect           : 接口：GET /user/patient/list
2026-03-30T00:05:51.821+08:00  INFO 27676 --- [user-service] [http-nio-9003-exec-4] c.c.u.aspect.BusinessLogAspect           : 类名：PatientServiceImpl.getPatients
2026-03-30T00:05:51.821+08:00  INFO 27676 --- [user-service] [http-nio-9003-exec-4] c.c.u.aspect.BusinessLogAspect           : 业务描述：查询就诊人列表
2026-03-30T00:05:51.821+08:00  INFO 27676 --- [user-service] [http-nio-9003-exec-4] c.c.u.aspect.BusinessLogAspect           : 业务类型：就诊人管理
2026-03-30T00:05:51.821+08:00  INFO 27676 --- [user-service] [http-nio-9003-exec-4] c.c.u.aspect.BusinessLogAspect           : 请求参数：[2038280317353099266]
2026-03-30T00:05:51.824+08:00  INFO 27676 --- [user-service] [http-nio-9003-exec-4] c.c.u.aspect.BusinessLogAspect           : ========== 业务操作结束 ==========
2026-03-30T00:05:51.824+08:00  INFO 27676 --- [user-service] [http-nio-9003-exec-4] c.c.u.aspect.BusinessLogAspect           : 执行耗时：3ms
2026-03-30T00:05:51.824+08:00  INFO 27676 --- [user-service] [http-nio-9003-exec-4] c.c.u.aspect.BusinessLogAspect           : 执行状态：成功
2026-03-30T00:05:52.682+08:00  INFO 38516 --- [order-service] [http-nio-9004-exec-9] c.c.o.aspect.BusinessLogAspect           : ========== 业务操作开始 ==========
2026-03-30T00:05:52.682+08:00  INFO 38516 --- [order-service] [http-nio-9004-exec-9] c.c.o.aspect.BusinessLogAspect           : 时间：2026-03-30 00:05:52.682
2026-03-30T00:05:52.682+08:00  INFO 38516 --- [order-service] [http-nio-9004-exec-9] c.c.o.aspect.BusinessLogAspect           : 接口：GET /order/list
2026-03-30T00:05:52.682+08:00  INFO 38516 --- [order-service] [http-nio-9004-exec-9] c.c.o.aspect.BusinessLogAspect           : 类名：OrderServiceImpl.getOrders
2026-03-30T00:05:52.682+08:00  INFO 38516 --- [order-service] [http-nio-9004-exec-9] c.c.o.aspect.BusinessLogAspect           : 业务描述：查询用户订单列表
2026-03-30T00:05:52.682+08:00  INFO 38516 --- [order-service] [http-nio-9004-exec-9] c.c.o.aspect.BusinessLogAspect           : 业务类型：订单查询
2026-03-30T00:05:52.682+08:00  INFO 38516 --- [order-service] [http-nio-9004-exec-9] c.c.o.aspect.BusinessLogAspect           : 请求参数：[2038280317353099266]
2026-03-30T00:05:52.688+08:00  INFO 38516 --- [order-service] [http-nio-9004-exec-9] c.c.o.aspect.BusinessLogAspect           : ========== 业务操作结束 ==========
2026-03-30T00:05:52.688+08:00  INFO 38516 --- [order-service] [http-nio-9004-exec-9] c.c.o.aspect.BusinessLogAspect           : 执行耗时：6ms
2026-03-30T00:05:52.688+08:00  INFO 38516 --- [order-service] [http-nio-9004-exec-9] c.c.o.aspect.BusinessLogAspect           : 执行状态：成功
2026-03-30T00:05:56.684+08:00  INFO 36584 --- [doctor-service] [http-nio-9002-exec-7] c.c.d.aspect.BusinessLogAspect           : [业务] 排班查询 - ScheduleServiceImpl.findDetailByDate - 查询排班详情（缓存优化）
2026-03-30T00:05:59.187+08:00  INFO 36584 --- [doctor-service] [http-nio-9002-exec-9] c.c.d.aspect.BusinessLogAspect           : [业务] 排班查询 - ScheduleServiceImpl.findDetailByDate - 查询排班详情（缓存优化）
2026-03-30T00:05:59.467+08:00  INFO 36584 --- [doctor-service] [http-nio-9002-exec-9] c.c.d.aspect.BusinessLogAspect           : [业务完成] 耗时：280ms - 状态：成功
2026-03-30T00:06:05.421+08:00  INFO 36584 --- [doctor-service] [http-nio-9002-exec-10] c.c.d.aspect.BusinessLogAspect           : [业务] 排班查询 - ScheduleServiceImpl.findDetailByDate - 查询排班详情（缓存优化）
2026-03-30T00:06:06.609+08:00  INFO 36584 --- [doctor-service] [http-nio-9002-exec-8] c.c.d.aspect.BusinessLogAspect           : [业务] 排班查询 - ScheduleServiceImpl.findDetailByDate - 查询排班详情（缓存优化）
2026-03-30T00:06:06.799+08:00  INFO 36584 --- [doctor-service] [http-nio-9002-exec-1] c.c.d.aspect.BusinessLogAspect           : [业务] 排班查询 - ScheduleServiceImpl.findDetailByDate - 查询排班详情（缓存优化）
2026-03-30T00:06:06.932+08:00  INFO 36584 --- [doctor-service] [http-nio-9002-exec-3] c.c.d.aspect.BusinessLogAspect           : [业务] 排班查询 - ScheduleServiceImpl.findDetailByDate - 查询排班详情（缓存优化）
2026-03-30T00:06:07.063+08:00  INFO 36584 --- [doctor-service] [http-nio-9002-exec-4] c.c.d.aspect.BusinessLogAspect           : [业务] 排班查询 - ScheduleServiceImpl.findDetailByDate - 查询排班详情（缓存优化）
2026-03-30T00:06:12.656+08:00  INFO 36584 --- [doctor-service] [http-nio-9002-exec-5] c.c.d.aspect.BusinessLogAspect           : [业务] 排班查询 - ScheduleServiceImpl.findDetailByDate - 查询排班详情（缓存优化）
2026-03-30T00:06:23.667+08:00  INFO 38516 --- [order-service] [http-nio-9004-exec-10] c.c.o.aspect.BusinessLogAspect           : ========== 业务操作开始 ==========
2026-03-30T00:06:23.668+08:00  INFO 38516 --- [order-service] [http-nio-9004-exec-10] c.c.o.aspect.BusinessLogAspect           : 时间：2026-03-30 00:06:23.667
2026-03-30T00:06:23.668+08:00  INFO 38516 --- [order-service] [http-nio-9004-exec-10] c.c.o.aspect.BusinessLogAspect           : 接口：GET /order/list
2026-03-30T00:06:23.668+08:00  INFO 38516 --- [order-service] [http-nio-9004-exec-10] c.c.o.aspect.BusinessLogAspect           : 类名：OrderServiceImpl.getOrders
2026-03-30T00:06:23.668+08:00  INFO 38516 --- [order-service] [http-nio-9004-exec-10] c.c.o.aspect.BusinessLogAspect           : 业务描述：查询用户订单列表
2026-03-30T00:06:23.668+08:00  INFO 38516 --- [order-service] [http-nio-9004-exec-10] c.c.o.aspect.BusinessLogAspect           : 业务类型：订单查询
2026-03-30T00:06:23.668+08:00  INFO 38516 --- [order-service] [http-nio-9004-exec-10] c.c.o.aspect.BusinessLogAspect           : 请求参数：[2038280317353099266]
2026-03-30T00:06:23.675+08:00  INFO 38516 --- [order-service] [http-nio-9004-exec-10] c.c.o.aspect.BusinessLogAspect           : ========== 业务操作结束 ==========
2026-03-30T00:06:23.675+08:00  INFO 38516 --- [order-service] [http-nio-9004-exec-10] c.c.o.aspect.BusinessLogAspect           : 执行耗时：7ms
2026-03-30T00:06:23.675+08:00  INFO 38516 --- [order-service] [http-nio-9004-exec-10] c.c.o.aspect.BusinessLogAspect           : 执行状态：成功
2026-03-30T00:06:30.998+08:00  INFO 36584 --- [doctor-service] [http-nio-9002-exec-2] c.c.d.aspect.BusinessLogAspect           : [业务] 排班查询 - ScheduleServiceImpl.findDetailByDate - 查询排班详情（缓存优化）
2026-03-30T00:06:33.440+08:00  INFO 27676 --- [user-service] [http-nio-9003-exec-5] c.c.u.aspect.BusinessLogAspect           : ========== 业务操作开始 ==========
2026-03-30T00:06:33.440+08:00  INFO 27676 --- [user-service] [http-nio-9003-exec-5] c.c.u.aspect.BusinessLogAspect           : 时间：2026-03-30 00:06:33.440
2026-03-30T00:06:33.440+08:00  INFO 27676 --- [user-service] [http-nio-9003-exec-5] c.c.u.aspect.BusinessLogAspect           : 接口：GET /user/patient/list
2026-03-30T00:06:33.440+08:00  INFO 27676 --- [user-service] [http-nio-9003-exec-5] c.c.u.aspect.BusinessLogAspect           : 类名：PatientServiceImpl.getPatients
2026-03-30T00:06:33.440+08:00  INFO 27676 --- [user-service] [http-nio-9003-exec-5] c.c.u.aspect.BusinessLogAspect           : 业务描述：查询就诊人列表
2026-03-30T00:06:33.440+08:00  INFO 27676 --- [user-service] [http-nio-9003-exec-5] c.c.u.aspect.BusinessLogAspect           : 业务类型：就诊人管理
2026-03-30T00:06:33.440+08:00  INFO 27676 --- [user-service] [http-nio-9003-exec-5] c.c.u.aspect.BusinessLogAspect           : 请求参数：[2038280317353099266]
2026-03-30T00:06:33.444+08:00  INFO 27676 --- [user-service] [http-nio-9003-exec-5] c.c.u.aspect.BusinessLogAspect           : ========== 业务操作结束 ==========
2026-03-30T00:06:33.444+08:00  INFO 27676 --- [user-service] [http-nio-9003-exec-5] c.c.u.aspect.BusinessLogAspect           : 执行耗时：4ms
2026-03-30T00:06:33.444+08:00  INFO 27676 --- [user-service] [http-nio-9003-exec-5] c.c.u.aspect.BusinessLogAspect           : 执行状态：成功
2026-03-30T00:06:34.459+08:00  INFO 38516 --- [order-service] [http-nio-9004-exec-1] c.c.o.aspect.BusinessLogAspect           : ========== 业务操作开始 ==========
2026-03-30T00:06:34.459+08:00  INFO 38516 --- [order-service] [http-nio-9004-exec-1] c.c.o.aspect.BusinessLogAspect           : 时间：2026-03-30 00:06:34.459
2026-03-30T00:06:34.459+08:00  INFO 38516 --- [order-service] [http-nio-9004-exec-1] c.c.o.aspect.BusinessLogAspect           : 接口：GET /order/list
2026-03-30T00:06:34.459+08:00  INFO 38516 --- [order-service] [http-nio-9004-exec-1] c.c.o.aspect.BusinessLogAspect           : 类名：OrderServiceImpl.getOrders
2026-03-30T00:06:34.459+08:00  INFO 38516 --- [order-service] [http-nio-9004-exec-1] c.c.o.aspect.BusinessLogAspect           : 业务描述：查询用户订单列表
2026-03-30T00:06:34.459+08:00  INFO 38516 --- [order-service] [http-nio-9004-exec-1] c.c.o.aspect.BusinessLogAspect           : 业务类型：订单查询
2026-03-30T00:06:34.459+08:00  INFO 38516 --- [order-service] [http-nio-9004-exec-1] c.c.o.aspect.BusinessLogAspect           : 请求参数：[2038280317353099266]
2026-03-30T00:06:34.463+08:00  INFO 38516 --- [order-service] [http-nio-9004-exec-1] c.c.o.aspect.BusinessLogAspect           : ========== 业务操作结束 ==========
2026-03-30T00:06:34.463+08:00  INFO 38516 --- [order-service] [http-nio-9004-exec-1] c.c.o.aspect.BusinessLogAspect           : 执行耗时：4ms
2026-03-30T00:06:34.463+08:00  INFO 38516 --- [order-service] [http-nio-9004-exec-1] c.c.o.aspect.BusinessLogAspect           : 执行状态：成功
2026-03-30T00:06:39.736+08:00  INFO 36584 --- [doctor-service] [http-nio-9002-exec-7] c.c.d.aspect.BusinessLogAspect           : [业务] 排班查询 - ScheduleServiceImpl.findDetailByDate - 查询排班详情（缓存优化）
2026-03-30T00:06:40.399+08:00  INFO 38516 --- [order-service] [http-nio-9004-exec-2] c.c.o.aspect.BusinessLogAspect           : ========== 业务操作开始 ==========
2026-03-30T00:06:40.399+08:00  INFO 38516 --- [order-service] [http-nio-9004-exec-2] c.c.o.aspect.BusinessLogAspect           : 时间：2026-03-30 00:06:40.399
2026-03-30T00:06:40.399+08:00  INFO 38516 --- [order-service] [http-nio-9004-exec-2] c.c.o.aspect.BusinessLogAspect           : 接口：GET /order/list
2026-03-30T00:06:40.399+08:00  INFO 38516 --- [order-service] [http-nio-9004-exec-2] c.c.o.aspect.BusinessLogAspect           : 类名：OrderServiceImpl.getOrders
2026-03-30T00:06:40.399+08:00  INFO 38516 --- [order-service] [http-nio-9004-exec-2] c.c.o.aspect.BusinessLogAspect           : 业务描述：查询用户订单列表
2026-03-30T00:06:40.399+08:00  INFO 38516 --- [order-service] [http-nio-9004-exec-2] c.c.o.aspect.BusinessLogAspect           : 业务类型：订单查询
2026-03-30T00:06:40.399+08:00  INFO 38516 --- [order-service] [http-nio-9004-exec-2] c.c.o.aspect.BusinessLogAspect           : 请求参数：[2038280317353099266]
2026-03-30T00:06:40.405+08:00  INFO 38516 --- [order-service] [http-nio-9004-exec-2] c.c.o.aspect.BusinessLogAspect           : ========== 业务操作结束 ==========
2026-03-30T00:06:40.405+08:00  INFO 38516 --- [order-service] [http-nio-9004-exec-2] c.c.o.aspect.BusinessLogAspect           : 执行耗时：6ms
2026-03-30T00:06:40.405+08:00  INFO 38516 --- [order-service] [http-nio-9004-exec-2] c.c.o.aspect.BusinessLogAspect           : 执行状态：成功
2026-03-30T00:07:18.600+08:00  INFO 38516 --- [order-service] [http-nio-9004-exec-3] c.c.o.aspect.BusinessLogAspect           : ========== 业务操作开始 ==========
2026-03-30T00:07:18.600+08:00  INFO 38516 --- [order-service] [http-nio-9004-exec-3] c.c.o.aspect.BusinessLogAspect           : 时间：2026-03-30 00:07:18.600
2026-03-30T00:07:18.600+08:00  INFO 38516 --- [order-service] [http-nio-9004-exec-3] c.c.o.aspect.BusinessLogAspect           : 接口：GET /order/list
2026-03-30T00:07:18.600+08:00  INFO 38516 --- [order-service] [http-nio-9004-exec-3] c.c.o.aspect.BusinessLogAspect           : 类名：OrderServiceImpl.getOrders
2026-03-30T00:07:18.600+08:00  INFO 38516 --- [order-service] [http-nio-9004-exec-3] c.c.o.aspect.BusinessLogAspect           : 业务描述：查询用户订单列表
2026-03-30T00:07:18.600+08:00  INFO 38516 --- [order-service] [http-nio-9004-exec-3] c.c.o.aspect.BusinessLogAspect           : 业务类型：订单查询
2026-03-30T00:07:18.600+08:00  INFO 38516 --- [order-service] [http-nio-9004-exec-3] c.c.o.aspect.BusinessLogAspect           : 请求参数：[2038280317353099266]
2026-03-30T00:07:18.604+08:00  INFO 38516 --- [order-service] [http-nio-9004-exec-3] c.c.o.aspect.BusinessLogAspect           : ========== 业务操作结束 ==========
2026-03-30T00:07:18.604+08:00  INFO 38516 --- [order-service] [http-nio-9004-exec-3] c.c.o.aspect.BusinessLogAspect           : 执行耗时：4ms
2026-03-30T00:07:18.604+08:00  INFO 38516 --- [order-service] [http-nio-9004-exec-3] c.c.o.aspect.BusinessLogAspect           : 执行状态：成功
2026-03-30T00:07:19.146+08:00  INFO 38516 --- [order-service] [http-nio-9004-exec-5] c.c.o.aspect.BusinessLogAspect           : ========== 业务操作开始 ==========
2026-03-30T00:07:19.147+08:00  INFO 38516 --- [order-service] [http-nio-9004-exec-5] c.c.o.aspect.BusinessLogAspect           : 时间：2026-03-30 00:07:19.146
2026-03-30T00:07:19.147+08:00  INFO 38516 --- [order-service] [http-nio-9004-exec-5] c.c.o.aspect.BusinessLogAspect           : 接口：GET /order/list
2026-03-30T00:07:19.147+08:00  INFO 38516 --- [order-service] [http-nio-9004-exec-5] c.c.o.aspect.BusinessLogAspect           : 类名：OrderServiceImpl.getOrders
2026-03-30T00:07:19.147+08:00  INFO 38516 --- [order-service] [http-nio-9004-exec-5] c.c.o.aspect.BusinessLogAspect           : 业务描述：查询用户订单列表
2026-03-30T00:07:19.147+08:00  INFO 38516 --- [order-service] [http-nio-9004-exec-5] c.c.o.aspect.BusinessLogAspect           : 业务类型：订单查询
2026-03-30T00:07:19.147+08:00  INFO 38516 --- [order-service] [http-nio-9004-exec-5] c.c.o.aspect.BusinessLogAspect           : 请求参数：[2038280317353099266]
2026-03-30T00:07:19.152+08:00  INFO 38516 --- [order-service] [http-nio-9004-exec-5] c.c.o.aspect.BusinessLogAspect           : ========== 业务操作结束 ==========
2026-03-30T00:07:19.152+08:00  INFO 38516 --- [order-service] [http-nio-9004-exec-5] c.c.o.aspect.BusinessLogAspect           : 执行耗时：5ms
2026-03-30T00:07:19.152+08:00  INFO 38516 --- [order-service] [http-nio-9004-exec-5] c.c.o.aspect.BusinessLogAspect           : 执行状态：成功
2026-03-30T00:07:19.749+08:00  INFO 38516 --- [order-service] [http-nio-9004-exec-6] c.c.o.aspect.BusinessLogAspect           : ========== 业务操作开始 ==========
2026-03-30T00:07:19.749+08:00  INFO 38516 --- [order-service] [http-nio-9004-exec-6] c.c.o.aspect.BusinessLogAspect           : 时间：2026-03-30 00:07:19.749
2026-03-30T00:07:19.749+08:00  INFO 38516 --- [order-service] [http-nio-9004-exec-6] c.c.o.aspect.BusinessLogAspect           : 接口：GET /order/list
2026-03-30T00:07:19.749+08:00  INFO 38516 --- [order-service] [http-nio-9004-exec-6] c.c.o.aspect.BusinessLogAspect           : 类名：OrderServiceImpl.getOrders
2026-03-30T00:07:19.749+08:00  INFO 38516 --- [order-service] [http-nio-9004-exec-6] c.c.o.aspect.BusinessLogAspect           : 业务描述：查询用户订单列表
2026-03-30T00:07:19.749+08:00  INFO 38516 --- [order-service] [http-nio-9004-exec-6] c.c.o.aspect.BusinessLogAspect           : 业务类型：订单查询
2026-03-30T00:07:19.749+08:00  INFO 38516 --- [order-service] [http-nio-9004-exec-6] c.c.o.aspect.BusinessLogAspect           : 请求参数：[2038280317353099266]
2026-03-30T00:07:19.753+08:00  INFO 38516 --- [order-service] [http-nio-9004-exec-6] c.c.o.aspect.BusinessLogAspect           : ========== 业务操作结束 ==========
2026-03-30T00:07:19.753+08:00  INFO 38516 --- [order-service] [http-nio-9004-exec-6] c.c.o.aspect.BusinessLogAspect           : 执行耗时：4ms
2026-03-30T00:07:19.753+08:00  INFO 38516 --- [order-service] [http-nio-9004-exec-6] c.c.o.aspect.BusinessLogAspect           : 执行状态：成功
2026-03-30T00:07:20.288+08:00  INFO 38516 --- [order-service] [http-nio-9004-exec-7] c.c.o.aspect.BusinessLogAspect           : ========== 业务操作开始 ==========
2026-03-30T00:07:20.288+08:00  INFO 38516 --- [order-service] [http-nio-9004-exec-7] c.c.o.aspect.BusinessLogAspect           : 时间：2026-03-30 00:07:20.288
2026-03-30T00:07:20.288+08:00  INFO 38516 --- [order-service] [http-nio-9004-exec-7] c.c.o.aspect.BusinessLogAspect           : 接口：GET /order/list
2026-03-30T00:07:20.288+08:00  INFO 38516 --- [order-service] [http-nio-9004-exec-7] c.c.o.aspect.BusinessLogAspect           : 类名：OrderServiceImpl.getOrders
2026-03-30T00:07:20.288+08:00  INFO 38516 --- [order-service] [http-nio-9004-exec-7] c.c.o.aspect.BusinessLogAspect           : 业务描述：查询用户订单列表
2026-03-30T00:07:20.288+08:00  INFO 38516 --- [order-service] [http-nio-9004-exec-7] c.c.o.aspect.BusinessLogAspect           : 业务类型：订单查询
2026-03-30T00:07:20.288+08:00  INFO 38516 --- [order-service] [http-nio-9004-exec-7] c.c.o.aspect.BusinessLogAspect           : 请求参数：[2038280317353099266]
2026-03-30T00:07:20.292+08:00  INFO 38516 --- [order-service] [http-nio-9004-exec-7] c.c.o.aspect.BusinessLogAspect           : ========== 业务操作结束 ==========
2026-03-30T00:07:20.292+08:00  INFO 38516 --- [order-service] [http-nio-9004-exec-7] c.c.o.aspect.BusinessLogAspect           : 执行耗时：4ms
2026-03-30T00:07:20.292+08:00  INFO 38516 --- [order-service] [http-nio-9004-exec-7] c.c.o.aspect.BusinessLogAspect           : 执行状态：成功
2026-03-30T00:07:20.696+08:00  INFO 38516 --- [order-service] [http-nio-9004-exec-8] c.c.o.aspect.BusinessLogAspect           : ========== 业务操作开始 ==========
2026-03-30T00:07:20.696+08:00  INFO 38516 --- [order-service] [http-nio-9004-exec-8] c.c.o.aspect.BusinessLogAspect           : 时间：2026-03-30 00:07:20.696
2026-03-30T00:07:20.696+08:00  INFO 38516 --- [order-service] [http-nio-9004-exec-8] c.c.o.aspect.BusinessLogAspect           : 接口：GET /order/list
2026-03-30T00:07:20.696+08:00  INFO 38516 --- [order-service] [http-nio-9004-exec-8] c.c.o.aspect.BusinessLogAspect           : 类名：OrderServiceImpl.getOrders
2026-03-30T00:07:20.696+08:00  INFO 38516 --- [order-service] [http-nio-9004-exec-8] c.c.o.aspect.BusinessLogAspect           : 业务描述：查询用户订单列表
2026-03-30T00:07:20.696+08:00  INFO 38516 --- [order-service] [http-nio-9004-exec-8] c.c.o.aspect.BusinessLogAspect           : 业务类型：订单查询
2026-03-30T00:07:20.696+08:00  INFO 38516 --- [order-service] [http-nio-9004-exec-8] c.c.o.aspect.BusinessLogAspect           : 请求参数：[2038280317353099266]
2026-03-30T00:07:20.700+08:00  INFO 38516 --- [order-service] [http-nio-9004-exec-8] c.c.o.aspect.BusinessLogAspect           : ========== 业务操作结束 ==========
2026-03-30T00:07:20.700+08:00  INFO 38516 --- [order-service] [http-nio-9004-exec-8] c.c.o.aspect.BusinessLogAspect           : 执行耗时：4ms
2026-03-30T00:07:20.700+08:00  INFO 38516 --- [order-service] [http-nio-9004-exec-8] c.c.o.aspect.BusinessLogAspect           : 执行状态：成功
2026-03-30T00:07:21.089+08:00  INFO 38516 --- [order-service] [http-nio-9004-exec-9] c.c.o.aspect.BusinessLogAspect           : ========== 业务操作开始 ==========
2026-03-30T00:07:21.089+08:00  INFO 38516 --- [order-service] [http-nio-9004-exec-9] c.c.o.aspect.BusinessLogAspect           : 时间：2026-03-30 00:07:21.089
2026-03-30T00:07:21.089+08:00  INFO 38516 --- [order-service] [http-nio-9004-exec-9] c.c.o.aspect.BusinessLogAspect           : 接口：GET /order/list
2026-03-30T00:07:21.089+08:00  INFO 38516 --- [order-service] [http-nio-9004-exec-9] c.c.o.aspect.BusinessLogAspect           : 类名：OrderServiceImpl.getOrders
2026-03-30T00:07:21.089+08:00  INFO 38516 --- [order-service] [http-nio-9004-exec-9] c.c.o.aspect.BusinessLogAspect           : 业务描述：查询用户订单列表
2026-03-30T00:07:21.089+08:00  INFO 38516 --- [order-service] [http-nio-9004-exec-9] c.c.o.aspect.BusinessLogAspect           : 业务类型：订单查询
2026-03-30T00:07:21.089+08:00  INFO 38516 --- [order-service] [http-nio-9004-exec-9] c.c.o.aspect.BusinessLogAspect           : 请求参数：[2038280317353099266]
2026-03-30T00:07:21.093+08:00  INFO 38516 --- [order-service] [http-nio-9004-exec-9] c.c.o.aspect.BusinessLogAspect           : ========== 业务操作结束 ==========
2026-03-30T00:07:21.093+08:00  INFO 38516 --- [order-service] [http-nio-9004-exec-9] c.c.o.aspect.BusinessLogAspect           : 执行耗时：4ms
2026-03-30T00:07:21.093+08:00  INFO 38516 --- [order-service] [http-nio-9004-exec-9] c.c.o.aspect.BusinessLogAspect           : 执行状态：成功
2026-03-30T00:07:21.408+08:00  INFO 38516 --- [order-service] [http-nio-9004-exec-10] c.c.o.aspect.BusinessLogAspect           : ========== 业务操作开始 ==========
2026-03-30T00:07:21.408+08:00  INFO 38516 --- [order-service] [http-nio-9004-exec-10] c.c.o.aspect.BusinessLogAspect           : 时间：2026-03-30 00:07:21.408
2026-03-30T00:07:21.408+08:00  INFO 38516 --- [order-service] [http-nio-9004-exec-10] c.c.o.aspect.BusinessLogAspect           : 接口：GET /order/list
2026-03-30T00:07:21.408+08:00  INFO 38516 --- [order-service] [http-nio-9004-exec-10] c.c.o.aspect.BusinessLogAspect           : 类名：OrderServiceImpl.getOrders
2026-03-30T00:07:21.408+08:00  INFO 38516 --- [order-service] [http-nio-9004-exec-10] c.c.o.aspect.BusinessLogAspect           : 业务描述：查询用户订单列表
2026-03-30T00:07:21.408+08:00  INFO 38516 --- [order-service] [http-nio-9004-exec-10] c.c.o.aspect.BusinessLogAspect           : 业务类型：订单查询
2026-03-30T00:07:21.408+08:00  INFO 38516 --- [order-service] [http-nio-9004-exec-10] c.c.o.aspect.BusinessLogAspect           : 请求参数：[2038280317353099266]
2026-03-30T00:07:21.413+08:00  INFO 38516 --- [order-service] [http-nio-9004-exec-10] c.c.o.aspect.BusinessLogAspect           : ========== 业务操作结束 ==========
2026-03-30T00:07:21.413+08:00  INFO 38516 --- [order-service] [http-nio-9004-exec-10] c.c.o.aspect.BusinessLogAspect           : 执行耗时：5ms
2026-03-30T00:07:21.413+08:00  INFO 38516 --- [order-service] [http-nio-9004-exec-10] c.c.o.aspect.BusinessLogAspect           : 执行状态：成功
2026-03-30T00:07:21.840+08:00  INFO 38516 --- [order-service] [http-nio-9004-exec-1] c.c.o.aspect.BusinessLogAspect           : ========== 业务操作开始 ==========
2026-03-30T00:07:21.840+08:00  INFO 38516 --- [order-service] [http-nio-9004-exec-1] c.c.o.aspect.BusinessLogAspect           : 时间：2026-03-30 00:07:21.840
2026-03-30T00:07:21.840+08:00  INFO 38516 --- [order-service] [http-nio-9004-exec-1] c.c.o.aspect.BusinessLogAspect           : 接口：GET /order/list
2026-03-30T00:07:21.840+08:00  INFO 38516 --- [order-service] [http-nio-9004-exec-1] c.c.o.aspect.BusinessLogAspect           : 类名：OrderServiceImpl.getOrders
2026-03-30T00:07:21.840+08:00  INFO 38516 --- [order-service] [http-nio-9004-exec-1] c.c.o.aspect.BusinessLogAspect           : 业务描述：查询用户订单列表
2026-03-30T00:07:21.840+08:00  INFO 38516 --- [order-service] [http-nio-9004-exec-1] c.c.o.aspect.BusinessLogAspect           : 业务类型：订单查询
2026-03-30T00:07:21.840+08:00  INFO 38516 --- [order-service] [http-nio-9004-exec-1] c.c.o.aspect.BusinessLogAspect           : 请求参数：[2038280317353099266]
2026-03-30T00:07:21.844+08:00  INFO 38516 --- [order-service] [http-nio-9004-exec-1] c.c.o.aspect.BusinessLogAspect           : ========== 业务操作结束 ==========
2026-03-30T00:07:21.844+08:00  INFO 38516 --- [order-service] [http-nio-9004-exec-1] c.c.o.aspect.BusinessLogAspect           : 执行耗时：4ms
2026-03-30T00:07:21.844+08:00  INFO 38516 --- [order-service] [http-nio-9004-exec-1] c.c.o.aspect.BusinessLogAspect           : 执行状态：成功
2026-03-30T00:07:22.212+08:00  INFO 38516 --- [order-service] [http-nio-9004-exec-2] c.c.o.aspect.BusinessLogAspect           : ========== 业务操作开始 ==========
2026-03-30T00:07:22.212+08:00  INFO 38516 --- [order-service] [http-nio-9004-exec-2] c.c.o.aspect.BusinessLogAspect           : 时间：2026-03-30 00:07:22.212
2026-03-30T00:07:22.212+08:00  INFO 38516 --- [order-service] [http-nio-9004-exec-2] c.c.o.aspect.BusinessLogAspect           : 接口：GET /order/list
2026-03-30T00:07:22.212+08:00  INFO 38516 --- [order-service] [http-nio-9004-exec-2] c.c.o.aspect.BusinessLogAspect           : 类名：OrderServiceImpl.getOrders
2026-03-30T00:07:22.212+08:00  INFO 38516 --- [order-service] [http-nio-9004-exec-2] c.c.o.aspect.BusinessLogAspect           : 业务描述：查询用户订单列表
2026-03-30T00:07:22.212+08:00  INFO 38516 --- [order-service] [http-nio-9004-exec-2] c.c.o.aspect.BusinessLogAspect           : 业务类型：订单查询
2026-03-30T00:07:22.212+08:00  INFO 38516 --- [order-service] [http-nio-9004-exec-2] c.c.o.aspect.BusinessLogAspect           : 请求参数：[2038280317353099266]
2026-03-30T00:07:22.218+08:00  INFO 38516 --- [order-service] [http-nio-9004-exec-2] c.c.o.aspect.BusinessLogAspect           : ========== 业务操作结束 ==========
2026-03-30T00:07:22.218+08:00  INFO 38516 --- [order-service] [http-nio-9004-exec-2] c.c.o.aspect.BusinessLogAspect           : 执行耗时：6ms
2026-03-30T00:07:22.218+08:00  INFO 38516 --- [order-service] [http-nio-9004-exec-2] c.c.o.aspect.BusinessLogAspect           : 执行状态：成功
2026-03-30T00:07:23.636+08:00  INFO 38516 --- [order-service] [http-nio-9004-exec-4] c.c.o.aspect.BusinessLogAspect           : ========== 业务操作开始 ==========
2026-03-30T00:07:23.636+08:00  INFO 38516 --- [order-service] [http-nio-9004-exec-4] c.c.o.aspect.BusinessLogAspect           : 时间：2026-03-30 00:07:23.636
2026-03-30T00:07:23.636+08:00  INFO 38516 --- [order-service] [http-nio-9004-exec-4] c.c.o.aspect.BusinessLogAspect           : 接口：GET /order/list
2026-03-30T00:07:23.636+08:00  INFO 38516 --- [order-service] [http-nio-9004-exec-4] c.c.o.aspect.BusinessLogAspect           : 类名：OrderServiceImpl.getOrders
2026-03-30T00:07:23.636+08:00  INFO 38516 --- [order-service] [http-nio-9004-exec-4] c.c.o.aspect.BusinessLogAspect           : 业务描述：查询用户订单列表
2026-03-30T00:07:23.636+08:00  INFO 38516 --- [order-service] [http-nio-9004-exec-4] c.c.o.aspect.BusinessLogAspect           : 业务类型：订单查询
2026-03-30T00:07:23.636+08:00  INFO 38516 --- [order-service] [http-nio-9004-exec-4] c.c.o.aspect.BusinessLogAspect           : 请求参数：[2038280317353099266]
2026-03-30T00:07:23.642+08:00  INFO 38516 --- [order-service] [http-nio-9004-exec-4] c.c.o.aspect.BusinessLogAspect           : ========== 业务操作结束 ==========
2026-03-30T00:07:23.642+08:00  INFO 38516 --- [order-service] [http-nio-9004-exec-4] c.c.o.aspect.BusinessLogAspect           : 执行耗时：6ms
2026-03-30T00:07:23.642+08:00  INFO 38516 --- [order-service] [http-nio-9004-exec-4] c.c.o.aspect.BusinessLogAspect           : 执行状态：成功
2026-03-30T00:07:24.075+08:00  INFO 38516 --- [order-service] [http-nio-9004-exec-3] c.c.o.aspect.BusinessLogAspect           : ========== 业务操作开始 ==========
2026-03-30T00:07:24.075+08:00  INFO 38516 --- [order-service] [http-nio-9004-exec-3] c.c.o.aspect.BusinessLogAspect           : 时间：2026-03-30 00:07:24.075
2026-03-30T00:07:24.075+08:00  INFO 38516 --- [order-service] [http-nio-9004-exec-3] c.c.o.aspect.BusinessLogAspect           : 接口：GET /order/list
2026-03-30T00:07:24.075+08:00  INFO 38516 --- [order-service] [http-nio-9004-exec-3] c.c.o.aspect.BusinessLogAspect           : 类名：OrderServiceImpl.getOrders
2026-03-30T00:07:24.075+08:00  INFO 38516 --- [order-service] [http-nio-9004-exec-3] c.c.o.aspect.BusinessLogAspect           : 业务描述：查询用户订单列表
2026-03-30T00:07:24.075+08:00  INFO 38516 --- [order-service] [http-nio-9004-exec-3] c.c.o.aspect.BusinessLogAspect           : 业务类型：订单查询
2026-03-30T00:07:24.075+08:00  INFO 38516 --- [order-service] [http-nio-9004-exec-3] c.c.o.aspect.BusinessLogAspect           : 请求参数：[2038280317353099266]
2026-03-30T00:07:24.079+08:00  INFO 38516 --- [order-service] [http-nio-9004-exec-3] c.c.o.aspect.BusinessLogAspect           : ========== 业务操作结束 ==========
2026-03-30T00:07:24.079+08:00  INFO 38516 --- [order-service] [http-nio-9004-exec-3] c.c.o.aspect.BusinessLogAspect           : 执行耗时：4ms
2026-03-30T00:07:24.079+08:00  INFO 38516 --- [order-service] [http-nio-9004-exec-3] c.c.o.aspect.BusinessLogAspect           : 执行状态：成功
2026-03-30T00:07:24.474+08:00  INFO 38516 --- [order-service] [http-nio-9004-exec-5] c.c.o.aspect.BusinessLogAspect           : ========== 业务操作开始 ==========
2026-03-30T00:07:24.474+08:00  INFO 38516 --- [order-service] [http-nio-9004-exec-5] c.c.o.aspect.BusinessLogAspect           : 时间：2026-03-30 00:07:24.474
2026-03-30T00:07:24.474+08:00  INFO 38516 --- [order-service] [http-nio-9004-exec-5] c.c.o.aspect.BusinessLogAspect           : 接口：GET /order/list
2026-03-30T00:07:24.476+08:00  INFO 38516 --- [order-service] [http-nio-9004-exec-5] c.c.o.aspect.BusinessLogAspect           : 类名：OrderServiceImpl.getOrders
2026-03-30T00:07:24.476+08:00  INFO 38516 --- [order-service] [http-nio-9004-exec-5] c.c.o.aspect.BusinessLogAspect           : 业务描述：查询用户订单列表
2026-03-30T00:07:24.476+08:00  INFO 38516 --- [order-service] [http-nio-9004-exec-5] c.c.o.aspect.BusinessLogAspect           : 业务类型：订单查询
2026-03-30T00:07:24.476+08:00  INFO 38516 --- [order-service] [http-nio-9004-exec-5] c.c.o.aspect.BusinessLogAspect           : 请求参数：[2038280317353099266]
2026-03-30T00:07:24.483+08:00  INFO 38516 --- [order-service] [http-nio-9004-exec-5] c.c.o.aspect.BusinessLogAspect           : ========== 业务操作结束 ==========
2026-03-30T00:07:24.483+08:00  INFO 38516 --- [order-service] [http-nio-9004-exec-5] c.c.o.aspect.BusinessLogAspect           : 执行耗时：7ms
2026-03-30T00:07:24.483+08:00  INFO 38516 --- [order-service] [http-nio-9004-exec-5] c.c.o.aspect.BusinessLogAspect           : 执行状态：成功
2026-03-30T00:07:24.872+08:00  INFO 38516 --- [order-service] [http-nio-9004-exec-6] c.c.o.aspect.BusinessLogAspect           : ========== 业务操作开始 ==========
2026-03-30T00:07:24.872+08:00  INFO 38516 --- [order-service] [http-nio-9004-exec-6] c.c.o.aspect.BusinessLogAspect           : 时间：2026-03-30 00:07:24.872
2026-03-30T00:07:24.872+08:00  INFO 38516 --- [order-service] [http-nio-9004-exec-6] c.c.o.aspect.BusinessLogAspect           : 接口：GET /order/list
2026-03-30T00:07:24.872+08:00  INFO 38516 --- [order-service] [http-nio-9004-exec-6] c.c.o.aspect.BusinessLogAspect           : 类名：OrderServiceImpl.getOrders
2026-03-30T00:07:24.872+08:00  INFO 38516 --- [order-service] [http-nio-9004-exec-6] c.c.o.aspect.BusinessLogAspect           : 业务描述：查询用户订单列表
2026-03-30T00:07:24.872+08:00  INFO 38516 --- [order-service] [http-nio-9004-exec-6] c.c.o.aspect.BusinessLogAspect           : 业务类型：订单查询
2026-03-30T00:07:24.872+08:00  INFO 38516 --- [order-service] [http-nio-9004-exec-6] c.c.o.aspect.BusinessLogAspect           : 请求参数：[2038280317353099266]
2026-03-30T00:07:24.877+08:00  INFO 38516 --- [order-service] [http-nio-9004-exec-6] c.c.o.aspect.BusinessLogAspect           : ========== 业务操作结束 ==========
2026-03-30T00:07:24.877+08:00  INFO 38516 --- [order-service] [http-nio-9004-exec-6] c.c.o.aspect.BusinessLogAspect           : 执行耗时：5ms
2026-03-30T00:07:24.877+08:00  INFO 38516 --- [order-service] [http-nio-9004-exec-6] c.c.o.aspect.BusinessLogAspect           : 执行状态：成功
2026-03-30T00:07:25.315+08:00  INFO 38516 --- [order-service] [http-nio-9004-exec-7] c.c.o.aspect.BusinessLogAspect           : ========== 业务操作开始 ==========
2026-03-30T00:07:25.315+08:00  INFO 38516 --- [order-service] [http-nio-9004-exec-7] c.c.o.aspect.BusinessLogAspect           : 时间：2026-03-30 00:07:25.315
2026-03-30T00:07:25.315+08:00  INFO 38516 --- [order-service] [http-nio-9004-exec-7] c.c.o.aspect.BusinessLogAspect           : 接口：GET /order/list
2026-03-30T00:07:25.315+08:00  INFO 38516 --- [order-service] [http-nio-9004-exec-7] c.c.o.aspect.BusinessLogAspect           : 类名：OrderServiceImpl.getOrders
2026-03-30T00:07:25.315+08:00  INFO 38516 --- [order-service] [http-nio-9004-exec-7] c.c.o.aspect.BusinessLogAspect           : 业务描述：查询用户订单列表
2026-03-30T00:07:25.315+08:00  INFO 38516 --- [order-service] [http-nio-9004-exec-7] c.c.o.aspect.BusinessLogAspect           : 业务类型：订单查询
2026-03-30T00:07:25.315+08:00  INFO 38516 --- [order-service] [http-nio-9004-exec-7] c.c.o.aspect.BusinessLogAspect           : 请求参数：[2038280317353099266]
2026-03-30T00:07:25.321+08:00  INFO 38516 --- [order-service] [http-nio-9004-exec-7] c.c.o.aspect.BusinessLogAspect           : ========== 业务操作结束 ==========
2026-03-30T00:07:25.321+08:00  INFO 38516 --- [order-service] [http-nio-9004-exec-7] c.c.o.aspect.BusinessLogAspect           : 执行耗时：6ms
2026-03-30T00:07:25.321+08:00  INFO 38516 --- [order-service] [http-nio-9004-exec-7] c.c.o.aspect.BusinessLogAspect           : 执行状态：成功
2026-03-30T00:07:25.686+08:00  INFO 38516 --- [order-service] [http-nio-9004-exec-8] c.c.o.aspect.BusinessLogAspect           : ========== 业务操作开始 ==========
2026-03-30T00:07:25.686+08:00  INFO 38516 --- [order-service] [http-nio-9004-exec-8] c.c.o.aspect.BusinessLogAspect           : 时间：2026-03-30 00:07:25.686
2026-03-30T00:07:25.686+08:00  INFO 38516 --- [order-service] [http-nio-9004-exec-8] c.c.o.aspect.BusinessLogAspect           : 接口：GET /order/list
2026-03-30T00:07:25.686+08:00  INFO 38516 --- [order-service] [http-nio-9004-exec-8] c.c.o.aspect.BusinessLogAspect           : 类名：OrderServiceImpl.getOrders
2026-03-30T00:07:25.686+08:00  INFO 38516 --- [order-service] [http-nio-9004-exec-8] c.c.o.aspect.BusinessLogAspect           : 业务描述：查询用户订单列表
2026-03-30T00:07:25.686+08:00  INFO 38516 --- [order-service] [http-nio-9004-exec-8] c.c.o.aspect.BusinessLogAspect           : 业务类型：订单查询
2026-03-30T00:07:25.686+08:00  INFO 38516 --- [order-service] [http-nio-9004-exec-8] c.c.o.aspect.BusinessLogAspect           : 请求参数：[2038280317353099266]
2026-03-30T00:07:25.691+08:00  INFO 38516 --- [order-service] [http-nio-9004-exec-8] c.c.o.aspect.BusinessLogAspect           : ========== 业务操作结束 ==========
2026-03-30T00:07:25.691+08:00  INFO 38516 --- [order-service] [http-nio-9004-exec-8] c.c.o.aspect.BusinessLogAspect           : 执行耗时：5ms
2026-03-30T00:07:25.691+08:00  INFO 38516 --- [order-service] [http-nio-9004-exec-8] c.c.o.aspect.BusinessLogAspect           : 执行状态：成功
2026-03-30T00:07:26.118+08:00  INFO 38516 --- [order-service] [http-nio-9004-exec-9] c.c.o.aspect.BusinessLogAspect           : ========== 业务操作开始 ==========
2026-03-30T00:07:26.119+08:00  INFO 38516 --- [order-service] [http-nio-9004-exec-9] c.c.o.aspect.BusinessLogAspect           : 时间：2026-03-30 00:07:26.119
2026-03-30T00:07:26.119+08:00  INFO 38516 --- [order-service] [http-nio-9004-exec-9] c.c.o.aspect.BusinessLogAspect           : 接口：GET /order/list
2026-03-30T00:07:26.119+08:00  INFO 38516 --- [order-service] [http-nio-9004-exec-9] c.c.o.aspect.BusinessLogAspect           : 类名：OrderServiceImpl.getOrders
2026-03-30T00:07:26.119+08:00  INFO 38516 --- [order-service] [http-nio-9004-exec-9] c.c.o.aspect.BusinessLogAspect           : 业务描述：查询用户订单列表
2026-03-30T00:07:26.119+08:00  INFO 38516 --- [order-service] [http-nio-9004-exec-9] c.c.o.aspect.BusinessLogAspect           : 业务类型：订单查询
2026-03-30T00:07:26.119+08:00  INFO 38516 --- [order-service] [http-nio-9004-exec-9] c.c.o.aspect.BusinessLogAspect           : 请求参数：[2038280317353099266]
2026-03-30T00:07:26.123+08:00  INFO 38516 --- [order-service] [http-nio-9004-exec-9] c.c.o.aspect.BusinessLogAspect           : ========== 业务操作结束 ==========
2026-03-30T00:07:26.123+08:00  INFO 38516 --- [order-service] [http-nio-9004-exec-9] c.c.o.aspect.BusinessLogAspect           : 执行耗时：4ms
2026-03-30T00:07:26.123+08:00  INFO 38516 --- [order-service] [http-nio-9004-exec-9] c.c.o.aspect.BusinessLogAspect           : 执行状态：成功
2026-03-30T00:07:32.847+08:00  INFO 38516 --- [order-service] [http-nio-9004-exec-10] c.c.o.aspect.BusinessLogAspect           : ========== 业务操作开始 ==========
2026-03-30T00:07:32.847+08:00  INFO 38516 --- [order-service] [http-nio-9004-exec-10] c.c.o.aspect.BusinessLogAspect           : 时间：2026-03-30 00:07:32.847
2026-03-30T00:07:32.847+08:00  INFO 38516 --- [order-service] [http-nio-9004-exec-10] c.c.o.aspect.BusinessLogAspect           : 接口：GET /order/list
2026-03-30T00:07:32.847+08:00  INFO 38516 --- [order-service] [http-nio-9004-exec-10] c.c.o.aspect.BusinessLogAspect           : 类名：OrderServiceImpl.getOrders
2026-03-30T00:07:32.847+08:00  INFO 38516 --- [order-service] [http-nio-9004-exec-10] c.c.o.aspect.BusinessLogAspect           : 业务描述：查询用户订单列表
2026-03-30T00:07:32.847+08:00  INFO 38516 --- [order-service] [http-nio-9004-exec-10] c.c.o.aspect.BusinessLogAspect           : 业务类型：订单查询
2026-03-30T00:07:32.847+08:00  INFO 38516 --- [order-service] [http-nio-9004-exec-10] c.c.o.aspect.BusinessLogAspect           : 请求参数：[2038280317353099266]
2026-03-30T00:07:32.853+08:00  INFO 38516 --- [order-service] [http-nio-9004-exec-10] c.c.o.aspect.BusinessLogAspect           : ========== 业务操作结束 ==========
2026-03-30T00:07:32.853+08:00  INFO 38516 --- [order-service] [http-nio-9004-exec-10] c.c.o.aspect.BusinessLogAspect           : 执行耗时：6ms
2026-03-30T00:07:32.853+08:00  INFO 38516 --- [order-service] [http-nio-9004-exec-10] c.c.o.aspect.BusinessLogAspect           : 执行状态：成功
2026-03-30T00:07:33.322+08:00  INFO 38516 --- [order-service] [http-nio-9004-exec-1] c.c.o.aspect.BusinessLogAspect           : ========== 业务操作开始 ==========
2026-03-30T00:07:33.322+08:00  INFO 38516 --- [order-service] [http-nio-9004-exec-1] c.c.o.aspect.BusinessLogAspect           : 时间：2026-03-30 00:07:33.322
2026-03-30T00:07:33.322+08:00  INFO 38516 --- [order-service] [http-nio-9004-exec-1] c.c.o.aspect.BusinessLogAspect           : 接口：GET /order/list
2026-03-30T00:07:33.322+08:00  INFO 38516 --- [order-service] [http-nio-9004-exec-1] c.c.o.aspect.BusinessLogAspect           : 类名：OrderServiceImpl.getOrders
2026-03-30T00:07:33.322+08:00  INFO 38516 --- [order-service] [http-nio-9004-exec-1] c.c.o.aspect.BusinessLogAspect           : 业务描述：查询用户订单列表
2026-03-30T00:07:33.322+08:00  INFO 38516 --- [order-service] [http-nio-9004-exec-1] c.c.o.aspect.BusinessLogAspect           : 业务类型：订单查询
2026-03-30T00:07:33.322+08:00  INFO 38516 --- [order-service] [http-nio-9004-exec-1] c.c.o.aspect.BusinessLogAspect           : 请求参数：[2038280317353099266]
2026-03-30T00:07:33.327+08:00  INFO 38516 --- [order-service] [http-nio-9004-exec-1] c.c.o.aspect.BusinessLogAspect           : ========== 业务操作结束 ==========
2026-03-30T00:07:33.327+08:00  INFO 38516 --- [order-service] [http-nio-9004-exec-1] c.c.o.aspect.BusinessLogAspect           : 执行耗时：5ms
2026-03-30T00:07:33.327+08:00  INFO 38516 --- [order-service] [http-nio-9004-exec-1] c.c.o.aspect.BusinessLogAspect           : 执行状态：成功
2026-03-30T00:07:33.881+08:00  INFO 38516 --- [order-service] [http-nio-9004-exec-2] c.c.o.aspect.BusinessLogAspect           : ========== 业务操作开始 ==========
2026-03-30T00:07:33.881+08:00  INFO 38516 --- [order-service] [http-nio-9004-exec-2] c.c.o.aspect.BusinessLogAspect           : 时间：2026-03-30 00:07:33.881
2026-03-30T00:07:33.881+08:00  INFO 38516 --- [order-service] [http-nio-9004-exec-2] c.c.o.aspect.BusinessLogAspect           : 接口：GET /order/list
2026-03-30T00:07:33.881+08:00  INFO 38516 --- [order-service] [http-nio-9004-exec-2] c.c.o.aspect.BusinessLogAspect           : 类名：OrderServiceImpl.getOrders
2026-03-30T00:07:33.881+08:00  INFO 38516 --- [order-service] [http-nio-9004-exec-2] c.c.o.aspect.BusinessLogAspect           : 业务描述：查询用户订单列表
2026-03-30T00:07:33.881+08:00  INFO 38516 --- [order-service] [http-nio-9004-exec-2] c.c.o.aspect.BusinessLogAspect           : 业务类型：订单查询
2026-03-30T00:07:33.881+08:00  INFO 38516 --- [order-service] [http-nio-9004-exec-2] c.c.o.aspect.BusinessLogAspect           : 请求参数：[2038280317353099266]
2026-03-30T00:07:33.885+08:00  INFO 38516 --- [order-service] [http-nio-9004-exec-2] c.c.o.aspect.BusinessLogAspect           : ========== 业务操作结束 ==========
2026-03-30T00:07:33.885+08:00  INFO 38516 --- [order-service] [http-nio-9004-exec-2] c.c.o.aspect.BusinessLogAspect           : 执行耗时：4ms
2026-03-30T00:07:33.885+08:00  INFO 38516 --- [order-service] [http-nio-9004-exec-2] c.c.o.aspect.BusinessLogAspect           : 执行状态：成功
2026-03-30T00:07:59.034+08:00  INFO 38516 --- [order-service] [http-nio-9004-exec-4] c.c.o.aspect.BusinessLogAspect           : ========== 业务操作开始 ==========
2026-03-30T00:07:59.034+08:00  INFO 38516 --- [order-service] [http-nio-9004-exec-4] c.c.o.aspect.BusinessLogAspect           : 时间：2026-03-30 00:07:59.034
2026-03-30T00:07:59.034+08:00  INFO 38516 --- [order-service] [http-nio-9004-exec-4] c.c.o.aspect.BusinessLogAspect           : 接口：GET /order/list
2026-03-30T00:07:59.034+08:00  INFO 38516 --- [order-service] [http-nio-9004-exec-4] c.c.o.aspect.BusinessLogAspect           : 类名：OrderServiceImpl.getOrders
2026-03-30T00:07:59.034+08:00  INFO 38516 --- [order-service] [http-nio-9004-exec-4] c.c.o.aspect.BusinessLogAspect           : 业务描述：查询用户订单列表
2026-03-30T00:07:59.034+08:00  INFO 38516 --- [order-service] [http-nio-9004-exec-4] c.c.o.aspect.BusinessLogAspect           : 业务类型：订单查询
2026-03-30T00:07:59.034+08:00  INFO 38516 --- [order-service] [http-nio-9004-exec-4] c.c.o.aspect.BusinessLogAspect           : 请求参数：[2038280317353099266]
2026-03-30T00:07:59.039+08:00  INFO 38516 --- [order-service] [http-nio-9004-exec-4] c.c.o.aspect.BusinessLogAspect           : ========== 业务操作结束 ==========
2026-03-30T00:07:59.039+08:00  INFO 38516 --- [order-service] [http-nio-9004-exec-4] c.c.o.aspect.BusinessLogAspect           : 执行耗时：5ms
2026-03-30T00:07:59.039+08:00  INFO 38516 --- [order-service] [http-nio-9004-exec-4] c.c.o.aspect.BusinessLogAspect           : 执行状态：成功
2026-03-30T00:09:43.669+08:00  INFO 38516 --- [order-service] [http-nio-9004-exec-5] c.c.o.aspect.BusinessLogAspect           : ========== 业务操作开始 ==========
2026-03-30T00:09:43.669+08:00  INFO 38516 --- [order-service] [http-nio-9004-exec-5] c.c.o.aspect.BusinessLogAspect           : 时间：2026-03-30 00:09:43.669
2026-03-30T00:09:43.669+08:00  INFO 38516 --- [order-service] [http-nio-9004-exec-5] c.c.o.aspect.BusinessLogAspect           : 接口：GET /order/list
2026-03-30T00:09:43.669+08:00  INFO 38516 --- [order-service] [http-nio-9004-exec-5] c.c.o.aspect.BusinessLogAspect           : 类名：OrderServiceImpl.getOrders
2026-03-30T00:09:43.669+08:00  INFO 38516 --- [order-service] [http-nio-9004-exec-5] c.c.o.aspect.BusinessLogAspect           : 业务描述：查询用户订单列表
2026-03-30T00:09:43.669+08:00  INFO 38516 --- [order-service] [http-nio-9004-exec-5] c.c.o.aspect.BusinessLogAspect           : 业务类型：订单查询
2026-03-30T00:09:43.669+08:00  INFO 38516 --- [order-service] [http-nio-9004-exec-5] c.c.o.aspect.BusinessLogAspect           : 请求参数：[2038280317353099266]
2026-03-30T00:09:43.673+08:00  INFO 38516 --- [order-service] [http-nio-9004-exec-5] c.c.o.aspect.BusinessLogAspect           : ========== 业务操作结束 ==========
2026-03-30T00:09:43.673+08:00  INFO 38516 --- [order-service] [http-nio-9004-exec-5] c.c.o.aspect.BusinessLogAspect           : 执行耗时：4ms
2026-03-30T00:09:43.673+08:00  INFO 38516 --- [order-service] [http-nio-9004-exec-5] c.c.o.aspect.BusinessLogAspect           : 执行状态：成功
2026-03-30T00:09:44.471+08:00  INFO 38516 --- [order-service] [http-nio-9004-exec-6] c.c.o.aspect.BusinessLogAspect           : ========== 业务操作开始 ==========
2026-03-30T00:09:44.471+08:00  INFO 38516 --- [order-service] [http-nio-9004-exec-6] c.c.o.aspect.BusinessLogAspect           : 时间：2026-03-30 00:09:44.471
2026-03-30T00:09:44.471+08:00  INFO 38516 --- [order-service] [http-nio-9004-exec-6] c.c.o.aspect.BusinessLogAspect           : 接口：GET /order/list
2026-03-30T00:09:44.471+08:00  INFO 38516 --- [order-service] [http-nio-9004-exec-6] c.c.o.aspect.BusinessLogAspect           : 类名：OrderServiceImpl.getOrders
2026-03-30T00:09:44.471+08:00  INFO 38516 --- [order-service] [http-nio-9004-exec-6] c.c.o.aspect.BusinessLogAspect           : 业务描述：查询用户订单列表
2026-03-30T00:09:44.471+08:00  INFO 38516 --- [order-service] [http-nio-9004-exec-6] c.c.o.aspect.BusinessLogAspect           : 业务类型：订单查询
2026-03-30T00:09:44.471+08:00  INFO 38516 --- [order-service] [http-nio-9004-exec-6] c.c.o.aspect.BusinessLogAspect           : 请求参数：[2038280317353099266]
2026-03-30T00:09:44.477+08:00  INFO 38516 --- [order-service] [http-nio-9004-exec-6] c.c.o.aspect.BusinessLogAspect           : ========== 业务操作结束 ==========
2026-03-30T00:09:44.477+08:00  INFO 38516 --- [order-service] [http-nio-9004-exec-6] c.c.o.aspect.BusinessLogAspect           : 执行耗时：6ms
2026-03-30T00:09:44.477+08:00  INFO 38516 --- [order-service] [http-nio-9004-exec-6] c.c.o.aspect.BusinessLogAspect           : 执行状态：成功
2026-03-30T00:10:00.093+08:00  INFO 27676 --- [user-service] [http-nio-9003-exec-8] c.c.u.aspect.BusinessLogAspect           : ========== 业务操作开始 ==========
2026-03-30T00:10:00.093+08:00  INFO 27676 --- [user-service] [http-nio-9003-exec-8] c.c.u.aspect.BusinessLogAspect           : 时间：2026-03-30 00:10:00.093
2026-03-30T00:10:00.093+08:00  INFO 27676 --- [user-service] [http-nio-9003-exec-8] c.c.u.aspect.BusinessLogAspect           : 接口：GET /user/patient/list
2026-03-30T00:10:00.093+08:00  INFO 27676 --- [user-service] [http-nio-9003-exec-8] c.c.u.aspect.BusinessLogAspect           : 类名：PatientServiceImpl.getPatients
2026-03-30T00:10:00.093+08:00  INFO 27676 --- [user-service] [http-nio-9003-exec-8] c.c.u.aspect.BusinessLogAspect           : 业务描述：查询就诊人列表
2026-03-30T00:10:00.093+08:00  INFO 27676 --- [user-service] [http-nio-9003-exec-8] c.c.u.aspect.BusinessLogAspect           : 业务类型：就诊人管理
2026-03-30T00:10:00.094+08:00  INFO 27676 --- [user-service] [http-nio-9003-exec-8] c.c.u.aspect.BusinessLogAspect           : 请求参数：[2038280317353099266]
2026-03-30T00:10:00.097+08:00  INFO 27676 --- [user-service] [http-nio-9003-exec-8] c.c.u.aspect.BusinessLogAspect           : ========== 业务操作结束 ==========
2026-03-30T00:10:00.097+08:00  INFO 27676 --- [user-service] [http-nio-9003-exec-8] c.c.u.aspect.BusinessLogAspect           : 执行耗时：3ms
2026-03-30T00:10:00.097+08:00  INFO 27676 --- [user-service] [http-nio-9003-exec-8] c.c.u.aspect.BusinessLogAspect           : 执行状态：成功
2026-03-30T00:10:00.652+08:00  INFO 36584 --- [doctor-service] [http-nio-9002-exec-10] c.c.d.aspect.BusinessLogAspect           : [业务] 排班查询 - ScheduleServiceImpl.findDetailByDate - 查询排班详情（缓存优化）
2026-03-30T00:10:01.297+08:00  INFO 38516 --- [order-service] [http-nio-9004-exec-7] c.c.o.aspect.BusinessLogAspect           : ========== 业务操作开始 ==========
2026-03-30T00:10:01.297+08:00  INFO 38516 --- [order-service] [http-nio-9004-exec-7] c.c.o.aspect.BusinessLogAspect           : 时间：2026-03-30 00:10:01.297
2026-03-30T00:10:01.297+08:00  INFO 38516 --- [order-service] [http-nio-9004-exec-7] c.c.o.aspect.BusinessLogAspect           : 接口：GET /order/list
2026-03-30T00:10:01.297+08:00  INFO 38516 --- [order-service] [http-nio-9004-exec-7] c.c.o.aspect.BusinessLogAspect           : 类名：OrderServiceImpl.getOrders
2026-03-30T00:10:01.297+08:00  INFO 38516 --- [order-service] [http-nio-9004-exec-7] c.c.o.aspect.BusinessLogAspect           : 业务描述：查询用户订单列表
2026-03-30T00:10:01.297+08:00  INFO 38516 --- [order-service] [http-nio-9004-exec-7] c.c.o.aspect.BusinessLogAspect           : 业务类型：订单查询
2026-03-30T00:10:01.297+08:00  INFO 38516 --- [order-service] [http-nio-9004-exec-7] c.c.o.aspect.BusinessLogAspect           : 请求参数：[2038280317353099266]
2026-03-30T00:10:01.301+08:00  INFO 38516 --- [order-service] [http-nio-9004-exec-7] c.c.o.aspect.BusinessLogAspect           : ========== 业务操作结束 ==========
2026-03-30T00:10:01.301+08:00  INFO 38516 --- [order-service] [http-nio-9004-exec-7] c.c.o.aspect.BusinessLogAspect           : 执行耗时：4ms
2026-03-30T00:10:01.301+08:00  INFO 38516 --- [order-service] [http-nio-9004-exec-7] c.c.o.aspect.BusinessLogAspect           : 执行状态：成功
2026-03-30T00:10:01.743+08:00  INFO 36584 --- [doctor-service] [http-nio-9002-exec-8] c.c.d.aspect.BusinessLogAspect           : [业务] 排班查询 - ScheduleServiceImpl.findDetailByDate - 查询排班详情（缓存优化）
2026-03-30T00:10:07.212+08:00  INFO 36584 --- [doctor-service] [http-nio-9002-exec-1] c.c.d.aspect.BusinessLogAspect           : [业务] 排班查询 - ScheduleServiceImpl.findDetailByDate - 查询排班详情（缓存优化）
2026-03-30T00:10:09.507+08:00  INFO 38516 --- [order-service] [http-nio-9004-exec-8] c.c.o.aspect.BusinessLogAspect           : ========== 业务操作开始 ==========
2026-03-30T00:10:09.507+08:00  INFO 38516 --- [order-service] [http-nio-9004-exec-8] c.c.o.aspect.BusinessLogAspect           : 时间：2026-03-30 00:10:09.507
2026-03-30T00:10:09.507+08:00  INFO 38516 --- [order-service] [http-nio-9004-exec-8] c.c.o.aspect.BusinessLogAspect           : 接口：GET /order/list
2026-03-30T00:10:09.507+08:00  INFO 38516 --- [order-service] [http-nio-9004-exec-8] c.c.o.aspect.BusinessLogAspect           : 类名：OrderServiceImpl.getOrders
2026-03-30T00:10:09.507+08:00  INFO 38516 --- [order-service] [http-nio-9004-exec-8] c.c.o.aspect.BusinessLogAspect           : 业务描述：查询用户订单列表
2026-03-30T00:10:09.507+08:00  INFO 38516 --- [order-service] [http-nio-9004-exec-8] c.c.o.aspect.BusinessLogAspect           : 业务类型：订单查询
2026-03-30T00:10:09.507+08:00  INFO 38516 --- [order-service] [http-nio-9004-exec-8] c.c.o.aspect.BusinessLogAspect           : 请求参数：[2038280317353099266]
2026-03-30T00:10:09.513+08:00  INFO 38516 --- [order-service] [http-nio-9004-exec-8] c.c.o.aspect.BusinessLogAspect           : ========== 业务操作结束 ==========
2026-03-30T00:10:09.513+08:00  INFO 38516 --- [order-service] [http-nio-9004-exec-8] c.c.o.aspect.BusinessLogAspect           : 执行耗时：6ms
2026-03-30T00:10:09.514+08:00  INFO 38516 --- [order-service] [http-nio-9004-exec-8] c.c.o.aspect.BusinessLogAspect           : 执行状态：成功
2026-03-30T00:10:10.015+08:00  INFO 36584 --- [doctor-service] [http-nio-9002-exec-3] c.c.d.aspect.BusinessLogAspect           : [业务] 排班查询 - ScheduleServiceImpl.findDetailByDate - 查询排班详情（缓存优化）
2026-03-30T00:10:10.705+08:00  INFO 38516 --- [order-service] [http-nio-9004-exec-9] c.c.o.aspect.BusinessLogAspect           : ========== 业务操作开始 ==========
2026-03-30T00:10:10.705+08:00  INFO 38516 --- [order-service] [http-nio-9004-exec-9] c.c.o.aspect.BusinessLogAspect           : 时间：2026-03-30 00:10:10.705
2026-03-30T00:10:10.705+08:00  INFO 38516 --- [order-service] [http-nio-9004-exec-9] c.c.o.aspect.BusinessLogAspect           : 接口：GET /order/list
2026-03-30T00:10:10.705+08:00  INFO 38516 --- [order-service] [http-nio-9004-exec-9] c.c.o.aspect.BusinessLogAspect           : 类名：OrderServiceImpl.getOrders
2026-03-30T00:10:10.705+08:00  INFO 38516 --- [order-service] [http-nio-9004-exec-9] c.c.o.aspect.BusinessLogAspect           : 业务描述：查询用户订单列表
2026-03-30T00:10:10.705+08:00  INFO 38516 --- [order-service] [http-nio-9004-exec-9] c.c.o.aspect.BusinessLogAspect           : 业务类型：订单查询
2026-03-30T00:10:10.705+08:00  INFO 38516 --- [order-service] [http-nio-9004-exec-9] c.c.o.aspect.BusinessLogAspect           : 请求参数：[2038280317353099266]
2026-03-30T00:10:10.709+08:00  INFO 38516 --- [order-service] [http-nio-9004-exec-9] c.c.o.aspect.BusinessLogAspect           : ========== 业务操作结束 ==========
2026-03-30T00:10:10.709+08:00  INFO 38516 --- [order-service] [http-nio-9004-exec-9] c.c.o.aspect.BusinessLogAspect           : 执行耗时：4ms
2026-03-30T00:10:10.709+08:00  INFO 38516 --- [order-service] [http-nio-9004-exec-9] c.c.o.aspect.BusinessLogAspect           : 执行状态：成功
2026-03-30T00:10:10.758+08:00  INFO 36584 --- [doctor-service] [http-nio-9002-exec-4] c.c.d.aspect.BusinessLogAspect           : [业务] 排班查询 - ScheduleServiceImpl.findDetailByDate - 查询排班详情（缓存优化）
2026-03-30T00:10:11.413+08:00  INFO 38516 --- [order-service] [http-nio-9004-exec-10] c.c.o.aspect.BusinessLogAspect           : ========== 业务操作开始 ==========
2026-03-30T00:10:11.413+08:00  INFO 38516 --- [order-service] [http-nio-9004-exec-10] c.c.o.aspect.BusinessLogAspect           : 时间：2026-03-30 00:10:11.413
2026-03-30T00:10:11.413+08:00  INFO 38516 --- [order-service] [http-nio-9004-exec-10] c.c.o.aspect.BusinessLogAspect           : 接口：GET /order/list
2026-03-30T00:10:11.413+08:00  INFO 38516 --- [order-service] [http-nio-9004-exec-10] c.c.o.aspect.BusinessLogAspect           : 类名：OrderServiceImpl.getOrders
2026-03-30T00:10:11.413+08:00  INFO 38516 --- [order-service] [http-nio-9004-exec-10] c.c.o.aspect.BusinessLogAspect           : 业务描述：查询用户订单列表
2026-03-30T00:10:11.413+08:00  INFO 38516 --- [order-service] [http-nio-9004-exec-10] c.c.o.aspect.BusinessLogAspect           : 业务类型：订单查询
2026-03-30T00:10:11.413+08:00  INFO 38516 --- [order-service] [http-nio-9004-exec-10] c.c.o.aspect.BusinessLogAspect           : 请求参数：[2038280317353099266]
2026-03-30T00:10:11.419+08:00  INFO 38516 --- [order-service] [http-nio-9004-exec-10] c.c.o.aspect.BusinessLogAspect           : ========== 业务操作结束 ==========
2026-03-30T00:10:11.419+08:00  INFO 38516 --- [order-service] [http-nio-9004-exec-10] c.c.o.aspect.BusinessLogAspect           : 执行耗时：6ms
2026-03-30T00:10:11.419+08:00  INFO 38516 --- [order-service] [http-nio-9004-exec-10] c.c.o.aspect.BusinessLogAspect           : 执行状态：成功
2026-03-30T00:10:11.831+08:00  INFO 36584 --- [doctor-service] [http-nio-9002-exec-5] c.c.d.aspect.BusinessLogAspect           : [业务] 排班查询 - ScheduleServiceImpl.findDetailByDate - 查询排班详情（缓存优化）
2026-03-30T08:03:33.124+08:00  INFO 36584 --- [doctor-service] [http-nio-9002-exec-6] c.c.d.aspect.BusinessLogAspect           : [业务] 排班查询 - ScheduleServiceImpl.findDetailByDate - 查询排班详情（缓存优化）
2026-03-30T08:03:33.688+08:00  INFO 36584 --- [doctor-service] [http-nio-9002-exec-6] c.c.d.aspect.BusinessLogAspect           : [业务完成] 耗时：564ms - 状态：成功
2026-03-30T08:04:08.580+08:00  INFO 38516 --- [order-service] [http-nio-9004-exec-2] c.c.o.aspect.BusinessLogAspect           : ========== 业务操作开始 ==========
2026-03-30T08:04:08.580+08:00  INFO 38516 --- [order-service] [http-nio-9004-exec-2] c.c.o.aspect.BusinessLogAspect           : 时间：2026-03-30 08:04:08.580
2026-03-30T08:04:08.580+08:00  INFO 38516 --- [order-service] [http-nio-9004-exec-2] c.c.o.aspect.BusinessLogAspect           : 接口：GET /order/list
2026-03-30T08:04:08.580+08:00  INFO 38516 --- [order-service] [http-nio-9004-exec-2] c.c.o.aspect.BusinessLogAspect           : 类名：OrderServiceImpl.getOrders
2026-03-30T08:04:08.580+08:00  INFO 38516 --- [order-service] [http-nio-9004-exec-2] c.c.o.aspect.BusinessLogAspect           : 业务描述：查询用户订单列表
2026-03-30T08:04:08.580+08:00  INFO 38516 --- [order-service] [http-nio-9004-exec-2] c.c.o.aspect.BusinessLogAspect           : 业务类型：订单查询
2026-03-30T08:04:08.580+08:00  INFO 38516 --- [order-service] [http-nio-9004-exec-2] c.c.o.aspect.BusinessLogAspect           : 请求参数：[2038280317353099266]
2026-03-30T08:04:08.621+08:00  INFO 38516 --- [order-service] [http-nio-9004-exec-2] c.c.o.aspect.BusinessLogAspect           : ========== 业务操作结束 ==========
2026-03-30T08:04:08.621+08:00  INFO 38516 --- [order-service] [http-nio-9004-exec-2] c.c.o.aspect.BusinessLogAspect           : 执行耗时：41ms
2026-03-30T08:04:08.621+08:00  INFO 38516 --- [order-service] [http-nio-9004-exec-2] c.c.o.aspect.BusinessLogAspect           : 执行状态：成功
2026-03-30T08:04:24.113+08:00  INFO 36584 --- [doctor-service] [http-nio-9002-exec-7] c.c.d.aspect.BusinessLogAspect           : [业务] 排班查询 - ScheduleServiceImpl.findDetailByDate - 查询排班详情（缓存优化）
2026-03-30T08:04:25.965+08:00  INFO 38516 --- [order-service] [http-nio-9004-exec-4] c.c.o.aspect.BusinessLogAspect           : ========== 业务操作开始 ==========
2026-03-30T08:04:25.965+08:00  INFO 38516 --- [order-service] [http-nio-9004-exec-4] c.c.o.aspect.BusinessLogAspect           : 时间：2026-03-30 08:04:25.965
2026-03-30T08:04:25.965+08:00  INFO 38516 --- [order-service] [http-nio-9004-exec-4] c.c.o.aspect.BusinessLogAspect           : 接口：GET /order/list
2026-03-30T08:04:25.965+08:00  INFO 38516 --- [order-service] [http-nio-9004-exec-4] c.c.o.aspect.BusinessLogAspect           : 类名：OrderServiceImpl.getOrders
2026-03-30T08:04:25.965+08:00  INFO 38516 --- [order-service] [http-nio-9004-exec-4] c.c.o.aspect.BusinessLogAspect           : 业务描述：查询用户订单列表
2026-03-30T08:04:25.965+08:00  INFO 38516 --- [order-service] [http-nio-9004-exec-4] c.c.o.aspect.BusinessLogAspect           : 业务类型：订单查询
2026-03-30T08:04:25.965+08:00  INFO 38516 --- [order-service] [http-nio-9004-exec-4] c.c.o.aspect.BusinessLogAspect           : 请求参数：[2038280317353099266]
2026-03-30T08:04:25.971+08:00  INFO 38516 --- [order-service] [http-nio-9004-exec-4] c.c.o.aspect.BusinessLogAspect           : ========== 业务操作结束 ==========
2026-03-30T08:04:25.971+08:00  INFO 38516 --- [order-service] [http-nio-9004-exec-4] c.c.o.aspect.BusinessLogAspect           : 执行耗时：6ms
2026-03-30T08:04:25.971+08:00  INFO 38516 --- [order-service] [http-nio-9004-exec-4] c.c.o.aspect.BusinessLogAspect           : 执行状态：成功
2026-03-30T08:04:30.377+08:00  INFO 27676 --- [user-service] [http-nio-9003-exec-10] c.c.u.aspect.BusinessLogAspect           : ========== 业务操作开始 ==========
2026-03-30T08:04:30.377+08:00  INFO 27676 --- [user-service] [http-nio-9003-exec-10] c.c.u.aspect.BusinessLogAspect           : 时间：2026-03-30 08:04:30.377
2026-03-30T08:04:30.377+08:00  INFO 27676 --- [user-service] [http-nio-9003-exec-10] c.c.u.aspect.BusinessLogAspect           : 接口：GET /user/patient/list
2026-03-30T08:04:30.377+08:00  INFO 27676 --- [user-service] [http-nio-9003-exec-10] c.c.u.aspect.BusinessLogAspect           : 类名：PatientServiceImpl.getPatients
2026-03-30T08:04:30.377+08:00  INFO 27676 --- [user-service] [http-nio-9003-exec-10] c.c.u.aspect.BusinessLogAspect           : 业务描述：查询就诊人列表
2026-03-30T08:04:30.377+08:00  INFO 27676 --- [user-service] [http-nio-9003-exec-10] c.c.u.aspect.BusinessLogAspect           : 业务类型：就诊人管理
2026-03-30T08:04:30.377+08:00  INFO 27676 --- [user-service] [http-nio-9003-exec-10] c.c.u.aspect.BusinessLogAspect           : 请求参数：[2038280317353099266]
2026-03-30T08:04:30.937+08:00  INFO 27676 --- [user-service] [http-nio-9003-exec-10] c.c.u.aspect.BusinessLogAspect           : ========== 业务操作结束 ==========
2026-03-30T08:04:30.937+08:00  INFO 27676 --- [user-service] [http-nio-9003-exec-10] c.c.u.aspect.BusinessLogAspect           : 执行耗时：560ms
2026-03-30T08:04:30.937+08:00  INFO 27676 --- [user-service] [http-nio-9003-exec-10] c.c.u.aspect.BusinessLogAspect           : 执行状态：成功
2026-03-30T08:04:33.259+08:00  INFO 38516 --- [order-service] [http-nio-9004-exec-3] c.c.o.aspect.BusinessLogAspect           : ========== 业务操作开始 ==========
2026-03-30T08:04:33.259+08:00  INFO 38516 --- [order-service] [http-nio-9004-exec-3] c.c.o.aspect.BusinessLogAspect           : 时间：2026-03-30 08:04:33.259
2026-03-30T08:04:33.259+08:00  INFO 38516 --- [order-service] [http-nio-9004-exec-3] c.c.o.aspect.BusinessLogAspect           : 接口：GET /order/list
2026-03-30T08:04:33.259+08:00  INFO 38516 --- [order-service] [http-nio-9004-exec-3] c.c.o.aspect.BusinessLogAspect           : 类名：OrderServiceImpl.getOrders
2026-03-30T08:04:33.259+08:00  INFO 38516 --- [order-service] [http-nio-9004-exec-3] c.c.o.aspect.BusinessLogAspect           : 业务描述：查询用户订单列表
2026-03-30T08:04:33.259+08:00  INFO 38516 --- [order-service] [http-nio-9004-exec-3] c.c.o.aspect.BusinessLogAspect           : 业务类型：订单查询
2026-03-30T08:04:33.259+08:00  INFO 38516 --- [order-service] [http-nio-9004-exec-3] c.c.o.aspect.BusinessLogAspect           : 请求参数：[2038280317353099266]
2026-03-30T08:04:33.266+08:00  INFO 38516 --- [order-service] [http-nio-9004-exec-3] c.c.o.aspect.BusinessLogAspect           : ========== 业务操作结束 ==========
2026-03-30T08:04:33.266+08:00  INFO 38516 --- [order-service] [http-nio-9004-exec-3] c.c.o.aspect.BusinessLogAspect           : 执行耗时：7ms
2026-03-30T08:04:33.266+08:00  INFO 38516 --- [order-service] [http-nio-9004-exec-3] c.c.o.aspect.BusinessLogAspect           : 执行状态：成功
2026-03-30T08:04:33.731+08:00  INFO 36584 --- [doctor-service] [http-nio-9002-exec-9] c.c.d.aspect.BusinessLogAspect           : [业务] 排班查询 - ScheduleServiceImpl.findDetailByDate - 查询排班详情（缓存优化）
2026-03-30T08:04:34.386+08:00  INFO 38516 --- [order-service] [http-nio-9004-exec-5] c.c.o.aspect.BusinessLogAspect           : ========== 业务操作开始 ==========
2026-03-30T08:04:34.386+08:00  INFO 38516 --- [order-service] [http-nio-9004-exec-5] c.c.o.aspect.BusinessLogAspect           : 时间：2026-03-30 08:04:34.386
2026-03-30T08:04:34.386+08:00  INFO 38516 --- [order-service] [http-nio-9004-exec-5] c.c.o.aspect.BusinessLogAspect           : 接口：GET /order/list
2026-03-30T08:04:34.386+08:00  INFO 38516 --- [order-service] [http-nio-9004-exec-5] c.c.o.aspect.BusinessLogAspect           : 类名：OrderServiceImpl.getOrders
2026-03-30T08:04:34.386+08:00  INFO 38516 --- [order-service] [http-nio-9004-exec-5] c.c.o.aspect.BusinessLogAspect           : 业务描述：查询用户订单列表
2026-03-30T08:04:34.386+08:00  INFO 38516 --- [order-service] [http-nio-9004-exec-5] c.c.o.aspect.BusinessLogAspect           : 业务类型：订单查询
2026-03-30T08:04:34.386+08:00  INFO 38516 --- [order-service] [http-nio-9004-exec-5] c.c.o.aspect.BusinessLogAspect           : 请求参数：[2038280317353099266]
2026-03-30T08:04:34.392+08:00  INFO 38516 --- [order-service] [http-nio-9004-exec-5] c.c.o.aspect.BusinessLogAspect           : ========== 业务操作结束 ==========
2026-03-30T08:04:34.392+08:00  INFO 38516 --- [order-service] [http-nio-9004-exec-5] c.c.o.aspect.BusinessLogAspect           : 执行耗时：6ms
2026-03-30T08:04:34.392+08:00  INFO 38516 --- [order-service] [http-nio-9004-exec-5] c.c.o.aspect.BusinessLogAspect           : 执行状态：成功
2026-03-30T08:04:35.901+08:00  INFO 27676 --- [user-service] [http-nio-9003-exec-1] c.c.u.aspect.BusinessLogAspect           : ========== 业务操作开始 ==========
2026-03-30T08:04:35.901+08:00  INFO 27676 --- [user-service] [http-nio-9003-exec-1] c.c.u.aspect.BusinessLogAspect           : 时间：2026-03-30 08:04:35.901
2026-03-30T08:04:35.901+08:00  INFO 27676 --- [user-service] [http-nio-9003-exec-1] c.c.u.aspect.BusinessLogAspect           : 接口：GET /user/patient/list
2026-03-30T08:04:35.901+08:00  INFO 27676 --- [user-service] [http-nio-9003-exec-1] c.c.u.aspect.BusinessLogAspect           : 类名：PatientServiceImpl.getPatients
2026-03-30T08:04:35.901+08:00  INFO 27676 --- [user-service] [http-nio-9003-exec-1] c.c.u.aspect.BusinessLogAspect           : 业务描述：查询就诊人列表
2026-03-30T08:04:35.901+08:00  INFO 27676 --- [user-service] [http-nio-9003-exec-1] c.c.u.aspect.BusinessLogAspect           : 业务类型：就诊人管理
2026-03-30T08:04:35.901+08:00  INFO 27676 --- [user-service] [http-nio-9003-exec-1] c.c.u.aspect.BusinessLogAspect           : 请求参数：[2038280317353099266]
2026-03-30T08:04:35.904+08:00  INFO 27676 --- [user-service] [http-nio-9003-exec-1] c.c.u.aspect.BusinessLogAspect           : ========== 业务操作结束 ==========
2026-03-30T08:04:35.904+08:00  INFO 27676 --- [user-service] [http-nio-9003-exec-1] c.c.u.aspect.BusinessLogAspect           : 执行耗时：3ms
2026-03-30T08:04:35.904+08:00  INFO 27676 --- [user-service] [http-nio-9003-exec-1] c.c.u.aspect.BusinessLogAspect           : 执行状态：成功
2026-03-30T08:04:50.478+08:00  INFO 38516 --- [order-service] [http-nio-9004-exec-6] c.c.o.aspect.BusinessLogAspect           : ========== 业务操作开始 ==========
2026-03-30T08:04:50.478+08:00  INFO 38516 --- [order-service] [http-nio-9004-exec-6] c.c.o.aspect.BusinessLogAspect           : 时间：2026-03-30 08:04:50.478
2026-03-30T08:04:50.478+08:00  INFO 38516 --- [order-service] [http-nio-9004-exec-6] c.c.o.aspect.BusinessLogAspect           : 接口：GET /order/list
2026-03-30T08:04:50.478+08:00  INFO 38516 --- [order-service] [http-nio-9004-exec-6] c.c.o.aspect.BusinessLogAspect           : 类名：OrderServiceImpl.getOrders
2026-03-30T08:04:50.478+08:00  INFO 38516 --- [order-service] [http-nio-9004-exec-6] c.c.o.aspect.BusinessLogAspect           : 业务描述：查询用户订单列表
2026-03-30T08:04:50.478+08:00  INFO 38516 --- [order-service] [http-nio-9004-exec-6] c.c.o.aspect.BusinessLogAspect           : 业务类型：订单查询
2026-03-30T08:04:50.478+08:00  INFO 38516 --- [order-service] [http-nio-9004-exec-6] c.c.o.aspect.BusinessLogAspect           : 请求参数：[2038280317353099266]
2026-03-30T08:04:50.484+08:00  INFO 38516 --- [order-service] [http-nio-9004-exec-6] c.c.o.aspect.BusinessLogAspect           : ========== 业务操作结束 ==========
2026-03-30T08:04:50.484+08:00  INFO 38516 --- [order-service] [http-nio-9004-exec-6] c.c.o.aspect.BusinessLogAspect           : 执行耗时：6ms
2026-03-30T08:04:50.484+08:00  INFO 38516 --- [order-service] [http-nio-9004-exec-6] c.c.o.aspect.BusinessLogAspect           : 执行状态：成功
2026-03-30T08:04:55.138+08:00  INFO 36584 --- [doctor-service] [http-nio-9002-exec-10] c.c.d.aspect.BusinessLogAspect           : [业务] 排班查询 - ScheduleServiceImpl.findDetailByDate - 查询排班详情（缓存优化）
2026-03-30T08:24:29.821+08:00  INFO 26172 --- [order-service] [http-nio-9004-exec-1] c.c.o.aspect.BusinessLogAspect           : ========== 业务操作开始 ==========
2026-03-30T08:24:29.821+08:00  INFO 26172 --- [order-service] [http-nio-9004-exec-1] c.c.o.aspect.BusinessLogAspect           : 时间：2026-03-30 08:24:29.821
2026-03-30T08:24:29.821+08:00  INFO 26172 --- [order-service] [http-nio-9004-exec-1] c.c.o.aspect.BusinessLogAspect           : 接口：GET /order/list
2026-03-30T08:24:29.821+08:00  INFO 26172 --- [order-service] [http-nio-9004-exec-1] c.c.o.aspect.BusinessLogAspect           : 类名：OrderServiceImpl.getOrders
2026-03-30T08:24:29.821+08:00  INFO 26172 --- [order-service] [http-nio-9004-exec-1] c.c.o.aspect.BusinessLogAspect           : 业务描述：查询用户订单列表
2026-03-30T08:24:29.821+08:00  INFO 26172 --- [order-service] [http-nio-9004-exec-1] c.c.o.aspect.BusinessLogAspect           : 业务类型：订单查询
2026-03-30T08:24:29.821+08:00  INFO 26172 --- [order-service] [http-nio-9004-exec-1] c.c.o.aspect.BusinessLogAspect           : 请求参数：[2038244988630581249]
2026-03-30T08:24:30.664+08:00  INFO 26172 --- [order-service] [http-nio-9004-exec-1] c.c.o.aspect.BusinessLogAspect           : ========== 业务操作结束 ==========
2026-03-30T08:24:30.664+08:00  INFO 26172 --- [order-service] [http-nio-9004-exec-1] c.c.o.aspect.BusinessLogAspect           : 执行耗时：843ms
2026-03-30T08:24:30.664+08:00  INFO 26172 --- [order-service] [http-nio-9004-exec-1] c.c.o.aspect.BusinessLogAspect           : 执行状态：成功
2026-03-30T08:24:30.748+08:00  INFO 22460 --- [doctor-service] [http-nio-9002-exec-1] c.c.d.aspect.BusinessLogAspect           : [业务] 排班查询 - ScheduleServiceImpl.findDetailByDate - 查询排班详情（缓存优化）
2026-03-30T08:24:31.041+08:00  INFO 22460 --- [doctor-service] [http-nio-9002-exec-1] c.c.d.aspect.BusinessLogAspect           : [业务完成] 耗时：293ms - 状态：成功
2026-03-30T08:24:38.875+08:00  INFO 22460 --- [doctor-service] [http-nio-9002-exec-2] c.c.d.aspect.BusinessLogAspect           : [业务] 排班查询 - ScheduleServiceImpl.findDetailByDate - 查询排班详情（缓存优化）
2026-03-30T08:24:42.043+08:00  INFO 26172 --- [order-service] [http-nio-9004-exec-2] c.c.o.aspect.BusinessLogAspect           : ========== 业务操作开始 ==========
2026-03-30T08:24:42.043+08:00  INFO 26172 --- [order-service] [http-nio-9004-exec-2] c.c.o.aspect.BusinessLogAspect           : 时间：2026-03-30 08:24:42.043
2026-03-30T08:24:42.043+08:00  INFO 26172 --- [order-service] [http-nio-9004-exec-2] c.c.o.aspect.BusinessLogAspect           : 接口：GET /order/list
2026-03-30T08:24:42.043+08:00  INFO 26172 --- [order-service] [http-nio-9004-exec-2] c.c.o.aspect.BusinessLogAspect           : 类名：OrderServiceImpl.getOrders
2026-03-30T08:24:42.043+08:00  INFO 26172 --- [order-service] [http-nio-9004-exec-2] c.c.o.aspect.BusinessLogAspect           : 业务描述：查询用户订单列表
2026-03-30T08:24:42.043+08:00  INFO 26172 --- [order-service] [http-nio-9004-exec-2] c.c.o.aspect.BusinessLogAspect           : 业务类型：订单查询
2026-03-30T08:24:42.043+08:00  INFO 26172 --- [order-service] [http-nio-9004-exec-2] c.c.o.aspect.BusinessLogAspect           : 请求参数：[2038244988630581249]
2026-03-30T08:24:42.058+08:00  INFO 26172 --- [order-service] [http-nio-9004-exec-2] c.c.o.aspect.BusinessLogAspect           : ========== 业务操作结束 ==========
2026-03-30T08:24:42.058+08:00  INFO 26172 --- [order-service] [http-nio-9004-exec-2] c.c.o.aspect.BusinessLogAspect           : 执行耗时：15ms
2026-03-30T08:24:42.058+08:00  INFO 26172 --- [order-service] [http-nio-9004-exec-2] c.c.o.aspect.BusinessLogAspect           : 执行状态：成功
2026-03-30T08:24:44.617+08:00  INFO 10880 --- [user-service] [http-nio-9003-exec-1] c.c.u.aspect.BusinessLogAspect           : ========== 业务操作开始 ==========
2026-03-30T08:24:44.617+08:00  INFO 10880 --- [user-service] [http-nio-9003-exec-1] c.c.u.aspect.BusinessLogAspect           : 时间：2026-03-30 08:24:44.617
2026-03-30T08:24:44.617+08:00  INFO 10880 --- [user-service] [http-nio-9003-exec-1] c.c.u.aspect.BusinessLogAspect           : 接口：GET /user/patient/list
2026-03-30T08:24:44.617+08:00  INFO 10880 --- [user-service] [http-nio-9003-exec-1] c.c.u.aspect.BusinessLogAspect           : 类名：PatientServiceImpl.getPatients
2026-03-30T08:24:44.617+08:00  INFO 10880 --- [user-service] [http-nio-9003-exec-1] c.c.u.aspect.BusinessLogAspect           : 业务描述：查询就诊人列表
2026-03-30T08:24:44.617+08:00  INFO 10880 --- [user-service] [http-nio-9003-exec-1] c.c.u.aspect.BusinessLogAspect           : 业务类型：就诊人管理
2026-03-30T08:24:44.621+08:00  INFO 10880 --- [user-service] [http-nio-9003-exec-1] c.c.u.aspect.BusinessLogAspect           : 请求参数：[2038244988630581249]
2026-03-30T08:24:45.555+08:00  INFO 10880 --- [user-service] [http-nio-9003-exec-1] c.c.u.aspect.BusinessLogAspect           : ========== 业务操作结束 ==========
2026-03-30T08:24:45.555+08:00  INFO 10880 --- [user-service] [http-nio-9003-exec-1] c.c.u.aspect.BusinessLogAspect           : 执行耗时：934ms
2026-03-30T08:24:45.555+08:00  INFO 10880 --- [user-service] [http-nio-9003-exec-1] c.c.u.aspect.BusinessLogAspect           : 执行状态：成功
2026-03-30T08:24:46.314+08:00  INFO 22460 --- [doctor-service] [http-nio-9002-exec-3] c.c.d.aspect.BusinessLogAspect           : [业务] 排班查询 - ScheduleServiceImpl.findDetailByDate - 查询排班详情（缓存优化）
2026-03-30T08:24:47.297+08:00  INFO 26172 --- [order-service] [http-nio-9004-exec-3] c.c.o.aspect.BusinessLogAspect           : ========== 业务操作开始 ==========
2026-03-30T08:24:47.297+08:00  INFO 26172 --- [order-service] [http-nio-9004-exec-3] c.c.o.aspect.BusinessLogAspect           : 时间：2026-03-30 08:24:47.297
2026-03-30T08:24:47.297+08:00  INFO 26172 --- [order-service] [http-nio-9004-exec-3] c.c.o.aspect.BusinessLogAspect           : 接口：GET /order/list
2026-03-30T08:24:47.297+08:00  INFO 26172 --- [order-service] [http-nio-9004-exec-3] c.c.o.aspect.BusinessLogAspect           : 类名：OrderServiceImpl.getOrders
2026-03-30T08:24:47.297+08:00  INFO 26172 --- [order-service] [http-nio-9004-exec-3] c.c.o.aspect.BusinessLogAspect           : 业务描述：查询用户订单列表
2026-03-30T08:24:47.297+08:00  INFO 26172 --- [order-service] [http-nio-9004-exec-3] c.c.o.aspect.BusinessLogAspect           : 业务类型：订单查询
2026-03-30T08:24:47.297+08:00  INFO 26172 --- [order-service] [http-nio-9004-exec-3] c.c.o.aspect.BusinessLogAspect           : 请求参数：[2038244988630581249]
2026-03-30T08:24:47.302+08:00  INFO 26172 --- [order-service] [http-nio-9004-exec-3] c.c.o.aspect.BusinessLogAspect           : ========== 业务操作结束 ==========
2026-03-30T08:24:47.302+08:00  INFO 26172 --- [order-service] [http-nio-9004-exec-3] c.c.o.aspect.BusinessLogAspect           : 执行耗时：5ms
2026-03-30T08:24:47.302+08:00  INFO 26172 --- [order-service] [http-nio-9004-exec-3] c.c.o.aspect.BusinessLogAspect           : 执行状态：成功
2026-03-30T08:24:47.851+08:00  INFO 10880 --- [user-service] [http-nio-9003-exec-2] c.c.u.aspect.BusinessLogAspect           : ========== 业务操作开始 ==========
2026-03-30T08:24:47.851+08:00  INFO 10880 --- [user-service] [http-nio-9003-exec-2] c.c.u.aspect.BusinessLogAspect           : 时间：2026-03-30 08:24:47.851
2026-03-30T08:24:47.851+08:00  INFO 10880 --- [user-service] [http-nio-9003-exec-2] c.c.u.aspect.BusinessLogAspect           : 接口：GET /user/patient/list
2026-03-30T08:24:47.851+08:00  INFO 10880 --- [user-service] [http-nio-9003-exec-2] c.c.u.aspect.BusinessLogAspect           : 类名：PatientServiceImpl.getPatients
2026-03-30T08:24:47.851+08:00  INFO 10880 --- [user-service] [http-nio-9003-exec-2] c.c.u.aspect.BusinessLogAspect           : 业务描述：查询就诊人列表
2026-03-30T08:24:47.851+08:00  INFO 10880 --- [user-service] [http-nio-9003-exec-2] c.c.u.aspect.BusinessLogAspect           : 业务类型：就诊人管理
2026-03-30T08:24:47.851+08:00  INFO 10880 --- [user-service] [http-nio-9003-exec-2] c.c.u.aspect.BusinessLogAspect           : 请求参数：[2038244988630581249]
2026-03-30T08:24:47.874+08:00  INFO 10880 --- [user-service] [http-nio-9003-exec-2] c.c.u.aspect.BusinessLogAspect           : ========== 业务操作结束 ==========
2026-03-30T08:24:47.874+08:00  INFO 10880 --- [user-service] [http-nio-9003-exec-2] c.c.u.aspect.BusinessLogAspect           : 执行耗时：23ms
2026-03-30T08:24:47.874+08:00  INFO 10880 --- [user-service] [http-nio-9003-exec-2] c.c.u.aspect.BusinessLogAspect           : 执行状态：成功
2026-03-30T08:24:48.173+08:00  INFO 26172 --- [order-service] [http-nio-9004-exec-4] c.c.o.aspect.BusinessLogAspect           : ========== 业务操作开始 ==========
2026-03-30T08:24:48.173+08:00  INFO 26172 --- [order-service] [http-nio-9004-exec-4] c.c.o.aspect.BusinessLogAspect           : 时间：2026-03-30 08:24:48.173
2026-03-30T08:24:48.173+08:00  INFO 26172 --- [order-service] [http-nio-9004-exec-4] c.c.o.aspect.BusinessLogAspect           : 接口：GET /order/list
2026-03-30T08:24:48.173+08:00  INFO 26172 --- [order-service] [http-nio-9004-exec-4] c.c.o.aspect.BusinessLogAspect           : 类名：OrderServiceImpl.getOrders
2026-03-30T08:24:48.173+08:00  INFO 26172 --- [order-service] [http-nio-9004-exec-4] c.c.o.aspect.BusinessLogAspect           : 业务描述：查询用户订单列表
2026-03-30T08:24:48.173+08:00  INFO 26172 --- [order-service] [http-nio-9004-exec-4] c.c.o.aspect.BusinessLogAspect           : 业务类型：订单查询
2026-03-30T08:24:48.174+08:00  INFO 26172 --- [order-service] [http-nio-9004-exec-4] c.c.o.aspect.BusinessLogAspect           : 请求参数：[2038244988630581249]
2026-03-30T08:24:48.179+08:00  INFO 26172 --- [order-service] [http-nio-9004-exec-4] c.c.o.aspect.BusinessLogAspect           : ========== 业务操作结束 ==========
2026-03-30T08:24:48.179+08:00  INFO 26172 --- [order-service] [http-nio-9004-exec-4] c.c.o.aspect.BusinessLogAspect           : 执行耗时：5ms
2026-03-30T08:24:48.180+08:00  INFO 26172 --- [order-service] [http-nio-9004-exec-4] c.c.o.aspect.BusinessLogAspect           : 执行状态：成功
2026-03-30T08:24:51.467+08:00  INFO 22460 --- [doctor-service] [http-nio-9002-exec-4] c.c.d.aspect.BusinessLogAspect           : [业务] 排班查询 - ScheduleServiceImpl.findDetailByDate - 查询排班详情（缓存优化）
2026-03-30T08:24:53.276+08:00  INFO 26172 --- [order-service] [http-nio-9004-exec-8] c.c.o.aspect.BusinessLogAspect           : ========== 业务操作开始 ==========
2026-03-30T08:24:53.276+08:00  INFO 26172 --- [order-service] [http-nio-9004-exec-8] c.c.o.aspect.BusinessLogAspect           : 时间：2026-03-30 08:24:53.276
2026-03-30T08:24:53.276+08:00  INFO 26172 --- [order-service] [http-nio-9004-exec-8] c.c.o.aspect.BusinessLogAspect           : 接口：GET /order/list
2026-03-30T08:24:53.276+08:00  INFO 26172 --- [order-service] [http-nio-9004-exec-8] c.c.o.aspect.BusinessLogAspect           : 类名：OrderServiceImpl.getOrders
2026-03-30T08:24:53.276+08:00  INFO 26172 --- [order-service] [http-nio-9004-exec-8] c.c.o.aspect.BusinessLogAspect           : 业务描述：查询用户订单列表
2026-03-30T08:24:53.276+08:00  INFO 26172 --- [order-service] [http-nio-9004-exec-8] c.c.o.aspect.BusinessLogAspect           : 业务类型：订单查询
2026-03-30T08:24:53.276+08:00  INFO 26172 --- [order-service] [http-nio-9004-exec-8] c.c.o.aspect.BusinessLogAspect           : 请求参数：[2038244988630581249]
2026-03-30T08:24:53.281+08:00  INFO 26172 --- [order-service] [http-nio-9004-exec-8] c.c.o.aspect.BusinessLogAspect           : ========== 业务操作结束 ==========
2026-03-30T08:24:53.282+08:00  INFO 26172 --- [order-service] [http-nio-9004-exec-8] c.c.o.aspect.BusinessLogAspect           : 执行耗时：5ms
2026-03-30T08:24:53.282+08:00  INFO 26172 --- [order-service] [http-nio-9004-exec-8] c.c.o.aspect.BusinessLogAspect           : 执行状态：成功
2026-03-30T08:27:05.900+08:00  INFO 26444 --- [doctor-service] [http-nio-9002-exec-2] c.c.d.aspect.BusinessLogAspect           : [业务] 排班查询 - ScheduleServiceImpl.findDetailByDate - 查询排班详情（缓存优化）
2026-03-30T08:27:06.243+08:00  INFO 26444 --- [doctor-service] [http-nio-9002-exec-2] c.c.d.aspect.BusinessLogAspect           : [业务完成] 耗时：343ms - 状态：成功
2026-03-30T08:27:08.171+08:00  INFO 26172 --- [order-service] [http-nio-9004-exec-7] c.c.o.aspect.BusinessLogAspect           : ========== 业务操作开始 ==========
2026-03-30T08:27:08.171+08:00  INFO 26172 --- [order-service] [http-nio-9004-exec-7] c.c.o.aspect.BusinessLogAspect           : 时间：2026-03-30 08:27:08.171
2026-03-30T08:27:08.171+08:00  INFO 26172 --- [order-service] [http-nio-9004-exec-7] c.c.o.aspect.BusinessLogAspect           : 接口：GET /order/list
2026-03-30T08:27:08.171+08:00  INFO 26172 --- [order-service] [http-nio-9004-exec-7] c.c.o.aspect.BusinessLogAspect           : 类名：OrderServiceImpl.getOrders
2026-03-30T08:27:08.171+08:00  INFO 26172 --- [order-service] [http-nio-9004-exec-7] c.c.o.aspect.BusinessLogAspect           : 业务描述：查询用户订单列表
2026-03-30T08:27:08.171+08:00  INFO 26172 --- [order-service] [http-nio-9004-exec-7] c.c.o.aspect.BusinessLogAspect           : 业务类型：订单查询
2026-03-30T08:27:08.171+08:00  INFO 26172 --- [order-service] [http-nio-9004-exec-7] c.c.o.aspect.BusinessLogAspect           : 请求参数：[2038244988630581249]
2026-03-30T08:27:08.175+08:00  INFO 26172 --- [order-service] [http-nio-9004-exec-7] c.c.o.aspect.BusinessLogAspect           : ========== 业务操作结束 ==========
2026-03-30T08:27:08.175+08:00  INFO 26172 --- [order-service] [http-nio-9004-exec-7] c.c.o.aspect.BusinessLogAspect           : 执行耗时：4ms
2026-03-30T08:27:08.175+08:00  INFO 26172 --- [order-service] [http-nio-9004-exec-7] c.c.o.aspect.BusinessLogAspect           : 执行状态：成功
2026-03-30T08:27:10.508+08:00  INFO 26172 --- [order-service] [http-nio-9004-exec-5] c.c.o.aspect.BusinessLogAspect           : ========== 业务操作开始 ==========
2026-03-30T08:27:10.509+08:00  INFO 26172 --- [order-service] [http-nio-9004-exec-5] c.c.o.aspect.BusinessLogAspect           : 时间：2026-03-30 08:27:10.509
2026-03-30T08:27:10.509+08:00  INFO 26172 --- [order-service] [http-nio-9004-exec-5] c.c.o.aspect.BusinessLogAspect           : 接口：GET /order/list
2026-03-30T08:27:10.509+08:00  INFO 26172 --- [order-service] [http-nio-9004-exec-5] c.c.o.aspect.BusinessLogAspect           : 类名：OrderServiceImpl.getOrders
2026-03-30T08:27:10.509+08:00  INFO 26172 --- [order-service] [http-nio-9004-exec-5] c.c.o.aspect.BusinessLogAspect           : 业务描述：查询用户订单列表
2026-03-30T08:27:10.509+08:00  INFO 26172 --- [order-service] [http-nio-9004-exec-5] c.c.o.aspect.BusinessLogAspect           : 业务类型：订单查询
2026-03-30T08:27:10.509+08:00  INFO 26172 --- [order-service] [http-nio-9004-exec-5] c.c.o.aspect.BusinessLogAspect           : 请求参数：[2038244988630581249]
2026-03-30T08:27:10.513+08:00  INFO 26172 --- [order-service] [http-nio-9004-exec-5] c.c.o.aspect.BusinessLogAspect           : ========== 业务操作结束 ==========
2026-03-30T08:27:10.513+08:00  INFO 26172 --- [order-service] [http-nio-9004-exec-5] c.c.o.aspect.BusinessLogAspect           : 执行耗时：4ms
2026-03-30T08:27:10.513+08:00  INFO 26172 --- [order-service] [http-nio-9004-exec-5] c.c.o.aspect.BusinessLogAspect           : 执行状态：成功
2026-03-30T08:27:25.559+08:00  INFO 26172 --- [order-service] [http-nio-9004-exec-9] c.c.o.aspect.BusinessLogAspect           : ========== 业务操作开始 ==========
2026-03-30T08:27:25.559+08:00  INFO 26172 --- [order-service] [http-nio-9004-exec-9] c.c.o.aspect.BusinessLogAspect           : 时间：2026-03-30 08:27:25.559
2026-03-30T08:27:25.559+08:00  INFO 26172 --- [order-service] [http-nio-9004-exec-9] c.c.o.aspect.BusinessLogAspect           : 接口：GET /order/list
2026-03-30T08:27:25.559+08:00  INFO 26172 --- [order-service] [http-nio-9004-exec-9] c.c.o.aspect.BusinessLogAspect           : 类名：OrderServiceImpl.getOrders
2026-03-30T08:27:25.559+08:00  INFO 26172 --- [order-service] [http-nio-9004-exec-9] c.c.o.aspect.BusinessLogAspect           : 业务描述：查询用户订单列表
2026-03-30T08:27:25.559+08:00  INFO 26172 --- [order-service] [http-nio-9004-exec-9] c.c.o.aspect.BusinessLogAspect           : 业务类型：订单查询
2026-03-30T08:27:25.559+08:00  INFO 26172 --- [order-service] [http-nio-9004-exec-9] c.c.o.aspect.BusinessLogAspect           : 请求参数：[2038244988630581249]
2026-03-30T08:27:25.576+08:00  INFO 26172 --- [order-service] [http-nio-9004-exec-9] c.c.o.aspect.BusinessLogAspect           : ========== 业务操作结束 ==========
2026-03-30T08:27:25.576+08:00  INFO 26172 --- [order-service] [http-nio-9004-exec-9] c.c.o.aspect.BusinessLogAspect           : 执行耗时：17ms
2026-03-30T08:27:25.576+08:00  INFO 26172 --- [order-service] [http-nio-9004-exec-9] c.c.o.aspect.BusinessLogAspect           : 执行状态：成功
2026-03-30T08:27:27.055+08:00  INFO 26172 --- [order-service] [http-nio-9004-exec-10] c.c.o.aspect.BusinessLogAspect           : ========== 业务操作开始 ==========
2026-03-30T08:27:27.055+08:00  INFO 26172 --- [order-service] [http-nio-9004-exec-10] c.c.o.aspect.BusinessLogAspect           : 时间：2026-03-30 08:27:27.055
2026-03-30T08:27:27.055+08:00  INFO 26172 --- [order-service] [http-nio-9004-exec-10] c.c.o.aspect.BusinessLogAspect           : 接口：GET /order/list
2026-03-30T08:27:27.055+08:00  INFO 26172 --- [order-service] [http-nio-9004-exec-10] c.c.o.aspect.BusinessLogAspect           : 类名：OrderServiceImpl.getOrders
2026-03-30T08:27:27.055+08:00  INFO 26172 --- [order-service] [http-nio-9004-exec-10] c.c.o.aspect.BusinessLogAspect           : 业务描述：查询用户订单列表
2026-03-30T08:27:27.055+08:00  INFO 26172 --- [order-service] [http-nio-9004-exec-10] c.c.o.aspect.BusinessLogAspect           : 业务类型：订单查询
2026-03-30T08:27:27.055+08:00  INFO 26172 --- [order-service] [http-nio-9004-exec-10] c.c.o.aspect.BusinessLogAspect           : 请求参数：[2038244988630581249]
2026-03-30T08:27:27.060+08:00  INFO 26172 --- [order-service] [http-nio-9004-exec-10] c.c.o.aspect.BusinessLogAspect           : ========== 业务操作结束 ==========
2026-03-30T08:27:27.061+08:00  INFO 26172 --- [order-service] [http-nio-9004-exec-10] c.c.o.aspect.BusinessLogAspect           : 执行耗时：5ms
2026-03-30T08:27:27.061+08:00  INFO 26172 --- [order-service] [http-nio-9004-exec-10] c.c.o.aspect.BusinessLogAspect           : 执行状态：成功
2026-03-30T08:27:27.572+08:00  INFO 26172 --- [order-service] [http-nio-9004-exec-1] c.c.o.aspect.BusinessLogAspect           : ========== 业务操作开始 ==========
2026-03-30T08:27:27.572+08:00  INFO 26172 --- [order-service] [http-nio-9004-exec-1] c.c.o.aspect.BusinessLogAspect           : 时间：2026-03-30 08:27:27.572
2026-03-30T08:27:27.573+08:00  INFO 26172 --- [order-service] [http-nio-9004-exec-1] c.c.o.aspect.BusinessLogAspect           : 接口：GET /order/list
2026-03-30T08:27:27.573+08:00  INFO 26172 --- [order-service] [http-nio-9004-exec-1] c.c.o.aspect.BusinessLogAspect           : 类名：OrderServiceImpl.getOrders
2026-03-30T08:27:27.573+08:00  INFO 26172 --- [order-service] [http-nio-9004-exec-1] c.c.o.aspect.BusinessLogAspect           : 业务描述：查询用户订单列表
2026-03-30T08:27:27.573+08:00  INFO 26172 --- [order-service] [http-nio-9004-exec-1] c.c.o.aspect.BusinessLogAspect           : 业务类型：订单查询
2026-03-30T08:27:27.573+08:00  INFO 26172 --- [order-service] [http-nio-9004-exec-1] c.c.o.aspect.BusinessLogAspect           : 请求参数：[2038244988630581249]
2026-03-30T08:27:27.577+08:00  INFO 26172 --- [order-service] [http-nio-9004-exec-1] c.c.o.aspect.BusinessLogAspect           : ========== 业务操作结束 ==========
2026-03-30T08:27:27.577+08:00  INFO 26172 --- [order-service] [http-nio-9004-exec-1] c.c.o.aspect.BusinessLogAspect           : 执行耗时：4ms
2026-03-30T08:27:27.577+08:00  INFO 26172 --- [order-service] [http-nio-9004-exec-1] c.c.o.aspect.BusinessLogAspect           : 执行状态：成功
2026-03-30T08:27:27.938+08:00  INFO 26172 --- [order-service] [http-nio-9004-exec-2] c.c.o.aspect.BusinessLogAspect           : ========== 业务操作开始 ==========
2026-03-30T08:27:27.938+08:00  INFO 26172 --- [order-service] [http-nio-9004-exec-2] c.c.o.aspect.BusinessLogAspect           : 时间：2026-03-30 08:27:27.938
2026-03-30T08:27:27.938+08:00  INFO 26172 --- [order-service] [http-nio-9004-exec-2] c.c.o.aspect.BusinessLogAspect           : 接口：GET /order/list
2026-03-30T08:27:27.938+08:00  INFO 26172 --- [order-service] [http-nio-9004-exec-2] c.c.o.aspect.BusinessLogAspect           : 类名：OrderServiceImpl.getOrders
2026-03-30T08:27:27.938+08:00  INFO 26172 --- [order-service] [http-nio-9004-exec-2] c.c.o.aspect.BusinessLogAspect           : 业务描述：查询用户订单列表
2026-03-30T08:27:27.938+08:00  INFO 26172 --- [order-service] [http-nio-9004-exec-2] c.c.o.aspect.BusinessLogAspect           : 业务类型：订单查询
2026-03-30T08:27:27.938+08:00  INFO 26172 --- [order-service] [http-nio-9004-exec-2] c.c.o.aspect.BusinessLogAspect           : 请求参数：[2038244988630581249]
2026-03-30T08:27:27.943+08:00  INFO 26172 --- [order-service] [http-nio-9004-exec-2] c.c.o.aspect.BusinessLogAspect           : ========== 业务操作结束 ==========
2026-03-30T08:27:27.943+08:00  INFO 26172 --- [order-service] [http-nio-9004-exec-2] c.c.o.aspect.BusinessLogAspect           : 执行耗时：5ms
2026-03-30T08:27:27.943+08:00  INFO 26172 --- [order-service] [http-nio-9004-exec-2] c.c.o.aspect.BusinessLogAspect           : 执行状态：成功
2026-03-30T08:27:29.868+08:00  INFO 2292 --- [pay-service] [http-nio-9005-exec-1] c.c.payservice.aspect.BusinessLogAspect  : ========== 业务操作开始 ==========
2026-03-30T08:27:29.868+08:00  INFO 2292 --- [pay-service] [http-nio-9005-exec-1] c.c.payservice.aspect.BusinessLogAspect  : 时间：2026-03-30 08:27:29.868
2026-03-30T08:27:29.868+08:00  INFO 2292 --- [pay-service] [http-nio-9005-exec-1] c.c.payservice.aspect.BusinessLogAspect  : 接口：POST /pay
2026-03-30T08:27:29.868+08:00  INFO 2292 --- [pay-service] [http-nio-9005-exec-1] c.c.payservice.aspect.BusinessLogAspect  : 类名：PayServiceImpl.pay
2026-03-30T08:27:29.868+08:00  INFO 2292 --- [pay-service] [http-nio-9005-exec-1] c.c.payservice.aspect.BusinessLogAspect  : 业务描述：订单支付
2026-03-30T08:27:29.868+08:00  INFO 2292 --- [pay-service] [http-nio-9005-exec-1] c.c.payservice.aspect.BusinessLogAspect  : 业务类型：支付管理
2026-03-30T08:27:29.871+08:00  INFO 2292 --- [pay-service] [http-nio-9005-exec-1] c.c.payservice.aspect.BusinessLogAspect  : 请求参数：[1363036594834623]
2026-03-30T08:27:30.029+08:00  INFO 26172 --- [order-service] [http-nio-9004-exec-3] c.c.o.aspect.BusinessLogAspect           : ========== 业务操作开始 ==========
2026-03-30T08:27:30.029+08:00  INFO 26172 --- [order-service] [http-nio-9004-exec-3] c.c.o.aspect.BusinessLogAspect           : 时间：2026-03-30 08:27:30.029
2026-03-30T08:27:30.029+08:00  INFO 26172 --- [order-service] [http-nio-9004-exec-3] c.c.o.aspect.BusinessLogAspect           : 接口：GET /order/detail
2026-03-30T08:27:30.029+08:00  INFO 26172 --- [order-service] [http-nio-9004-exec-3] c.c.o.aspect.BusinessLogAspect           : 类名：OrderServiceImpl.getOrderDetail
2026-03-30T08:27:30.029+08:00  INFO 26172 --- [order-service] [http-nio-9004-exec-3] c.c.o.aspect.BusinessLogAspect           : 业务描述：查询订单详情
2026-03-30T08:27:30.029+08:00  INFO 26172 --- [order-service] [http-nio-9004-exec-3] c.c.o.aspect.BusinessLogAspect           : 业务类型：订单查询
2026-03-30T08:27:30.029+08:00  INFO 26172 --- [order-service] [http-nio-9004-exec-3] c.c.o.aspect.BusinessLogAspect           : 请求参数：[1363036594834623]
2026-03-30T08:27:30.032+08:00  INFO 26172 --- [order-service] [http-nio-9004-exec-3] c.c.o.aspect.BusinessLogAspect           : ========== 业务操作结束 ==========
2026-03-30T08:27:30.032+08:00  INFO 26172 --- [order-service] [http-nio-9004-exec-3] c.c.o.aspect.BusinessLogAspect           : 执行耗时：3ms
2026-03-30T08:27:30.032+08:00  INFO 26172 --- [order-service] [http-nio-9004-exec-3] c.c.o.aspect.BusinessLogAspect           : 执行状态：成功
2026-03-30T08:27:30.119+08:00  INFO 26172 --- [order-service] [http-nio-9004-exec-4] c.c.o.aspect.BusinessLogAspect           : ========== 业务操作开始 ==========
2026-03-30T08:27:30.120+08:00  INFO 26172 --- [order-service] [http-nio-9004-exec-4] c.c.o.aspect.BusinessLogAspect           : 时间：2026-03-30 08:27:30.119
2026-03-30T08:27:30.120+08:00  INFO 26172 --- [order-service] [http-nio-9004-exec-4] c.c.o.aspect.BusinessLogAspect           : 接口：GET /order/detail
2026-03-30T08:27:30.120+08:00  INFO 26172 --- [order-service] [http-nio-9004-exec-4] c.c.o.aspect.BusinessLogAspect           : 类名：OrderServiceImpl.getOrderDetail
2026-03-30T08:27:30.120+08:00  INFO 26172 --- [order-service] [http-nio-9004-exec-4] c.c.o.aspect.BusinessLogAspect           : 业务描述：查询订单详情
2026-03-30T08:27:30.120+08:00  INFO 26172 --- [order-service] [http-nio-9004-exec-4] c.c.o.aspect.BusinessLogAspect           : 业务类型：订单查询
2026-03-30T08:27:30.120+08:00  INFO 26172 --- [order-service] [http-nio-9004-exec-4] c.c.o.aspect.BusinessLogAspect           : 请求参数：[1363036594834623]
2026-03-30T08:27:30.121+08:00  INFO 26172 --- [order-service] [http-nio-9004-exec-4] c.c.o.aspect.BusinessLogAspect           : ========== 业务操作结束 ==========
2026-03-30T08:27:30.121+08:00  INFO 26172 --- [order-service] [http-nio-9004-exec-4] c.c.o.aspect.BusinessLogAspect           : 执行耗时：1ms
2026-03-30T08:27:30.121+08:00  INFO 26172 --- [order-service] [http-nio-9004-exec-4] c.c.o.aspect.BusinessLogAspect           : 执行状态：成功
2026-03-30T08:27:30.207+08:00  INFO 2292 --- [pay-service] [http-nio-9005-exec-1] c.c.payservice.aspect.BusinessLogAspect  : ========== 业务操作结束 ==========
2026-03-30T08:27:30.207+08:00  INFO 2292 --- [pay-service] [http-nio-9005-exec-1] c.c.payservice.aspect.BusinessLogAspect  : 执行耗时：336ms
2026-03-30T08:27:30.207+08:00  INFO 2292 --- [pay-service] [http-nio-9005-exec-1] c.c.payservice.aspect.BusinessLogAspect  : 执行状态：成功
2026-03-30T08:27:30.918+08:00  INFO 26172 --- [order-service] [http-nio-9004-exec-8] c.c.o.aspect.BusinessLogAspect           : ========== 业务操作开始 ==========
2026-03-30T08:27:30.918+08:00  INFO 26172 --- [order-service] [http-nio-9004-exec-8] c.c.o.aspect.BusinessLogAspect           : 时间：2026-03-30 08:27:30.918
2026-03-30T08:27:30.918+08:00  INFO 26172 --- [order-service] [http-nio-9004-exec-8] c.c.o.aspect.BusinessLogAspect           : 接口：GET /order/list
2026-03-30T08:27:30.918+08:00  INFO 26172 --- [order-service] [http-nio-9004-exec-8] c.c.o.aspect.BusinessLogAspect           : 类名：OrderServiceImpl.getOrders
2026-03-30T08:27:30.918+08:00  INFO 26172 --- [order-service] [http-nio-9004-exec-8] c.c.o.aspect.BusinessLogAspect           : 业务描述：查询用户订单列表
2026-03-30T08:27:30.918+08:00  INFO 26172 --- [order-service] [http-nio-9004-exec-8] c.c.o.aspect.BusinessLogAspect           : 业务类型：订单查询
2026-03-30T08:27:30.918+08:00  INFO 26172 --- [order-service] [http-nio-9004-exec-8] c.c.o.aspect.BusinessLogAspect           : 请求参数：[2038244988630581249]
2026-03-30T08:27:30.940+08:00  INFO 26172 --- [order-service] [http-nio-9004-exec-8] c.c.o.aspect.BusinessLogAspect           : ========== 业务操作结束 ==========
2026-03-30T08:27:30.940+08:00  INFO 26172 --- [order-service] [http-nio-9004-exec-8] c.c.o.aspect.BusinessLogAspect           : 执行耗时：22ms
2026-03-30T08:27:30.940+08:00  INFO 26172 --- [order-service] [http-nio-9004-exec-8] c.c.o.aspect.BusinessLogAspect           : 执行状态：成功
2026-03-30T08:27:34.060+08:00  INFO 26444 --- [doctor-service] [http-nio-9002-exec-3] c.c.d.aspect.BusinessLogAspect           : [业务] 排班查询 - ScheduleServiceImpl.findDetailByDate - 查询排班详情（缓存优化）
2026-03-30T08:27:34.064+08:00 ERROR 26444 --- [doctor-service] [http-nio-9002-exec-3] c.c.d.aspect.BusinessLogAspect           : 业务执行异常：Bloom filter is not initialized!

java.lang.IllegalStateException: Bloom filter is not initialized!
	at org.redisson.RedissonBloomFilter.readConfig(RedissonBloomFilter.java:251) ~[redisson-3.27.0.jar:3.27.0]
	at org.redisson.RedissonBloomFilter.readConfig(RedissonBloomFilter.java:245) ~[redisson-3.27.0.jar:3.27.0]
	at org.redisson.RedissonBloomFilter.contains(RedissonBloomFilter.java:156) ~[redisson-3.27.0.jar:3.27.0]
	at org.redisson.RedissonBloomFilter.contains(RedissonBloomFilter.java:200) ~[redisson-3.27.0.jar:3.27.0]
	at com.cly.doctorservice.service.impl.ScheduleServiceImpl.findDetailByDate(ScheduleServiceImpl.java:141) ~[classes/:na]
	at java.base/jdk.internal.reflect.DirectMethodHandleAccessor.invoke(DirectMethodHandleAccessor.java:103) ~[na:na]
	at java.base/java.lang.reflect.Method.invoke(Method.java:580) ~[na:na]
	at org.springframework.aop.support.AopUtils.invokeJoinpointUsingReflection(AopUtils.java:359) ~[spring-aop-7.0.5.jar:7.0.5]
	at org.springframework.aop.framework.ReflectiveMethodInvocation.invokeJoinpoint(ReflectiveMethodInvocation.java:190) ~[spring-aop-7.0.5.jar:7.0.5]
	at org.springframework.aop.framework.ReflectiveMethodInvocation.proceed(ReflectiveMethodInvocation.java:158) ~[spring-aop-7.0.5.jar:7.0.5]
	at org.springframework.aop.aspectj.MethodInvocationProceedingJoinPoint.proceed(MethodInvocationProceedingJoinPoint.java:82) ~[spring-aop-7.0.5.jar:7.0.5]
	at com.cly.doctorservice.aspect.BusinessLogAspect.around(BusinessLogAspect.java:84) ~[classes/:na]
	at java.base/jdk.internal.reflect.DirectMethodHandleAccessor.invoke(DirectMethodHandleAccessor.java:103) ~[na:na]
	at java.base/java.lang.reflect.Method.invoke(Method.java:580) ~[na:na]
	at org.springframework.aop.aspectj.AbstractAspectJAdvice.invokeAdviceMethodWithGivenArgs(AbstractAspectJAdvice.java:648) ~[spring-aop-7.0.5.jar:7.0.5]
	at org.springframework.aop.aspectj.AbstractAspectJAdvice.invokeAdviceMethod(AbstractAspectJAdvice.java:630) ~[spring-aop-7.0.5.jar:7.0.5]
	at org.springframework.aop.aspectj.AspectJAroundAdvice.invoke(AspectJAroundAdvice.java:70) ~[spring-aop-7.0.5.jar:7.0.5]
	at org.springframework.aop.framework.ReflectiveMethodInvocation.proceed(ReflectiveMethodInvocation.java:168) ~[spring-aop-7.0.5.jar:7.0.5]
	at org.springframework.aop.interceptor.ExposeInvocationInterceptor.invoke(ExposeInvocationInterceptor.java:96) ~[spring-aop-7.0.5.jar:7.0.5]
	at org.springframework.aop.framework.ReflectiveMethodInvocation.proceed(ReflectiveMethodInvocation.java:179) ~[spring-aop-7.0.5.jar:7.0.5]
	at org.springframework.aop.framework.CglibAopProxy$DynamicAdvisedInterceptor.intercept(CglibAopProxy.java:719) ~[spring-aop-7.0.5.jar:7.0.5]
	at com.cly.doctorservice.service.impl.ScheduleServiceImpl$$SpringCGLIB$$0.findDetailByDate(<generated>) ~[classes/:na]
	at com.cly.doctorservice.controller.DoctorController.findScheduleDetail(DoctorController.java:60) ~[classes/:na]
	at java.base/jdk.internal.reflect.DirectMethodHandleAccessor.invoke(DirectMethodHandleAccessor.java:103) ~[na:na]
	at java.base/java.lang.reflect.Method.invoke(Method.java:580) ~[na:na]
	at org.springframework.web.method.support.InvocableHandlerMethod.doInvoke(InvocableHandlerMethod.java:252) ~[spring-web-7.0.5.jar:7.0.5]
	at org.springframework.web.method.support.InvocableHandlerMethod.invokeForRequest(InvocableHandlerMethod.java:184) ~[spring-web-7.0.5.jar:7.0.5]
	at org.springframework.web.servlet.mvc.method.annotation.ServletInvocableHandlerMethod.invokeAndHandle(ServletInvocableHandlerMethod.java:117) ~[spring-webmvc-7.0.5.jar:7.0.5]
	at org.springframework.web.servlet.mvc.method.annotation.RequestMappingHandlerAdapter.invokeHandlerMethod(RequestMappingHandlerAdapter.java:934) ~[spring-webmvc-7.0.5.jar:7.0.5]
	at org.springframework.web.servlet.mvc.method.annotation.RequestMappingHandlerAdapter.handleInternal(RequestMappingHandlerAdapter.java:853) ~[spring-webmvc-7.0.5.jar:7.0.5]
	at org.springframework.web.servlet.mvc.method.AbstractHandlerMethodAdapter.handle(AbstractHandlerMethodAdapter.java:86) ~[spring-webmvc-7.0.5.jar:7.0.5]
	at org.springframework.web.servlet.DispatcherServlet.doDispatch(DispatcherServlet.java:963) ~[spring-webmvc-7.0.5.jar:7.0.5]
	at org.springframework.web.servlet.DispatcherServlet.doService(DispatcherServlet.java:866) ~[spring-webmvc-7.0.5.jar:7.0.5]
	at org.springframework.web.servlet.FrameworkServlet.processRequest(FrameworkServlet.java:1000) ~[spring-webmvc-7.0.5.jar:7.0.5]
	at org.springframework.web.servlet.FrameworkServlet.doGet(FrameworkServlet.java:892) ~[spring-webmvc-7.0.5.jar:7.0.5]
	at jakarta.servlet.http.HttpServlet.service(HttpServlet.java:622) ~[tomcat-embed-core-11.0.18.jar:6.1]
	at org.springframework.web.servlet.FrameworkServlet.service(FrameworkServlet.java:874) ~[spring-webmvc-7.0.5.jar:7.0.5]
	at jakarta.servlet.http.HttpServlet.service(HttpServlet.java:710) ~[tomcat-embed-core-11.0.18.jar:6.1]
	at org.apache.catalina.core.ApplicationFilterChain.doFilter(ApplicationFilterChain.java:128) ~[tomcat-embed-core-11.0.18.jar:11.0.18]
	at org.apache.tomcat.websocket.server.WsFilter.doFilter(WsFilter.java:53) ~[tomcat-embed-websocket-11.0.18.jar:11.0.18]
	at org.apache.catalina.core.ApplicationFilterChain.doFilter(ApplicationFilterChain.java:107) ~[tomcat-embed-core-11.0.18.jar:11.0.18]
	at org.springframework.web.filter.RequestContextFilter.doFilterInternal(RequestContextFilter.java:100) ~[spring-web-7.0.5.jar:7.0.5]
	at org.springframework.web.filter.OncePerRequestFilter.doFilter(OncePerRequestFilter.java:116) ~[spring-web-7.0.5.jar:7.0.5]
	at org.apache.catalina.core.ApplicationFilterChain.doFilter(ApplicationFilterChain.java:107) ~[tomcat-embed-core-11.0.18.jar:11.0.18]
	at org.springframework.web.filter.FormContentFilter.doFilterInternal(FormContentFilter.java:93) ~[spring-web-7.0.5.jar:7.0.5]
	at org.springframework.web.filter.OncePerRequestFilter.doFilter(OncePerRequestFilter.java:116) ~[spring-web-7.0.5.jar:7.0.5]
	at org.apache.catalina.core.ApplicationFilterChain.doFilter(ApplicationFilterChain.java:107) ~[tomcat-embed-core-11.0.18.jar:11.0.18]
	at org.springframework.web.filter.CharacterEncodingFilter.doFilterInternal(CharacterEncodingFilter.java:199) ~[spring-web-7.0.5.jar:7.0.5]
	at org.springframework.web.filter.OncePerRequestFilter.doFilter(OncePerRequestFilter.java:116) ~[spring-web-7.0.5.jar:7.0.5]
	at org.apache.catalina.core.ApplicationFilterChain.doFilter(ApplicationFilterChain.java:107) ~[tomcat-embed-core-11.0.18.jar:11.0.18]
	at org.apache.catalina.core.StandardWrapperValve.invoke(StandardWrapperValve.java:165) ~[tomcat-embed-core-11.0.18.jar:11.0.18]
	at org.apache.catalina.core.StandardContextValve.invoke(StandardContextValve.java:77) ~[tomcat-embed-core-11.0.18.jar:11.0.18]
	at org.apache.catalina.authenticator.AuthenticatorBase.invoke(AuthenticatorBase.java:492) ~[tomcat-embed-core-11.0.18.jar:11.0.18]
	at org.apache.catalina.core.StandardHostValve.invoke(StandardHostValve.java:113) ~[tomcat-embed-core-11.0.18.jar:11.0.18]
	at org.apache.catalina.valves.ErrorReportValve.invoke(ErrorReportValve.java:83) ~[tomcat-embed-core-11.0.18.jar:11.0.18]
	at org.apache.catalina.core.StandardEngineValve.invoke(StandardEngineValve.java:72) ~[tomcat-embed-core-11.0.18.jar:11.0.18]
	at org.apache.catalina.connector.CoyoteAdapter.service(CoyoteAdapter.java:341) ~[tomcat-embed-core-11.0.18.jar:11.0.18]
	at org.apache.coyote.http11.Http11Processor.service(Http11Processor.java:397) ~[tomcat-embed-core-11.0.18.jar:11.0.18]
	at org.apache.coyote.AbstractProcessorLight.process(AbstractProcessorLight.java:63) ~[tomcat-embed-core-11.0.18.jar:11.0.18]
	at org.apache.coyote.AbstractProtocol$ConnectionHandler.process(AbstractProtocol.java:903) ~[tomcat-embed-core-11.0.18.jar:11.0.18]
	at org.apache.tomcat.util.net.NioEndpoint$SocketProcessor.doRun(NioEndpoint.java:1779) ~[tomcat-embed-core-11.0.18.jar:11.0.18]
	at org.apache.tomcat.util.net.SocketProcessorBase.run(SocketProcessorBase.java:52) ~[tomcat-embed-core-11.0.18.jar:11.0.18]
	at org.apache.tomcat.util.threads.ThreadPoolExecutor.runWorker(ThreadPoolExecutor.java:946) ~[tomcat-embed-core-11.0.18.jar:11.0.18]
	at org.apache.tomcat.util.threads.ThreadPoolExecutor$Worker.run(ThreadPoolExecutor.java:480) ~[tomcat-embed-core-11.0.18.jar:11.0.18]
	at org.apache.tomcat.util.threads.TaskThread$WrappingRunnable.run(TaskThread.java:57) ~[tomcat-embed-core-11.0.18.jar:11.0.18]
	at java.base/java.lang.Thread.run(Thread.java:1583) ~[na:na]

2026-03-30T08:27:34.701+08:00  INFO 26172 --- [order-service] [http-nio-9004-exec-6] c.c.o.aspect.BusinessLogAspect           : ========== 业务操作开始 ==========
2026-03-30T08:27:34.701+08:00  INFO 26172 --- [order-service] [http-nio-9004-exec-6] c.c.o.aspect.BusinessLogAspect           : 时间：2026-03-30 08:27:34.701
2026-03-30T08:27:34.701+08:00  INFO 26172 --- [order-service] [http-nio-9004-exec-6] c.c.o.aspect.BusinessLogAspect           : 接口：GET /order/list
2026-03-30T08:27:34.701+08:00  INFO 26172 --- [order-service] [http-nio-9004-exec-6] c.c.o.aspect.BusinessLogAspect           : 类名：OrderServiceImpl.getOrders
2026-03-30T08:27:34.701+08:00  INFO 26172 --- [order-service] [http-nio-9004-exec-6] c.c.o.aspect.BusinessLogAspect           : 业务描述：查询用户订单列表
2026-03-30T08:27:34.701+08:00  INFO 26172 --- [order-service] [http-nio-9004-exec-6] c.c.o.aspect.BusinessLogAspect           : 业务类型：订单查询
2026-03-30T08:27:34.701+08:00  INFO 26172 --- [order-service] [http-nio-9004-exec-6] c.c.o.aspect.BusinessLogAspect           : 请求参数：[2038244988630581249]
2026-03-30T08:27:34.706+08:00  INFO 26172 --- [order-service] [http-nio-9004-exec-6] c.c.o.aspect.BusinessLogAspect           : ========== 业务操作结束 ==========
2026-03-30T08:27:34.706+08:00  INFO 26172 --- [order-service] [http-nio-9004-exec-6] c.c.o.aspect.BusinessLogAspect           : 执行耗时：5ms
2026-03-30T08:27:34.706+08:00  INFO 26172 --- [order-service] [http-nio-9004-exec-6] c.c.o.aspect.BusinessLogAspect           : 执行状态：成功
2026-03-30T08:28:07.058+08:00  INFO 26172 --- [order-service] [http-nio-9004-exec-7] c.c.o.aspect.BusinessLogAspect           : ========== 业务操作开始 ==========
2026-03-30T08:28:07.059+08:00  INFO 26172 --- [order-service] [http-nio-9004-exec-7] c.c.o.aspect.BusinessLogAspect           : 时间：2026-03-30 08:28:07.059
2026-03-30T08:28:07.059+08:00  INFO 26172 --- [order-service] [http-nio-9004-exec-7] c.c.o.aspect.BusinessLogAspect           : 接口：GET /order/list
2026-03-30T08:28:07.059+08:00  INFO 26172 --- [order-service] [http-nio-9004-exec-7] c.c.o.aspect.BusinessLogAspect           : 类名：OrderServiceImpl.getOrders
2026-03-30T08:28:07.059+08:00  INFO 26172 --- [order-service] [http-nio-9004-exec-7] c.c.o.aspect.BusinessLogAspect           : 业务描述：查询用户订单列表
2026-03-30T08:28:07.059+08:00  INFO 26172 --- [order-service] [http-nio-9004-exec-7] c.c.o.aspect.BusinessLogAspect           : 业务类型：订单查询
2026-03-30T08:28:07.059+08:00  INFO 26172 --- [order-service] [http-nio-9004-exec-7] c.c.o.aspect.BusinessLogAspect           : 请求参数：[2038244988630581249]
2026-03-30T08:28:07.063+08:00  INFO 26172 --- [order-service] [http-nio-9004-exec-7] c.c.o.aspect.BusinessLogAspect           : ========== 业务操作结束 ==========
2026-03-30T08:28:07.063+08:00  INFO 26172 --- [order-service] [http-nio-9004-exec-7] c.c.o.aspect.BusinessLogAspect           : 执行耗时：4ms
2026-03-30T08:28:07.063+08:00  INFO 26172 --- [order-service] [http-nio-9004-exec-7] c.c.o.aspect.BusinessLogAspect           : 执行状态：成功
2026-03-30T08:29:34.674+08:00  INFO 26172 --- [order-service] [http-nio-9004-exec-10] c.c.o.aspect.BusinessLogAspect           : ========== 业务操作开始 ==========
2026-03-30T08:29:34.674+08:00  INFO 26172 --- [order-service] [http-nio-9004-exec-10] c.c.o.aspect.BusinessLogAspect           : 时间：2026-03-30 08:29:34.674
2026-03-30T08:29:34.674+08:00  INFO 26172 --- [order-service] [http-nio-9004-exec-10] c.c.o.aspect.BusinessLogAspect           : 接口：GET /order/list
2026-03-30T08:29:34.674+08:00  INFO 26172 --- [order-service] [http-nio-9004-exec-10] c.c.o.aspect.BusinessLogAspect           : 类名：OrderServiceImpl.getOrders
2026-03-30T08:29:34.674+08:00  INFO 26172 --- [order-service] [http-nio-9004-exec-10] c.c.o.aspect.BusinessLogAspect           : 业务描述：查询用户订单列表
2026-03-30T08:29:34.674+08:00  INFO 26172 --- [order-service] [http-nio-9004-exec-10] c.c.o.aspect.BusinessLogAspect           : 业务类型：订单查询
2026-03-30T08:29:34.674+08:00  INFO 26172 --- [order-service] [http-nio-9004-exec-10] c.c.o.aspect.BusinessLogAspect           : 请求参数：[2038244988630581249]
2026-03-30T08:29:34.683+08:00  INFO 26172 --- [order-service] [http-nio-9004-exec-10] c.c.o.aspect.BusinessLogAspect           : ========== 业务操作结束 ==========
2026-03-30T08:29:34.683+08:00  INFO 26172 --- [order-service] [http-nio-9004-exec-10] c.c.o.aspect.BusinessLogAspect           : 执行耗时：9ms
2026-03-30T08:29:34.683+08:00  INFO 26172 --- [order-service] [http-nio-9004-exec-10] c.c.o.aspect.BusinessLogAspect           : 执行状态：成功
2026-03-30T08:29:46.178+08:00  INFO 26172 --- [order-service] [http-nio-9004-exec-1] c.c.o.aspect.BusinessLogAspect           : ========== 业务操作开始 ==========
2026-03-30T08:29:46.178+08:00  INFO 26172 --- [order-service] [http-nio-9004-exec-1] c.c.o.aspect.BusinessLogAspect           : 时间：2026-03-30 08:29:46.178
2026-03-30T08:29:46.178+08:00  INFO 26172 --- [order-service] [http-nio-9004-exec-1] c.c.o.aspect.BusinessLogAspect           : 接口：GET /order/list
2026-03-30T08:29:46.178+08:00  INFO 26172 --- [order-service] [http-nio-9004-exec-1] c.c.o.aspect.BusinessLogAspect           : 类名：OrderServiceImpl.getOrders
2026-03-30T08:29:46.178+08:00  INFO 26172 --- [order-service] [http-nio-9004-exec-1] c.c.o.aspect.BusinessLogAspect           : 业务描述：查询用户订单列表
2026-03-30T08:29:46.178+08:00  INFO 26172 --- [order-service] [http-nio-9004-exec-1] c.c.o.aspect.BusinessLogAspect           : 业务类型：订单查询
2026-03-30T08:29:46.178+08:00  INFO 26172 --- [order-service] [http-nio-9004-exec-1] c.c.o.aspect.BusinessLogAspect           : 请求参数：[2038244988630581249]
2026-03-30T08:29:46.198+08:00  INFO 26172 --- [order-service] [http-nio-9004-exec-1] c.c.o.aspect.BusinessLogAspect           : ========== 业务操作结束 ==========
2026-03-30T08:29:46.198+08:00  INFO 26172 --- [order-service] [http-nio-9004-exec-1] c.c.o.aspect.BusinessLogAspect           : 执行耗时：20ms
2026-03-30T08:29:46.198+08:00  INFO 26172 --- [order-service] [http-nio-9004-exec-1] c.c.o.aspect.BusinessLogAspect           : 执行状态：成功
2026-03-30T08:29:46.887+08:00  INFO 26172 --- [order-service] [http-nio-9004-exec-2] c.c.o.aspect.BusinessLogAspect           : ========== 业务操作开始 ==========
2026-03-30T08:29:46.887+08:00  INFO 26172 --- [order-service] [http-nio-9004-exec-2] c.c.o.aspect.BusinessLogAspect           : 时间：2026-03-30 08:29:46.887
2026-03-30T08:29:46.887+08:00  INFO 26172 --- [order-service] [http-nio-9004-exec-2] c.c.o.aspect.BusinessLogAspect           : 接口：GET /order/list
2026-03-30T08:29:46.887+08:00  INFO 26172 --- [order-service] [http-nio-9004-exec-2] c.c.o.aspect.BusinessLogAspect           : 类名：OrderServiceImpl.getOrders
2026-03-30T08:29:46.887+08:00  INFO 26172 --- [order-service] [http-nio-9004-exec-2] c.c.o.aspect.BusinessLogAspect           : 业务描述：查询用户订单列表
2026-03-30T08:29:46.887+08:00  INFO 26172 --- [order-service] [http-nio-9004-exec-2] c.c.o.aspect.BusinessLogAspect           : 业务类型：订单查询
2026-03-30T08:29:46.887+08:00  INFO 26172 --- [order-service] [http-nio-9004-exec-2] c.c.o.aspect.BusinessLogAspect           : 请求参数：[2038244988630581249]
2026-03-30T08:29:46.892+08:00  INFO 26172 --- [order-service] [http-nio-9004-exec-2] c.c.o.aspect.BusinessLogAspect           : ========== 业务操作结束 ==========
2026-03-30T08:29:46.892+08:00  INFO 26172 --- [order-service] [http-nio-9004-exec-2] c.c.o.aspect.BusinessLogAspect           : 执行耗时：5ms
2026-03-30T08:29:46.892+08:00  INFO 26172 --- [order-service] [http-nio-9004-exec-2] c.c.o.aspect.BusinessLogAspect           : 执行状态：成功
2026-03-30T08:30:12.024+08:00  INFO 26172 --- [order-service] [http-nio-9004-exec-3] c.c.o.aspect.BusinessLogAspect           : ========== 业务操作开始 ==========
2026-03-30T08:30:12.024+08:00  INFO 26172 --- [order-service] [http-nio-9004-exec-3] c.c.o.aspect.BusinessLogAspect           : 时间：2026-03-30 08:30:12.024
2026-03-30T08:30:12.024+08:00  INFO 26172 --- [order-service] [http-nio-9004-exec-3] c.c.o.aspect.BusinessLogAspect           : 接口：GET /order/list
2026-03-30T08:30:12.024+08:00  INFO 26172 --- [order-service] [http-nio-9004-exec-3] c.c.o.aspect.BusinessLogAspect           : 类名：OrderServiceImpl.getOrders
2026-03-30T08:30:12.024+08:00  INFO 26172 --- [order-service] [http-nio-9004-exec-3] c.c.o.aspect.BusinessLogAspect           : 业务描述：查询用户订单列表
2026-03-30T08:30:12.024+08:00  INFO 26172 --- [order-service] [http-nio-9004-exec-3] c.c.o.aspect.BusinessLogAspect           : 业务类型：订单查询
2026-03-30T08:30:12.024+08:00  INFO 26172 --- [order-service] [http-nio-9004-exec-3] c.c.o.aspect.BusinessLogAspect           : 请求参数：[2038244988630581249]
2026-03-30T08:30:12.029+08:00  INFO 26172 --- [order-service] [http-nio-9004-exec-3] c.c.o.aspect.BusinessLogAspect           : ========== 业务操作结束 ==========
2026-03-30T08:30:12.029+08:00  INFO 26172 --- [order-service] [http-nio-9004-exec-3] c.c.o.aspect.BusinessLogAspect           : 执行耗时：5ms
2026-03-30T08:30:12.029+08:00  INFO 26172 --- [order-service] [http-nio-9004-exec-3] c.c.o.aspect.BusinessLogAspect           : 执行状态：成功
2026-03-30T08:30:12.803+08:00  INFO 26172 --- [order-service] [http-nio-9004-exec-4] c.c.o.aspect.BusinessLogAspect           : ========== 业务操作开始 ==========
2026-03-30T08:30:12.804+08:00  INFO 26172 --- [order-service] [http-nio-9004-exec-4] c.c.o.aspect.BusinessLogAspect           : 时间：2026-03-30 08:30:12.804
2026-03-30T08:30:12.804+08:00  INFO 26172 --- [order-service] [http-nio-9004-exec-4] c.c.o.aspect.BusinessLogAspect           : 接口：GET /order/list
2026-03-30T08:30:12.804+08:00  INFO 26172 --- [order-service] [http-nio-9004-exec-4] c.c.o.aspect.BusinessLogAspect           : 类名：OrderServiceImpl.getOrders
2026-03-30T08:30:12.804+08:00  INFO 26172 --- [order-service] [http-nio-9004-exec-4] c.c.o.aspect.BusinessLogAspect           : 业务描述：查询用户订单列表
2026-03-30T08:30:12.804+08:00  INFO 26172 --- [order-service] [http-nio-9004-exec-4] c.c.o.aspect.BusinessLogAspect           : 业务类型：订单查询
2026-03-30T08:30:12.804+08:00  INFO 26172 --- [order-service] [http-nio-9004-exec-4] c.c.o.aspect.BusinessLogAspect           : 请求参数：[2038244988630581249]
2026-03-30T08:30:12.811+08:00  INFO 26172 --- [order-service] [http-nio-9004-exec-4] c.c.o.aspect.BusinessLogAspect           : ========== 业务操作结束 ==========
2026-03-30T08:30:12.811+08:00  INFO 26172 --- [order-service] [http-nio-9004-exec-4] c.c.o.aspect.BusinessLogAspect           : 执行耗时：7ms
2026-03-30T08:30:12.811+08:00  INFO 26172 --- [order-service] [http-nio-9004-exec-4] c.c.o.aspect.BusinessLogAspect           : 执行状态：成功
2026-03-30T08:30:22.670+08:00  INFO 26172 --- [order-service] [http-nio-9004-exec-8] c.c.o.aspect.BusinessLogAspect           : ========== 业务操作开始 ==========
2026-03-30T08:30:22.670+08:00  INFO 26172 --- [order-service] [http-nio-9004-exec-8] c.c.o.aspect.BusinessLogAspect           : 时间：2026-03-30 08:30:22.670
2026-03-30T08:30:22.670+08:00  INFO 26172 --- [order-service] [http-nio-9004-exec-8] c.c.o.aspect.BusinessLogAspect           : 接口：GET /order/list
2026-03-30T08:30:22.670+08:00  INFO 26172 --- [order-service] [http-nio-9004-exec-8] c.c.o.aspect.BusinessLogAspect           : 类名：OrderServiceImpl.getOrders
2026-03-30T08:30:22.670+08:00  INFO 26172 --- [order-service] [http-nio-9004-exec-8] c.c.o.aspect.BusinessLogAspect           : 业务描述：查询用户订单列表
2026-03-30T08:30:22.670+08:00  INFO 26172 --- [order-service] [http-nio-9004-exec-8] c.c.o.aspect.BusinessLogAspect           : 业务类型：订单查询
2026-03-30T08:30:22.670+08:00  INFO 26172 --- [order-service] [http-nio-9004-exec-8] c.c.o.aspect.BusinessLogAspect           : 请求参数：[2038244988630581249]
2026-03-30T08:30:22.691+08:00  INFO 26172 --- [order-service] [http-nio-9004-exec-8] c.c.o.aspect.BusinessLogAspect           : ========== 业务操作结束 ==========
2026-03-30T08:30:22.691+08:00  INFO 26172 --- [order-service] [http-nio-9004-exec-8] c.c.o.aspect.BusinessLogAspect           : 执行耗时：21ms
2026-03-30T08:30:22.691+08:00  INFO 26172 --- [order-service] [http-nio-9004-exec-8] c.c.o.aspect.BusinessLogAspect           : 执行状态：成功
2026-03-30T08:30:31.426+08:00  INFO 26172 --- [order-service] [http-nio-9004-exec-6] c.c.o.aspect.BusinessLogAspect           : ========== 业务操作开始 ==========
2026-03-30T08:30:31.426+08:00  INFO 26172 --- [order-service] [http-nio-9004-exec-6] c.c.o.aspect.BusinessLogAspect           : 时间：2026-03-30 08:30:31.426
2026-03-30T08:30:31.426+08:00  INFO 26172 --- [order-service] [http-nio-9004-exec-6] c.c.o.aspect.BusinessLogAspect           : 接口：GET /order/list
2026-03-30T08:30:31.426+08:00  INFO 26172 --- [order-service] [http-nio-9004-exec-6] c.c.o.aspect.BusinessLogAspect           : 类名：OrderServiceImpl.getOrders
2026-03-30T08:30:31.426+08:00  INFO 26172 --- [order-service] [http-nio-9004-exec-6] c.c.o.aspect.BusinessLogAspect           : 业务描述：查询用户订单列表
2026-03-30T08:30:31.426+08:00  INFO 26172 --- [order-service] [http-nio-9004-exec-6] c.c.o.aspect.BusinessLogAspect           : 业务类型：订单查询
2026-03-30T08:30:31.426+08:00  INFO 26172 --- [order-service] [http-nio-9004-exec-6] c.c.o.aspect.BusinessLogAspect           : 请求参数：[2038244988630581249]
2026-03-30T08:30:31.431+08:00  INFO 26172 --- [order-service] [http-nio-9004-exec-6] c.c.o.aspect.BusinessLogAspect           : ========== 业务操作结束 ==========
2026-03-30T08:30:31.431+08:00  INFO 26172 --- [order-service] [http-nio-9004-exec-6] c.c.o.aspect.BusinessLogAspect           : 执行耗时：5ms
2026-03-30T08:30:31.431+08:00  INFO 26172 --- [order-service] [http-nio-9004-exec-6] c.c.o.aspect.BusinessLogAspect           : 执行状态：成功
2026-03-30T08:30:32.076+08:00  INFO 26172 --- [order-service] [http-nio-9004-exec-7] c.c.o.aspect.BusinessLogAspect           : ========== 业务操作开始 ==========
2026-03-30T08:30:32.076+08:00  INFO 26172 --- [order-service] [http-nio-9004-exec-7] c.c.o.aspect.BusinessLogAspect           : 时间：2026-03-30 08:30:32.076
2026-03-30T08:30:32.076+08:00  INFO 26172 --- [order-service] [http-nio-9004-exec-7] c.c.o.aspect.BusinessLogAspect           : 接口：GET /order/list
2026-03-30T08:30:32.076+08:00  INFO 26172 --- [order-service] [http-nio-9004-exec-7] c.c.o.aspect.BusinessLogAspect           : 类名：OrderServiceImpl.getOrders
2026-03-30T08:30:32.076+08:00  INFO 26172 --- [order-service] [http-nio-9004-exec-7] c.c.o.aspect.BusinessLogAspect           : 业务描述：查询用户订单列表
2026-03-30T08:30:32.076+08:00  INFO 26172 --- [order-service] [http-nio-9004-exec-7] c.c.o.aspect.BusinessLogAspect           : 业务类型：订单查询
2026-03-30T08:30:32.076+08:00  INFO 26172 --- [order-service] [http-nio-9004-exec-7] c.c.o.aspect.BusinessLogAspect           : 请求参数：[2038244988630581249]
2026-03-30T08:30:32.080+08:00  INFO 26172 --- [order-service] [http-nio-9004-exec-7] c.c.o.aspect.BusinessLogAspect           : ========== 业务操作结束 ==========
2026-03-30T08:30:32.081+08:00  INFO 26172 --- [order-service] [http-nio-9004-exec-7] c.c.o.aspect.BusinessLogAspect           : 执行耗时：4ms
2026-03-30T08:30:32.081+08:00  INFO 26172 --- [order-service] [http-nio-9004-exec-7] c.c.o.aspect.BusinessLogAspect           : 执行状态：成功
2026-03-30T08:30:32.467+08:00  INFO 26172 --- [order-service] [http-nio-9004-exec-5] c.c.o.aspect.BusinessLogAspect           : ========== 业务操作开始 ==========
2026-03-30T08:30:32.467+08:00  INFO 26172 --- [order-service] [http-nio-9004-exec-5] c.c.o.aspect.BusinessLogAspect           : 时间：2026-03-30 08:30:32.467
2026-03-30T08:30:32.467+08:00  INFO 26172 --- [order-service] [http-nio-9004-exec-5] c.c.o.aspect.BusinessLogAspect           : 接口：GET /order/list
2026-03-30T08:30:32.467+08:00  INFO 26172 --- [order-service] [http-nio-9004-exec-5] c.c.o.aspect.BusinessLogAspect           : 类名：OrderServiceImpl.getOrders
2026-03-30T08:30:32.467+08:00  INFO 26172 --- [order-service] [http-nio-9004-exec-5] c.c.o.aspect.BusinessLogAspect           : 业务描述：查询用户订单列表
2026-03-30T08:30:32.467+08:00  INFO 26172 --- [order-service] [http-nio-9004-exec-5] c.c.o.aspect.BusinessLogAspect           : 业务类型：订单查询
2026-03-30T08:30:32.467+08:00  INFO 26172 --- [order-service] [http-nio-9004-exec-5] c.c.o.aspect.BusinessLogAspect           : 请求参数：[2038244988630581249]
2026-03-30T08:30:32.472+08:00  INFO 26172 --- [order-service] [http-nio-9004-exec-5] c.c.o.aspect.BusinessLogAspect           : ========== 业务操作结束 ==========
2026-03-30T08:30:32.472+08:00  INFO 26172 --- [order-service] [http-nio-9004-exec-5] c.c.o.aspect.BusinessLogAspect           : 执行耗时：5ms
2026-03-30T08:30:32.472+08:00  INFO 26172 --- [order-service] [http-nio-9004-exec-5] c.c.o.aspect.BusinessLogAspect           : 执行状态：成功
2026-03-30T08:30:54.616+08:00  INFO 26172 --- [order-service] [http-nio-9004-exec-9] c.c.o.aspect.BusinessLogAspect           : ========== 业务操作开始 ==========
2026-03-30T08:30:54.616+08:00  INFO 26172 --- [order-service] [http-nio-9004-exec-9] c.c.o.aspect.BusinessLogAspect           : 时间：2026-03-30 08:30:54.616
2026-03-30T08:30:54.616+08:00  INFO 26172 --- [order-service] [http-nio-9004-exec-9] c.c.o.aspect.BusinessLogAspect           : 接口：GET /order/list
2026-03-30T08:30:54.616+08:00  INFO 26172 --- [order-service] [http-nio-9004-exec-9] c.c.o.aspect.BusinessLogAspect           : 类名：OrderServiceImpl.getOrders
2026-03-30T08:30:54.616+08:00  INFO 26172 --- [order-service] [http-nio-9004-exec-9] c.c.o.aspect.BusinessLogAspect           : 业务描述：查询用户订单列表
2026-03-30T08:30:54.616+08:00  INFO 26172 --- [order-service] [http-nio-9004-exec-9] c.c.o.aspect.BusinessLogAspect           : 业务类型：订单查询
2026-03-30T08:30:54.616+08:00  INFO 26172 --- [order-service] [http-nio-9004-exec-9] c.c.o.aspect.BusinessLogAspect           : 请求参数：[2038244988630581249]
2026-03-30T08:30:54.637+08:00  INFO 26172 --- [order-service] [http-nio-9004-exec-9] c.c.o.aspect.BusinessLogAspect           : ========== 业务操作结束 ==========
2026-03-30T08:30:54.637+08:00  INFO 26172 --- [order-service] [http-nio-9004-exec-9] c.c.o.aspect.BusinessLogAspect           : 执行耗时：21ms
2026-03-30T08:30:54.637+08:00  INFO 26172 --- [order-service] [http-nio-9004-exec-9] c.c.o.aspect.BusinessLogAspect           : 执行状态：成功
2026-03-30T08:30:55.360+08:00  INFO 26172 --- [order-service] [http-nio-9004-exec-10] c.c.o.aspect.BusinessLogAspect           : ========== 业务操作开始 ==========
2026-03-30T08:30:55.360+08:00  INFO 26172 --- [order-service] [http-nio-9004-exec-10] c.c.o.aspect.BusinessLogAspect           : 时间：2026-03-30 08:30:55.360
2026-03-30T08:30:55.360+08:00  INFO 26172 --- [order-service] [http-nio-9004-exec-10] c.c.o.aspect.BusinessLogAspect           : 接口：GET /order/list
2026-03-30T08:30:55.360+08:00  INFO 26172 --- [order-service] [http-nio-9004-exec-10] c.c.o.aspect.BusinessLogAspect           : 类名：OrderServiceImpl.getOrders
2026-03-30T08:30:55.360+08:00  INFO 26172 --- [order-service] [http-nio-9004-exec-10] c.c.o.aspect.BusinessLogAspect           : 业务描述：查询用户订单列表
2026-03-30T08:30:55.360+08:00  INFO 26172 --- [order-service] [http-nio-9004-exec-10] c.c.o.aspect.BusinessLogAspect           : 业务类型：订单查询
2026-03-30T08:30:55.361+08:00  INFO 26172 --- [order-service] [http-nio-9004-exec-10] c.c.o.aspect.BusinessLogAspect           : 请求参数：[2038244988630581249]
2026-03-30T08:30:55.366+08:00  INFO 26172 --- [order-service] [http-nio-9004-exec-10] c.c.o.aspect.BusinessLogAspect           : ========== 业务操作结束 ==========
2026-03-30T08:30:55.366+08:00  INFO 26172 --- [order-service] [http-nio-9004-exec-10] c.c.o.aspect.BusinessLogAspect           : 执行耗时：5ms
2026-03-30T08:30:55.366+08:00  INFO 26172 --- [order-service] [http-nio-9004-exec-10] c.c.o.aspect.BusinessLogAspect           : 执行状态：成功
2026-03-30T08:31:01.863+08:00  INFO 26444 --- [doctor-service] [http-nio-9002-exec-1] c.c.d.aspect.BusinessLogAspect           : [业务] 排班查询 - ScheduleServiceImpl.findDetailByDate - 查询排班详情（缓存优化）
2026-03-30T08:31:01.866+08:00 ERROR 26444 --- [doctor-service] [http-nio-9002-exec-1] c.c.d.aspect.BusinessLogAspect           : 业务执行异常：Bloom filter is not initialized!

java.lang.IllegalStateException: Bloom filter is not initialized!
	at org.redisson.RedissonBloomFilter.readConfig(RedissonBloomFilter.java:251) ~[redisson-3.27.0.jar:3.27.0]
	at org.redisson.RedissonBloomFilter.readConfig(RedissonBloomFilter.java:245) ~[redisson-3.27.0.jar:3.27.0]
	at org.redisson.RedissonBloomFilter.contains(RedissonBloomFilter.java:156) ~[redisson-3.27.0.jar:3.27.0]
	at org.redisson.RedissonBloomFilter.contains(RedissonBloomFilter.java:200) ~[redisson-3.27.0.jar:3.27.0]
	at com.cly.doctorservice.service.impl.ScheduleServiceImpl.findDetailByDate(ScheduleServiceImpl.java:141) ~[classes/:na]
	at java.base/jdk.internal.reflect.DirectMethodHandleAccessor.invoke(DirectMethodHandleAccessor.java:103) ~[na:na]
	at java.base/java.lang.reflect.Method.invoke(Method.java:580) ~[na:na]
	at org.springframework.aop.support.AopUtils.invokeJoinpointUsingReflection(AopUtils.java:359) ~[spring-aop-7.0.5.jar:7.0.5]
	at org.springframework.aop.framework.ReflectiveMethodInvocation.invokeJoinpoint(ReflectiveMethodInvocation.java:190) ~[spring-aop-7.0.5.jar:7.0.5]
	at org.springframework.aop.framework.ReflectiveMethodInvocation.proceed(ReflectiveMethodInvocation.java:158) ~[spring-aop-7.0.5.jar:7.0.5]
	at org.springframework.aop.aspectj.MethodInvocationProceedingJoinPoint.proceed(MethodInvocationProceedingJoinPoint.java:82) ~[spring-aop-7.0.5.jar:7.0.5]
	at com.cly.doctorservice.aspect.BusinessLogAspect.around(BusinessLogAspect.java:84) ~[classes/:na]
	at java.base/jdk.internal.reflect.DirectMethodHandleAccessor.invoke(DirectMethodHandleAccessor.java:103) ~[na:na]
	at java.base/java.lang.reflect.Method.invoke(Method.java:580) ~[na:na]
	at org.springframework.aop.aspectj.AbstractAspectJAdvice.invokeAdviceMethodWithGivenArgs(AbstractAspectJAdvice.java:648) ~[spring-aop-7.0.5.jar:7.0.5]
	at org.springframework.aop.aspectj.AbstractAspectJAdvice.invokeAdviceMethod(AbstractAspectJAdvice.java:630) ~[spring-aop-7.0.5.jar:7.0.5]
	at org.springframework.aop.aspectj.AspectJAroundAdvice.invoke(AspectJAroundAdvice.java:70) ~[spring-aop-7.0.5.jar:7.0.5]
	at org.springframework.aop.framework.ReflectiveMethodInvocation.proceed(ReflectiveMethodInvocation.java:168) ~[spring-aop-7.0.5.jar:7.0.5]
	at org.springframework.aop.interceptor.ExposeInvocationInterceptor.invoke(ExposeInvocationInterceptor.java:96) ~[spring-aop-7.0.5.jar:7.0.5]
	at org.springframework.aop.framework.ReflectiveMethodInvocation.proceed(ReflectiveMethodInvocation.java:179) ~[spring-aop-7.0.5.jar:7.0.5]
	at org.springframework.aop.framework.CglibAopProxy$DynamicAdvisedInterceptor.intercept(CglibAopProxy.java:719) ~[spring-aop-7.0.5.jar:7.0.5]
	at com.cly.doctorservice.service.impl.ScheduleServiceImpl$$SpringCGLIB$$0.findDetailByDate(<generated>) ~[classes/:na]
	at com.cly.doctorservice.controller.DoctorController.findScheduleDetail(DoctorController.java:60) ~[classes/:na]
	at java.base/jdk.internal.reflect.DirectMethodHandleAccessor.invoke(DirectMethodHandleAccessor.java:103) ~[na:na]
	at java.base/java.lang.reflect.Method.invoke(Method.java:580) ~[na:na]
	at org.springframework.web.method.support.InvocableHandlerMethod.doInvoke(InvocableHandlerMethod.java:252) ~[spring-web-7.0.5.jar:7.0.5]
	at org.springframework.web.method.support.InvocableHandlerMethod.invokeForRequest(InvocableHandlerMethod.java:184) ~[spring-web-7.0.5.jar:7.0.5]
	at org.springframework.web.servlet.mvc.method.annotation.ServletInvocableHandlerMethod.invokeAndHandle(ServletInvocableHandlerMethod.java:117) ~[spring-webmvc-7.0.5.jar:7.0.5]
	at org.springframework.web.servlet.mvc.method.annotation.RequestMappingHandlerAdapter.invokeHandlerMethod(RequestMappingHandlerAdapter.java:934) ~[spring-webmvc-7.0.5.jar:7.0.5]
	at org.springframework.web.servlet.mvc.method.annotation.RequestMappingHandlerAdapter.handleInternal(RequestMappingHandlerAdapter.java:853) ~[spring-webmvc-7.0.5.jar:7.0.5]
	at org.springframework.web.servlet.mvc.method.AbstractHandlerMethodAdapter.handle(AbstractHandlerMethodAdapter.java:86) ~[spring-webmvc-7.0.5.jar:7.0.5]
	at org.springframework.web.servlet.DispatcherServlet.doDispatch(DispatcherServlet.java:963) ~[spring-webmvc-7.0.5.jar:7.0.5]
	at org.springframework.web.servlet.DispatcherServlet.doService(DispatcherServlet.java:866) ~[spring-webmvc-7.0.5.jar:7.0.5]
	at org.springframework.web.servlet.FrameworkServlet.processRequest(FrameworkServlet.java:1000) ~[spring-webmvc-7.0.5.jar:7.0.5]
	at org.springframework.web.servlet.FrameworkServlet.doGet(FrameworkServlet.java:892) ~[spring-webmvc-7.0.5.jar:7.0.5]
	at jakarta.servlet.http.HttpServlet.service(HttpServlet.java:622) ~[tomcat-embed-core-11.0.18.jar:6.1]
	at org.springframework.web.servlet.FrameworkServlet.service(FrameworkServlet.java:874) ~[spring-webmvc-7.0.5.jar:7.0.5]
	at jakarta.servlet.http.HttpServlet.service(HttpServlet.java:710) ~[tomcat-embed-core-11.0.18.jar:6.1]
	at org.apache.catalina.core.ApplicationFilterChain.doFilter(ApplicationFilterChain.java:128) ~[tomcat-embed-core-11.0.18.jar:11.0.18]
	at org.apache.tomcat.websocket.server.WsFilter.doFilter(WsFilter.java:53) ~[tomcat-embed-websocket-11.0.18.jar:11.0.18]
	at org.apache.catalina.core.ApplicationFilterChain.doFilter(ApplicationFilterChain.java:107) ~[tomcat-embed-core-11.0.18.jar:11.0.18]
	at org.springframework.web.filter.RequestContextFilter.doFilterInternal(RequestContextFilter.java:100) ~[spring-web-7.0.5.jar:7.0.5]
	at org.springframework.web.filter.OncePerRequestFilter.doFilter(OncePerRequestFilter.java:116) ~[spring-web-7.0.5.jar:7.0.5]
	at org.apache.catalina.core.ApplicationFilterChain.doFilter(ApplicationFilterChain.java:107) ~[tomcat-embed-core-11.0.18.jar:11.0.18]
	at org.springframework.web.filter.FormContentFilter.doFilterInternal(FormContentFilter.java:93) ~[spring-web-7.0.5.jar:7.0.5]
	at org.springframework.web.filter.OncePerRequestFilter.doFilter(OncePerRequestFilter.java:116) ~[spring-web-7.0.5.jar:7.0.5]
	at org.apache.catalina.core.ApplicationFilterChain.doFilter(ApplicationFilterChain.java:107) ~[tomcat-embed-core-11.0.18.jar:11.0.18]
	at org.springframework.web.filter.CharacterEncodingFilter.doFilterInternal(CharacterEncodingFilter.java:199) ~[spring-web-7.0.5.jar:7.0.5]
	at org.springframework.web.filter.OncePerRequestFilter.doFilter(OncePerRequestFilter.java:116) ~[spring-web-7.0.5.jar:7.0.5]
	at org.apache.catalina.core.ApplicationFilterChain.doFilter(ApplicationFilterChain.java:107) ~[tomcat-embed-core-11.0.18.jar:11.0.18]
	at org.apache.catalina.core.StandardWrapperValve.invoke(StandardWrapperValve.java:165) ~[tomcat-embed-core-11.0.18.jar:11.0.18]
	at org.apache.catalina.core.StandardContextValve.invoke(StandardContextValve.java:77) ~[tomcat-embed-core-11.0.18.jar:11.0.18]
	at org.apache.catalina.authenticator.AuthenticatorBase.invoke(AuthenticatorBase.java:492) ~[tomcat-embed-core-11.0.18.jar:11.0.18]
	at org.apache.catalina.core.StandardHostValve.invoke(StandardHostValve.java:113) ~[tomcat-embed-core-11.0.18.jar:11.0.18]
	at org.apache.catalina.valves.ErrorReportValve.invoke(ErrorReportValve.java:83) ~[tomcat-embed-core-11.0.18.jar:11.0.18]
	at org.apache.catalina.core.StandardEngineValve.invoke(StandardEngineValve.java:72) ~[tomcat-embed-core-11.0.18.jar:11.0.18]
	at org.apache.catalina.connector.CoyoteAdapter.service(CoyoteAdapter.java:341) ~[tomcat-embed-core-11.0.18.jar:11.0.18]
	at org.apache.coyote.http11.Http11Processor.service(Http11Processor.java:397) ~[tomcat-embed-core-11.0.18.jar:11.0.18]
	at org.apache.coyote.AbstractProcessorLight.process(AbstractProcessorLight.java:63) ~[tomcat-embed-core-11.0.18.jar:11.0.18]
	at org.apache.coyote.AbstractProtocol$ConnectionHandler.process(AbstractProtocol.java:903) ~[tomcat-embed-core-11.0.18.jar:11.0.18]
	at org.apache.tomcat.util.net.NioEndpoint$SocketProcessor.doRun(NioEndpoint.java:1779) ~[tomcat-embed-core-11.0.18.jar:11.0.18]
	at org.apache.tomcat.util.net.SocketProcessorBase.run(SocketProcessorBase.java:52) ~[tomcat-embed-core-11.0.18.jar:11.0.18]
	at org.apache.tomcat.util.threads.ThreadPoolExecutor.runWorker(ThreadPoolExecutor.java:946) ~[tomcat-embed-core-11.0.18.jar:11.0.18]
	at org.apache.tomcat.util.threads.ThreadPoolExecutor$Worker.run(ThreadPoolExecutor.java:480) ~[tomcat-embed-core-11.0.18.jar:11.0.18]
	at org.apache.tomcat.util.threads.TaskThread$WrappingRunnable.run(TaskThread.java:57) ~[tomcat-embed-core-11.0.18.jar:11.0.18]
	at java.base/java.lang.Thread.run(Thread.java:1583) ~[na:na]

2026-03-30T08:31:03.653+08:00  INFO 26444 --- [doctor-service] [http-nio-9002-exec-4] c.c.d.aspect.BusinessLogAspect           : [业务] 排班查询 - ScheduleServiceImpl.findDetailByDate - 查询排班详情（缓存优化）
2026-03-30T08:31:03.655+08:00 ERROR 26444 --- [doctor-service] [http-nio-9002-exec-4] c.c.d.aspect.BusinessLogAspect           : 业务执行异常：Bloom filter is not initialized!

java.lang.IllegalStateException: Bloom filter is not initialized!
	at org.redisson.RedissonBloomFilter.readConfig(RedissonBloomFilter.java:251) ~[redisson-3.27.0.jar:3.27.0]
	at org.redisson.RedissonBloomFilter.readConfig(RedissonBloomFilter.java:245) ~[redisson-3.27.0.jar:3.27.0]
	at org.redisson.RedissonBloomFilter.contains(RedissonBloomFilter.java:156) ~[redisson-3.27.0.jar:3.27.0]
	at org.redisson.RedissonBloomFilter.contains(RedissonBloomFilter.java:200) ~[redisson-3.27.0.jar:3.27.0]
	at com.cly.doctorservice.service.impl.ScheduleServiceImpl.findDetailByDate(ScheduleServiceImpl.java:141) ~[classes/:na]
	at java.base/jdk.internal.reflect.DirectMethodHandleAccessor.invoke(DirectMethodHandleAccessor.java:103) ~[na:na]
	at java.base/java.lang.reflect.Method.invoke(Method.java:580) ~[na:na]
	at org.springframework.aop.support.AopUtils.invokeJoinpointUsingReflection(AopUtils.java:359) ~[spring-aop-7.0.5.jar:7.0.5]
	at org.springframework.aop.framework.ReflectiveMethodInvocation.invokeJoinpoint(ReflectiveMethodInvocation.java:190) ~[spring-aop-7.0.5.jar:7.0.5]
	at org.springframework.aop.framework.ReflectiveMethodInvocation.proceed(ReflectiveMethodInvocation.java:158) ~[spring-aop-7.0.5.jar:7.0.5]
	at org.springframework.aop.aspectj.MethodInvocationProceedingJoinPoint.proceed(MethodInvocationProceedingJoinPoint.java:82) ~[spring-aop-7.0.5.jar:7.0.5]
	at com.cly.doctorservice.aspect.BusinessLogAspect.around(BusinessLogAspect.java:84) ~[classes/:na]
	at java.base/jdk.internal.reflect.DirectMethodHandleAccessor.invoke(DirectMethodHandleAccessor.java:103) ~[na:na]
	at java.base/java.lang.reflect.Method.invoke(Method.java:580) ~[na:na]
	at org.springframework.aop.aspectj.AbstractAspectJAdvice.invokeAdviceMethodWithGivenArgs(AbstractAspectJAdvice.java:648) ~[spring-aop-7.0.5.jar:7.0.5]
	at org.springframework.aop.aspectj.AbstractAspectJAdvice.invokeAdviceMethod(AbstractAspectJAdvice.java:630) ~[spring-aop-7.0.5.jar:7.0.5]
	at org.springframework.aop.aspectj.AspectJAroundAdvice.invoke(AspectJAroundAdvice.java:70) ~[spring-aop-7.0.5.jar:7.0.5]
	at org.springframework.aop.framework.ReflectiveMethodInvocation.proceed(ReflectiveMethodInvocation.java:168) ~[spring-aop-7.0.5.jar:7.0.5]
	at org.springframework.aop.interceptor.ExposeInvocationInterceptor.invoke(ExposeInvocationInterceptor.java:96) ~[spring-aop-7.0.5.jar:7.0.5]
	at org.springframework.aop.framework.ReflectiveMethodInvocation.proceed(ReflectiveMethodInvocation.java:179) ~[spring-aop-7.0.5.jar:7.0.5]
	at org.springframework.aop.framework.CglibAopProxy$DynamicAdvisedInterceptor.intercept(CglibAopProxy.java:719) ~[spring-aop-7.0.5.jar:7.0.5]
	at com.cly.doctorservice.service.impl.ScheduleServiceImpl$$SpringCGLIB$$0.findDetailByDate(<generated>) ~[classes/:na]
	at com.cly.doctorservice.controller.DoctorController.findScheduleDetail(DoctorController.java:60) ~[classes/:na]
	at java.base/jdk.internal.reflect.DirectMethodHandleAccessor.invoke(DirectMethodHandleAccessor.java:103) ~[na:na]
	at java.base/java.lang.reflect.Method.invoke(Method.java:580) ~[na:na]
	at org.springframework.web.method.support.InvocableHandlerMethod.doInvoke(InvocableHandlerMethod.java:252) ~[spring-web-7.0.5.jar:7.0.5]
	at org.springframework.web.method.support.InvocableHandlerMethod.invokeForRequest(InvocableHandlerMethod.java:184) ~[spring-web-7.0.5.jar:7.0.5]
	at org.springframework.web.servlet.mvc.method.annotation.ServletInvocableHandlerMethod.invokeAndHandle(ServletInvocableHandlerMethod.java:117) ~[spring-webmvc-7.0.5.jar:7.0.5]
	at org.springframework.web.servlet.mvc.method.annotation.RequestMappingHandlerAdapter.invokeHandlerMethod(RequestMappingHandlerAdapter.java:934) ~[spring-webmvc-7.0.5.jar:7.0.5]
	at org.springframework.web.servlet.mvc.method.annotation.RequestMappingHandlerAdapter.handleInternal(RequestMappingHandlerAdapter.java:853) ~[spring-webmvc-7.0.5.jar:7.0.5]
	at org.springframework.web.servlet.mvc.method.AbstractHandlerMethodAdapter.handle(AbstractHandlerMethodAdapter.java:86) ~[spring-webmvc-7.0.5.jar:7.0.5]
	at org.springframework.web.servlet.DispatcherServlet.doDispatch(DispatcherServlet.java:963) ~[spring-webmvc-7.0.5.jar:7.0.5]
	at org.springframework.web.servlet.DispatcherServlet.doService(DispatcherServlet.java:866) ~[spring-webmvc-7.0.5.jar:7.0.5]
	at org.springframework.web.servlet.FrameworkServlet.processRequest(FrameworkServlet.java:1000) ~[spring-webmvc-7.0.5.jar:7.0.5]
	at org.springframework.web.servlet.FrameworkServlet.doGet(FrameworkServlet.java:892) ~[spring-webmvc-7.0.5.jar:7.0.5]
	at jakarta.servlet.http.HttpServlet.service(HttpServlet.java:622) ~[tomcat-embed-core-11.0.18.jar:6.1]
	at org.springframework.web.servlet.FrameworkServlet.service(FrameworkServlet.java:874) ~[spring-webmvc-7.0.5.jar:7.0.5]
	at jakarta.servlet.http.HttpServlet.service(HttpServlet.java:710) ~[tomcat-embed-core-11.0.18.jar:6.1]
	at org.apache.catalina.core.ApplicationFilterChain.doFilter(ApplicationFilterChain.java:128) ~[tomcat-embed-core-11.0.18.jar:11.0.18]
	at org.apache.tomcat.websocket.server.WsFilter.doFilter(WsFilter.java:53) ~[tomcat-embed-websocket-11.0.18.jar:11.0.18]
	at org.apache.catalina.core.ApplicationFilterChain.doFilter(ApplicationFilterChain.java:107) ~[tomcat-embed-core-11.0.18.jar:11.0.18]
	at org.springframework.web.filter.RequestContextFilter.doFilterInternal(RequestContextFilter.java:100) ~[spring-web-7.0.5.jar:7.0.5]
	at org.springframework.web.filter.OncePerRequestFilter.doFilter(OncePerRequestFilter.java:116) ~[spring-web-7.0.5.jar:7.0.5]
	at org.apache.catalina.core.ApplicationFilterChain.doFilter(ApplicationFilterChain.java:107) ~[tomcat-embed-core-11.0.18.jar:11.0.18]
	at org.springframework.web.filter.FormContentFilter.doFilterInternal(FormContentFilter.java:93) ~[spring-web-7.0.5.jar:7.0.5]
	at org.springframework.web.filter.OncePerRequestFilter.doFilter(OncePerRequestFilter.java:116) ~[spring-web-7.0.5.jar:7.0.5]
	at org.apache.catalina.core.ApplicationFilterChain.doFilter(ApplicationFilterChain.java:107) ~[tomcat-embed-core-11.0.18.jar:11.0.18]
	at org.springframework.web.filter.CharacterEncodingFilter.doFilterInternal(CharacterEncodingFilter.java:199) ~[spring-web-7.0.5.jar:7.0.5]
	at org.springframework.web.filter.OncePerRequestFilter.doFilter(OncePerRequestFilter.java:116) ~[spring-web-7.0.5.jar:7.0.5]
	at org.apache.catalina.core.ApplicationFilterChain.doFilter(ApplicationFilterChain.java:107) ~[tomcat-embed-core-11.0.18.jar:11.0.18]
	at org.apache.catalina.core.StandardWrapperValve.invoke(StandardWrapperValve.java:165) ~[tomcat-embed-core-11.0.18.jar:11.0.18]
	at org.apache.catalina.core.StandardContextValve.invoke(StandardContextValve.java:77) ~[tomcat-embed-core-11.0.18.jar:11.0.18]
	at org.apache.catalina.authenticator.AuthenticatorBase.invoke(AuthenticatorBase.java:492) ~[tomcat-embed-core-11.0.18.jar:11.0.18]
	at org.apache.catalina.core.StandardHostValve.invoke(StandardHostValve.java:113) ~[tomcat-embed-core-11.0.18.jar:11.0.18]
	at org.apache.catalina.valves.ErrorReportValve.invoke(ErrorReportValve.java:83) ~[tomcat-embed-core-11.0.18.jar:11.0.18]
	at org.apache.catalina.core.StandardEngineValve.invoke(StandardEngineValve.java:72) ~[tomcat-embed-core-11.0.18.jar:11.0.18]
	at org.apache.catalina.connector.CoyoteAdapter.service(CoyoteAdapter.java:341) ~[tomcat-embed-core-11.0.18.jar:11.0.18]
	at org.apache.coyote.http11.Http11Processor.service(Http11Processor.java:397) ~[tomcat-embed-core-11.0.18.jar:11.0.18]
	at org.apache.coyote.AbstractProcessorLight.process(AbstractProcessorLight.java:63) ~[tomcat-embed-core-11.0.18.jar:11.0.18]
	at org.apache.coyote.AbstractProtocol$ConnectionHandler.process(AbstractProtocol.java:903) ~[tomcat-embed-core-11.0.18.jar:11.0.18]
	at org.apache.tomcat.util.net.NioEndpoint$SocketProcessor.doRun(NioEndpoint.java:1779) ~[tomcat-embed-core-11.0.18.jar:11.0.18]
	at org.apache.tomcat.util.net.SocketProcessorBase.run(SocketProcessorBase.java:52) ~[tomcat-embed-core-11.0.18.jar:11.0.18]
	at org.apache.tomcat.util.threads.ThreadPoolExecutor.runWorker(ThreadPoolExecutor.java:946) ~[tomcat-embed-core-11.0.18.jar:11.0.18]
	at org.apache.tomcat.util.threads.ThreadPoolExecutor$Worker.run(ThreadPoolExecutor.java:480) ~[tomcat-embed-core-11.0.18.jar:11.0.18]
	at org.apache.tomcat.util.threads.TaskThread$WrappingRunnable.run(TaskThread.java:57) ~[tomcat-embed-core-11.0.18.jar:11.0.18]
	at java.base/java.lang.Thread.run(Thread.java:1583) ~[na:na]

2026-03-30T08:31:04.769+08:00  INFO 26444 --- [doctor-service] [http-nio-9002-exec-5] c.c.d.aspect.BusinessLogAspect           : [业务] 排班查询 - ScheduleServiceImpl.findDetailByDate - 查询排班详情（缓存优化）
2026-03-30T08:31:04.771+08:00 ERROR 26444 --- [doctor-service] [http-nio-9002-exec-5] c.c.d.aspect.BusinessLogAspect           : 业务执行异常：Bloom filter is not initialized!

java.lang.IllegalStateException: Bloom filter is not initialized!
	at org.redisson.RedissonBloomFilter.readConfig(RedissonBloomFilter.java:251) ~[redisson-3.27.0.jar:3.27.0]
	at org.redisson.RedissonBloomFilter.readConfig(RedissonBloomFilter.java:245) ~[redisson-3.27.0.jar:3.27.0]
	at org.redisson.RedissonBloomFilter.contains(RedissonBloomFilter.java:156) ~[redisson-3.27.0.jar:3.27.0]
	at org.redisson.RedissonBloomFilter.contains(RedissonBloomFilter.java:200) ~[redisson-3.27.0.jar:3.27.0]
	at com.cly.doctorservice.service.impl.ScheduleServiceImpl.findDetailByDate(ScheduleServiceImpl.java:141) ~[classes/:na]
	at java.base/jdk.internal.reflect.DirectMethodHandleAccessor.invoke(DirectMethodHandleAccessor.java:103) ~[na:na]
	at java.base/java.lang.reflect.Method.invoke(Method.java:580) ~[na:na]
	at org.springframework.aop.support.AopUtils.invokeJoinpointUsingReflection(AopUtils.java:359) ~[spring-aop-7.0.5.jar:7.0.5]
	at org.springframework.aop.framework.ReflectiveMethodInvocation.invokeJoinpoint(ReflectiveMethodInvocation.java:190) ~[spring-aop-7.0.5.jar:7.0.5]
	at org.springframework.aop.framework.ReflectiveMethodInvocation.proceed(ReflectiveMethodInvocation.java:158) ~[spring-aop-7.0.5.jar:7.0.5]
	at org.springframework.aop.aspectj.MethodInvocationProceedingJoinPoint.proceed(MethodInvocationProceedingJoinPoint.java:82) ~[spring-aop-7.0.5.jar:7.0.5]
	at com.cly.doctorservice.aspect.BusinessLogAspect.around(BusinessLogAspect.java:84) ~[classes/:na]
	at java.base/jdk.internal.reflect.DirectMethodHandleAccessor.invoke(DirectMethodHandleAccessor.java:103) ~[na:na]
	at java.base/java.lang.reflect.Method.invoke(Method.java:580) ~[na:na]
	at org.springframework.aop.aspectj.AbstractAspectJAdvice.invokeAdviceMethodWithGivenArgs(AbstractAspectJAdvice.java:648) ~[spring-aop-7.0.5.jar:7.0.5]
	at org.springframework.aop.aspectj.AbstractAspectJAdvice.invokeAdviceMethod(AbstractAspectJAdvice.java:630) ~[spring-aop-7.0.5.jar:7.0.5]
	at org.springframework.aop.aspectj.AspectJAroundAdvice.invoke(AspectJAroundAdvice.java:70) ~[spring-aop-7.0.5.jar:7.0.5]
	at org.springframework.aop.framework.ReflectiveMethodInvocation.proceed(ReflectiveMethodInvocation.java:168) ~[spring-aop-7.0.5.jar:7.0.5]
	at org.springframework.aop.interceptor.ExposeInvocationInterceptor.invoke(ExposeInvocationInterceptor.java:96) ~[spring-aop-7.0.5.jar:7.0.5]
	at org.springframework.aop.framework.ReflectiveMethodInvocation.proceed(ReflectiveMethodInvocation.java:179) ~[spring-aop-7.0.5.jar:7.0.5]
	at org.springframework.aop.framework.CglibAopProxy$DynamicAdvisedInterceptor.intercept(CglibAopProxy.java:719) ~[spring-aop-7.0.5.jar:7.0.5]
	at com.cly.doctorservice.service.impl.ScheduleServiceImpl$$SpringCGLIB$$0.findDetailByDate(<generated>) ~[classes/:na]
	at com.cly.doctorservice.controller.DoctorController.findScheduleDetail(DoctorController.java:60) ~[classes/:na]
	at java.base/jdk.internal.reflect.DirectMethodHandleAccessor.invoke(DirectMethodHandleAccessor.java:103) ~[na:na]
	at java.base/java.lang.reflect.Method.invoke(Method.java:580) ~[na:na]
	at org.springframework.web.method.support.InvocableHandlerMethod.doInvoke(InvocableHandlerMethod.java:252) ~[spring-web-7.0.5.jar:7.0.5]
	at org.springframework.web.method.support.InvocableHandlerMethod.invokeForRequest(InvocableHandlerMethod.java:184) ~[spring-web-7.0.5.jar:7.0.5]
	at org.springframework.web.servlet.mvc.method.annotation.ServletInvocableHandlerMethod.invokeAndHandle(ServletInvocableHandlerMethod.java:117) ~[spring-webmvc-7.0.5.jar:7.0.5]
	at org.springframework.web.servlet.mvc.method.annotation.RequestMappingHandlerAdapter.invokeHandlerMethod(RequestMappingHandlerAdapter.java:934) ~[spring-webmvc-7.0.5.jar:7.0.5]
	at org.springframework.web.servlet.mvc.method.annotation.RequestMappingHandlerAdapter.handleInternal(RequestMappingHandlerAdapter.java:853) ~[spring-webmvc-7.0.5.jar:7.0.5]
	at org.springframework.web.servlet.mvc.method.AbstractHandlerMethodAdapter.handle(AbstractHandlerMethodAdapter.java:86) ~[spring-webmvc-7.0.5.jar:7.0.5]
	at org.springframework.web.servlet.DispatcherServlet.doDispatch(DispatcherServlet.java:963) ~[spring-webmvc-7.0.5.jar:7.0.5]
	at org.springframework.web.servlet.DispatcherServlet.doService(DispatcherServlet.java:866) ~[spring-webmvc-7.0.5.jar:7.0.5]
	at org.springframework.web.servlet.FrameworkServlet.processRequest(FrameworkServlet.java:1000) ~[spring-webmvc-7.0.5.jar:7.0.5]
	at org.springframework.web.servlet.FrameworkServlet.doGet(FrameworkServlet.java:892) ~[spring-webmvc-7.0.5.jar:7.0.5]
	at jakarta.servlet.http.HttpServlet.service(HttpServlet.java:622) ~[tomcat-embed-core-11.0.18.jar:6.1]
	at org.springframework.web.servlet.FrameworkServlet.service(FrameworkServlet.java:874) ~[spring-webmvc-7.0.5.jar:7.0.5]
	at jakarta.servlet.http.HttpServlet.service(HttpServlet.java:710) ~[tomcat-embed-core-11.0.18.jar:6.1]
	at org.apache.catalina.core.ApplicationFilterChain.doFilter(ApplicationFilterChain.java:128) ~[tomcat-embed-core-11.0.18.jar:11.0.18]
	at org.apache.tomcat.websocket.server.WsFilter.doFilter(WsFilter.java:53) ~[tomcat-embed-websocket-11.0.18.jar:11.0.18]
	at org.apache.catalina.core.ApplicationFilterChain.doFilter(ApplicationFilterChain.java:107) ~[tomcat-embed-core-11.0.18.jar:11.0.18]
	at org.springframework.web.filter.RequestContextFilter.doFilterInternal(RequestContextFilter.java:100) ~[spring-web-7.0.5.jar:7.0.5]
	at org.springframework.web.filter.OncePerRequestFilter.doFilter(OncePerRequestFilter.java:116) ~[spring-web-7.0.5.jar:7.0.5]
	at org.apache.catalina.core.ApplicationFilterChain.doFilter(ApplicationFilterChain.java:107) ~[tomcat-embed-core-11.0.18.jar:11.0.18]
	at org.springframework.web.filter.FormContentFilter.doFilterInternal(FormContentFilter.java:93) ~[spring-web-7.0.5.jar:7.0.5]
	at org.springframework.web.filter.OncePerRequestFilter.doFilter(OncePerRequestFilter.java:116) ~[spring-web-7.0.5.jar:7.0.5]
	at org.apache.catalina.core.ApplicationFilterChain.doFilter(ApplicationFilterChain.java:107) ~[tomcat-embed-core-11.0.18.jar:11.0.18]
	at org.springframework.web.filter.CharacterEncodingFilter.doFilterInternal(CharacterEncodingFilter.java:199) ~[spring-web-7.0.5.jar:7.0.5]
	at org.springframework.web.filter.OncePerRequestFilter.doFilter(OncePerRequestFilter.java:116) ~[spring-web-7.0.5.jar:7.0.5]
	at org.apache.catalina.core.ApplicationFilterChain.doFilter(ApplicationFilterChain.java:107) ~[tomcat-embed-core-11.0.18.jar:11.0.18]
	at org.apache.catalina.core.StandardWrapperValve.invoke(StandardWrapperValve.java:165) ~[tomcat-embed-core-11.0.18.jar:11.0.18]
	at org.apache.catalina.core.StandardContextValve.invoke(StandardContextValve.java:77) ~[tomcat-embed-core-11.0.18.jar:11.0.18]
	at org.apache.catalina.authenticator.AuthenticatorBase.invoke(AuthenticatorBase.java:492) ~[tomcat-embed-core-11.0.18.jar:11.0.18]
	at org.apache.catalina.core.StandardHostValve.invoke(StandardHostValve.java:113) ~[tomcat-embed-core-11.0.18.jar:11.0.18]
	at org.apache.catalina.valves.ErrorReportValve.invoke(ErrorReportValve.java:83) ~[tomcat-embed-core-11.0.18.jar:11.0.18]
	at org.apache.catalina.core.StandardEngineValve.invoke(StandardEngineValve.java:72) ~[tomcat-embed-core-11.0.18.jar:11.0.18]
	at org.apache.catalina.connector.CoyoteAdapter.service(CoyoteAdapter.java:341) ~[tomcat-embed-core-11.0.18.jar:11.0.18]
	at org.apache.coyote.http11.Http11Processor.service(Http11Processor.java:397) ~[tomcat-embed-core-11.0.18.jar:11.0.18]
	at org.apache.coyote.AbstractProcessorLight.process(AbstractProcessorLight.java:63) ~[tomcat-embed-core-11.0.18.jar:11.0.18]
	at org.apache.coyote.AbstractProtocol$ConnectionHandler.process(AbstractProtocol.java:903) ~[tomcat-embed-core-11.0.18.jar:11.0.18]
	at org.apache.tomcat.util.net.NioEndpoint$SocketProcessor.doRun(NioEndpoint.java:1779) ~[tomcat-embed-core-11.0.18.jar:11.0.18]
	at org.apache.tomcat.util.net.SocketProcessorBase.run(SocketProcessorBase.java:52) ~[tomcat-embed-core-11.0.18.jar:11.0.18]
	at org.apache.tomcat.util.threads.ThreadPoolExecutor.runWorker(ThreadPoolExecutor.java:946) ~[tomcat-embed-core-11.0.18.jar:11.0.18]
	at org.apache.tomcat.util.threads.ThreadPoolExecutor$Worker.run(ThreadPoolExecutor.java:480) ~[tomcat-embed-core-11.0.18.jar:11.0.18]
	at org.apache.tomcat.util.threads.TaskThread$WrappingRunnable.run(TaskThread.java:57) ~[tomcat-embed-core-11.0.18.jar:11.0.18]
	at java.base/java.lang.Thread.run(Thread.java:1583) ~[na:na]

2026-03-30T08:31:45.406+08:00  INFO 36188 --- [doctor-service] [http-nio-9002-exec-1] c.c.d.aspect.BusinessLogAspect           : [业务] 排班查询 - ScheduleServiceImpl.findDetailByDate - 查询排班详情（缓存优化）
2026-03-30T08:31:46.066+08:00  INFO 36188 --- [doctor-service] [http-nio-9002-exec-1] c.c.d.aspect.BusinessLogAspect           : [业务完成] 耗时：660ms - 状态：成功
2026-03-30T08:31:52.391+08:00  INFO 10880 --- [user-service] [http-nio-9003-exec-4] c.c.u.aspect.BusinessLogAspect           : ========== 业务操作开始 ==========
2026-03-30T08:31:52.391+08:00  INFO 10880 --- [user-service] [http-nio-9003-exec-4] c.c.u.aspect.BusinessLogAspect           : 时间：2026-03-30 08:31:52.391
2026-03-30T08:31:52.391+08:00  INFO 10880 --- [user-service] [http-nio-9003-exec-4] c.c.u.aspect.BusinessLogAspect           : 接口：GET /user/patient/list
2026-03-30T08:31:52.391+08:00  INFO 10880 --- [user-service] [http-nio-9003-exec-4] c.c.u.aspect.BusinessLogAspect           : 类名：PatientServiceImpl.getPatients
2026-03-30T08:31:52.391+08:00  INFO 10880 --- [user-service] [http-nio-9003-exec-4] c.c.u.aspect.BusinessLogAspect           : 业务描述：查询就诊人列表
2026-03-30T08:31:52.391+08:00  INFO 10880 --- [user-service] [http-nio-9003-exec-4] c.c.u.aspect.BusinessLogAspect           : 业务类型：就诊人管理
2026-03-30T08:31:52.391+08:00  INFO 10880 --- [user-service] [http-nio-9003-exec-4] c.c.u.aspect.BusinessLogAspect           : 请求参数：[2038244988630581249]
2026-03-30T08:31:52.408+08:00  INFO 10880 --- [user-service] [http-nio-9003-exec-4] c.c.u.aspect.BusinessLogAspect           : ========== 业务操作结束 ==========
2026-03-30T08:31:52.408+08:00  INFO 10880 --- [user-service] [http-nio-9003-exec-4] c.c.u.aspect.BusinessLogAspect           : 执行耗时：17ms
2026-03-30T08:31:52.408+08:00  INFO 10880 --- [user-service] [http-nio-9003-exec-4] c.c.u.aspect.BusinessLogAspect           : 执行状态：成功
2026-03-30T08:31:53.139+08:00  INFO 26172 --- [order-service] [http-nio-9004-exec-1] c.c.o.aspect.BusinessLogAspect           : ========== 业务操作开始 ==========
2026-03-30T08:31:53.139+08:00  INFO 26172 --- [order-service] [http-nio-9004-exec-1] c.c.o.aspect.BusinessLogAspect           : 时间：2026-03-30 08:31:53.139
2026-03-30T08:31:53.139+08:00  INFO 26172 --- [order-service] [http-nio-9004-exec-1] c.c.o.aspect.BusinessLogAspect           : 接口：POST /order/create
2026-03-30T08:31:53.139+08:00  INFO 26172 --- [order-service] [http-nio-9004-exec-1] c.c.o.aspect.BusinessLogAspect           : 类名：OrderServiceImpl.createOrder
2026-03-30T08:31:53.139+08:00  INFO 26172 --- [order-service] [http-nio-9004-exec-1] c.c.o.aspect.BusinessLogAspect           : 业务描述：创建订单（MQ 异步）
2026-03-30T08:31:53.139+08:00  INFO 26172 --- [order-service] [http-nio-9004-exec-1] c.c.o.aspect.BusinessLogAspect           : 业务类型：订单管理
2026-03-30T08:31:53.139+08:00  INFO 26172 --- [order-service] [http-nio-9004-exec-1] c.c.o.aspect.BusinessLogAspect           : 请求参数：[2038244988630581249,5582809098074281,202603302060]
2026-03-30T08:31:53.321+08:00  INFO 36188 --- [doctor-service] [http-nio-9002-exec-2] c.c.d.aspect.BusinessLogAspect           : [业务] 挂号下单 - ScheduleServiceImpl.deductAvailableNum - 扣减号源库存
2026-03-30T08:31:53.540+08:00  INFO 10880 --- [user-service] [http-nio-9003-exec-5] c.c.u.aspect.BusinessLogAspect           : ========== 业务操作开始 ==========
2026-03-30T08:31:53.540+08:00  INFO 10880 --- [user-service] [http-nio-9003-exec-5] c.c.u.aspect.BusinessLogAspect           : 时间：2026-03-30 08:31:53.540
2026-03-30T08:31:53.541+08:00  INFO 10880 --- [user-service] [http-nio-9003-exec-5] c.c.u.aspect.BusinessLogAspect           : 接口：GET /user/patient/list
2026-03-30T08:31:53.541+08:00  INFO 10880 --- [user-service] [http-nio-9003-exec-5] c.c.u.aspect.BusinessLogAspect           : 类名：PatientServiceImpl.getPatients
2026-03-30T08:31:53.541+08:00  INFO 10880 --- [user-service] [http-nio-9003-exec-5] c.c.u.aspect.BusinessLogAspect           : 业务描述：查询就诊人列表
2026-03-30T08:31:53.541+08:00  INFO 10880 --- [user-service] [http-nio-9003-exec-5] c.c.u.aspect.BusinessLogAspect           : 业务类型：就诊人管理
2026-03-30T08:31:53.541+08:00  INFO 10880 --- [user-service] [http-nio-9003-exec-5] c.c.u.aspect.BusinessLogAspect           : 请求参数：[2038244988630581249]
2026-03-30T08:31:53.543+08:00  INFO 10880 --- [user-service] [http-nio-9003-exec-5] c.c.u.aspect.BusinessLogAspect           : ========== 业务操作结束 ==========
2026-03-30T08:31:53.543+08:00  INFO 10880 --- [user-service] [http-nio-9003-exec-5] c.c.u.aspect.BusinessLogAspect           : 执行耗时：2ms
2026-03-30T08:31:53.543+08:00  INFO 10880 --- [user-service] [http-nio-9003-exec-5] c.c.u.aspect.BusinessLogAspect           : 执行状态：成功
2026-03-30T08:31:53.659+08:00  INFO 26172 --- [order-service] [http-nio-9004-exec-1] c.c.o.aspect.BusinessLogAspect           : ========== 业务操作结束 ==========
2026-03-30T08:31:53.659+08:00  INFO 26172 --- [order-service] [http-nio-9004-exec-1] c.c.o.aspect.BusinessLogAspect           : 执行耗时：520ms
2026-03-30T08:31:53.659+08:00  INFO 26172 --- [order-service] [http-nio-9004-exec-1] c.c.o.aspect.BusinessLogAspect           : 执行状态：成功
2026-03-30T08:31:54.488+08:00  INFO 36188 --- [doctor-service] [http-nio-9002-exec-4] c.c.d.aspect.BusinessLogAspect           : [业务] 排班查询 - ScheduleServiceImpl.findDetailByDate - 查询排班详情（缓存优化）
2026-03-30T08:32:04.192+08:00  INFO 26172 --- [order-service] [http-nio-9004-exec-2] c.c.o.aspect.BusinessLogAspect           : ========== 业务操作开始 ==========
2026-03-30T08:32:04.192+08:00  INFO 26172 --- [order-service] [http-nio-9004-exec-2] c.c.o.aspect.BusinessLogAspect           : 时间：2026-03-30 08:32:04.192
2026-03-30T08:32:04.192+08:00  INFO 26172 --- [order-service] [http-nio-9004-exec-2] c.c.o.aspect.BusinessLogAspect           : 接口：GET /order/list
2026-03-30T08:32:04.192+08:00  INFO 26172 --- [order-service] [http-nio-9004-exec-2] c.c.o.aspect.BusinessLogAspect           : 类名：OrderServiceImpl.getOrders
2026-03-30T08:32:04.192+08:00  INFO 26172 --- [order-service] [http-nio-9004-exec-2] c.c.o.aspect.BusinessLogAspect           : 业务描述：查询用户订单列表
2026-03-30T08:32:04.192+08:00  INFO 26172 --- [order-service] [http-nio-9004-exec-2] c.c.o.aspect.BusinessLogAspect           : 业务类型：订单查询
2026-03-30T08:32:04.192+08:00  INFO 26172 --- [order-service] [http-nio-9004-exec-2] c.c.o.aspect.BusinessLogAspect           : 请求参数：[2038244988630581249]
2026-03-30T08:32:04.216+08:00  INFO 26172 --- [order-service] [http-nio-9004-exec-2] c.c.o.aspect.BusinessLogAspect           : ========== 业务操作结束 ==========
2026-03-30T08:32:04.216+08:00  INFO 26172 --- [order-service] [http-nio-9004-exec-2] c.c.o.aspect.BusinessLogAspect           : 执行耗时：24ms
2026-03-30T08:32:04.216+08:00  INFO 26172 --- [order-service] [http-nio-9004-exec-2] c.c.o.aspect.BusinessLogAspect           : 执行状态：成功
2026-03-30T08:32:21.203+08:00  INFO 26172 --- [order-service] [http-nio-9004-exec-3] c.c.o.aspect.BusinessLogAspect           : ========== 业务操作开始 ==========
2026-03-30T08:32:21.203+08:00  INFO 26172 --- [order-service] [http-nio-9004-exec-3] c.c.o.aspect.BusinessLogAspect           : 时间：2026-03-30 08:32:21.203
2026-03-30T08:32:21.203+08:00  INFO 26172 --- [order-service] [http-nio-9004-exec-3] c.c.o.aspect.BusinessLogAspect           : 接口：GET /order/list
2026-03-30T08:32:21.203+08:00  INFO 26172 --- [order-service] [http-nio-9004-exec-3] c.c.o.aspect.BusinessLogAspect           : 类名：OrderServiceImpl.getOrders
2026-03-30T08:32:21.203+08:00  INFO 26172 --- [order-service] [http-nio-9004-exec-3] c.c.o.aspect.BusinessLogAspect           : 业务描述：查询用户订单列表
2026-03-30T08:32:21.203+08:00  INFO 26172 --- [order-service] [http-nio-9004-exec-3] c.c.o.aspect.BusinessLogAspect           : 业务类型：订单查询
2026-03-30T08:32:21.203+08:00  INFO 26172 --- [order-service] [http-nio-9004-exec-3] c.c.o.aspect.BusinessLogAspect           : 请求参数：[2038244988630581249]
2026-03-30T08:32:21.209+08:00  INFO 26172 --- [order-service] [http-nio-9004-exec-3] c.c.o.aspect.BusinessLogAspect           : ========== 业务操作结束 ==========
2026-03-30T08:32:21.209+08:00  INFO 26172 --- [order-service] [http-nio-9004-exec-3] c.c.o.aspect.BusinessLogAspect           : 执行耗时：6ms
2026-03-30T08:32:21.209+08:00  INFO 26172 --- [order-service] [http-nio-9004-exec-3] c.c.o.aspect.BusinessLogAspect           : 执行状态：成功
2026-03-30T08:32:56.643+08:00  INFO 26172 --- [order-service] [http-nio-9004-exec-4] c.c.o.aspect.BusinessLogAspect           : ========== 业务操作开始 ==========
2026-03-30T08:32:56.643+08:00  INFO 26172 --- [order-service] [http-nio-9004-exec-4] c.c.o.aspect.BusinessLogAspect           : 时间：2026-03-30 08:32:56.643
2026-03-30T08:32:56.643+08:00  INFO 26172 --- [order-service] [http-nio-9004-exec-4] c.c.o.aspect.BusinessLogAspect           : 接口：GET /order/list
2026-03-30T08:32:56.643+08:00  INFO 26172 --- [order-service] [http-nio-9004-exec-4] c.c.o.aspect.BusinessLogAspect           : 类名：OrderServiceImpl.getOrders
2026-03-30T08:32:56.643+08:00  INFO 26172 --- [order-service] [http-nio-9004-exec-4] c.c.o.aspect.BusinessLogAspect           : 业务描述：查询用户订单列表
2026-03-30T08:32:56.643+08:00  INFO 26172 --- [order-service] [http-nio-9004-exec-4] c.c.o.aspect.BusinessLogAspect           : 业务类型：订单查询
2026-03-30T08:32:56.643+08:00  INFO 26172 --- [order-service] [http-nio-9004-exec-4] c.c.o.aspect.BusinessLogAspect           : 请求参数：[2038244988630581249]
2026-03-30T08:32:56.650+08:00  INFO 26172 --- [order-service] [http-nio-9004-exec-4] c.c.o.aspect.BusinessLogAspect           : ========== 业务操作结束 ==========
2026-03-30T08:32:56.650+08:00  INFO 26172 --- [order-service] [http-nio-9004-exec-4] c.c.o.aspect.BusinessLogAspect           : 执行耗时：7ms
2026-03-30T08:32:56.650+08:00  INFO 26172 --- [order-service] [http-nio-9004-exec-4] c.c.o.aspect.BusinessLogAspect           : 执行状态：成功
2026-03-30T08:32:58.943+08:00  INFO 10880 --- [user-service] [http-nio-9003-exec-8] c.c.u.aspect.BusinessLogAspect           : ========== 业务操作开始 ==========
2026-03-30T08:32:58.943+08:00  INFO 10880 --- [user-service] [http-nio-9003-exec-8] c.c.u.aspect.BusinessLogAspect           : 时间：2026-03-30 08:32:58.943
2026-03-30T08:32:58.943+08:00  INFO 10880 --- [user-service] [http-nio-9003-exec-8] c.c.u.aspect.BusinessLogAspect           : 接口：GET /user/patient/list
2026-03-30T08:32:58.943+08:00  INFO 10880 --- [user-service] [http-nio-9003-exec-8] c.c.u.aspect.BusinessLogAspect           : 类名：PatientServiceImpl.getPatients
2026-03-30T08:32:58.943+08:00  INFO 10880 --- [user-service] [http-nio-9003-exec-8] c.c.u.aspect.BusinessLogAspect           : 业务描述：查询就诊人列表
2026-03-30T08:32:58.943+08:00  INFO 10880 --- [user-service] [http-nio-9003-exec-8] c.c.u.aspect.BusinessLogAspect           : 业务类型：就诊人管理
2026-03-30T08:32:58.943+08:00  INFO 10880 --- [user-service] [http-nio-9003-exec-8] c.c.u.aspect.BusinessLogAspect           : 请求参数：[2038244988630581249]
2026-03-30T08:32:58.946+08:00  INFO 10880 --- [user-service] [http-nio-9003-exec-8] c.c.u.aspect.BusinessLogAspect           : ========== 业务操作结束 ==========
2026-03-30T08:32:58.946+08:00  INFO 10880 --- [user-service] [http-nio-9003-exec-8] c.c.u.aspect.BusinessLogAspect           : 执行耗时：3ms
2026-03-30T08:32:58.946+08:00  INFO 10880 --- [user-service] [http-nio-9003-exec-8] c.c.u.aspect.BusinessLogAspect           : 执行状态：成功
2026-03-30T08:33:01.476+08:00  INFO 26172 --- [order-service] [http-nio-9004-exec-8] c.c.o.aspect.BusinessLogAspect           : ========== 业务操作开始 ==========
2026-03-30T08:33:01.476+08:00  INFO 26172 --- [order-service] [http-nio-9004-exec-8] c.c.o.aspect.BusinessLogAspect           : 时间：2026-03-30 08:33:01.476
2026-03-30T08:33:01.476+08:00  INFO 26172 --- [order-service] [http-nio-9004-exec-8] c.c.o.aspect.BusinessLogAspect           : 接口：GET /order/list
2026-03-30T08:33:01.476+08:00  INFO 26172 --- [order-service] [http-nio-9004-exec-8] c.c.o.aspect.BusinessLogAspect           : 类名：OrderServiceImpl.getOrders
2026-03-30T08:33:01.476+08:00  INFO 26172 --- [order-service] [http-nio-9004-exec-8] c.c.o.aspect.BusinessLogAspect           : 业务描述：查询用户订单列表
2026-03-30T08:33:01.476+08:00  INFO 26172 --- [order-service] [http-nio-9004-exec-8] c.c.o.aspect.BusinessLogAspect           : 业务类型：订单查询
2026-03-30T08:33:01.476+08:00  INFO 26172 --- [order-service] [http-nio-9004-exec-8] c.c.o.aspect.BusinessLogAspect           : 请求参数：[2038244988630581249]
2026-03-30T08:33:01.481+08:00  INFO 26172 --- [order-service] [http-nio-9004-exec-8] c.c.o.aspect.BusinessLogAspect           : ========== 业务操作结束 ==========
2026-03-30T08:33:01.481+08:00  INFO 26172 --- [order-service] [http-nio-9004-exec-8] c.c.o.aspect.BusinessLogAspect           : 执行耗时：5ms
2026-03-30T08:33:01.481+08:00  INFO 26172 --- [order-service] [http-nio-9004-exec-8] c.c.o.aspect.BusinessLogAspect           : 执行状态：成功
2026-03-30T08:33:16.009+08:00  INFO 36188 --- [doctor-service] [http-nio-9002-exec-7] c.c.d.aspect.BusinessLogAspect           : [业务] 排班查询 - ScheduleServiceImpl.findDetailByDate - 查询排班详情（缓存优化）
2026-03-30T08:33:18.891+08:00  INFO 10880 --- [user-service] [http-nio-9003-exec-9] c.c.u.aspect.BusinessLogAspect           : ========== 业务操作开始 ==========
2026-03-30T08:33:18.891+08:00  INFO 10880 --- [user-service] [http-nio-9003-exec-9] c.c.u.aspect.BusinessLogAspect           : 时间：2026-03-30 08:33:18.891
2026-03-30T08:33:18.891+08:00  INFO 10880 --- [user-service] [http-nio-9003-exec-9] c.c.u.aspect.BusinessLogAspect           : 接口：GET /user/patient/list
2026-03-30T08:33:18.891+08:00  INFO 10880 --- [user-service] [http-nio-9003-exec-9] c.c.u.aspect.BusinessLogAspect           : 类名：PatientServiceImpl.getPatients
2026-03-30T08:33:18.891+08:00  INFO 10880 --- [user-service] [http-nio-9003-exec-9] c.c.u.aspect.BusinessLogAspect           : 业务描述：查询就诊人列表
2026-03-30T08:33:18.891+08:00  INFO 10880 --- [user-service] [http-nio-9003-exec-9] c.c.u.aspect.BusinessLogAspect           : 业务类型：就诊人管理
2026-03-30T08:33:18.891+08:00  INFO 10880 --- [user-service] [http-nio-9003-exec-9] c.c.u.aspect.BusinessLogAspect           : 请求参数：[2038244988630581249]
2026-03-30T08:33:18.894+08:00  INFO 10880 --- [user-service] [http-nio-9003-exec-9] c.c.u.aspect.BusinessLogAspect           : ========== 业务操作结束 ==========
2026-03-30T08:33:18.894+08:00  INFO 10880 --- [user-service] [http-nio-9003-exec-9] c.c.u.aspect.BusinessLogAspect           : 执行耗时：3ms
2026-03-30T08:33:18.895+08:00  INFO 10880 --- [user-service] [http-nio-9003-exec-9] c.c.u.aspect.BusinessLogAspect           : 执行状态：成功
2026-03-30T08:33:19.520+08:00  INFO 26172 --- [order-service] [http-nio-9004-exec-6] c.c.o.aspect.BusinessLogAspect           : ========== 业务操作开始 ==========
2026-03-30T08:33:19.520+08:00  INFO 26172 --- [order-service] [http-nio-9004-exec-6] c.c.o.aspect.BusinessLogAspect           : 时间：2026-03-30 08:33:19.520
2026-03-30T08:33:19.520+08:00  INFO 26172 --- [order-service] [http-nio-9004-exec-6] c.c.o.aspect.BusinessLogAspect           : 接口：POST /order/create
2026-03-30T08:33:19.520+08:00  INFO 26172 --- [order-service] [http-nio-9004-exec-6] c.c.o.aspect.BusinessLogAspect           : 类名：OrderServiceImpl.createOrder
2026-03-30T08:33:19.520+08:00  INFO 26172 --- [order-service] [http-nio-9004-exec-6] c.c.o.aspect.BusinessLogAspect           : 业务描述：创建订单（MQ 异步）
2026-03-30T08:33:19.520+08:00  INFO 26172 --- [order-service] [http-nio-9004-exec-6] c.c.o.aspect.BusinessLogAspect           : 业务类型：订单管理
2026-03-30T08:33:19.520+08:00  INFO 26172 --- [order-service] [http-nio-9004-exec-6] c.c.o.aspect.BusinessLogAspect           : 请求参数：[2038244988630581249,5582809098074281,202603302066]
2026-03-30T08:33:19.524+08:00  INFO 36188 --- [doctor-service] [http-nio-9002-exec-8] c.c.d.aspect.BusinessLogAspect           : [业务] 挂号下单 - ScheduleServiceImpl.deductAvailableNum - 扣减号源库存
2026-03-30T08:33:19.536+08:00  INFO 10880 --- [user-service] [http-nio-9003-exec-10] c.c.u.aspect.BusinessLogAspect           : ========== 业务操作开始 ==========
2026-03-30T08:33:19.536+08:00  INFO 10880 --- [user-service] [http-nio-9003-exec-10] c.c.u.aspect.BusinessLogAspect           : 时间：2026-03-30 08:33:19.536
2026-03-30T08:33:19.536+08:00  INFO 10880 --- [user-service] [http-nio-9003-exec-10] c.c.u.aspect.BusinessLogAspect           : 接口：GET /user/patient/list
2026-03-30T08:33:19.536+08:00  INFO 10880 --- [user-service] [http-nio-9003-exec-10] c.c.u.aspect.BusinessLogAspect           : 类名：PatientServiceImpl.getPatients
2026-03-30T08:33:19.536+08:00  INFO 10880 --- [user-service] [http-nio-9003-exec-10] c.c.u.aspect.BusinessLogAspect           : 业务描述：查询就诊人列表
2026-03-30T08:33:19.536+08:00  INFO 10880 --- [user-service] [http-nio-9003-exec-10] c.c.u.aspect.BusinessLogAspect           : 业务类型：就诊人管理
2026-03-30T08:33:19.536+08:00  INFO 10880 --- [user-service] [http-nio-9003-exec-10] c.c.u.aspect.BusinessLogAspect           : 请求参数：[2038244988630581249]
2026-03-30T08:33:19.538+08:00  INFO 10880 --- [user-service] [http-nio-9003-exec-10] c.c.u.aspect.BusinessLogAspect           : ========== 业务操作结束 ==========
2026-03-30T08:33:19.538+08:00  INFO 10880 --- [user-service] [http-nio-9003-exec-10] c.c.u.aspect.BusinessLogAspect           : 执行耗时：2ms
2026-03-30T08:33:19.538+08:00  INFO 10880 --- [user-service] [http-nio-9003-exec-10] c.c.u.aspect.BusinessLogAspect           : 执行状态：成功
2026-03-30T08:33:19.563+08:00  INFO 26172 --- [order-service] [http-nio-9004-exec-6] c.c.o.aspect.BusinessLogAspect           : ========== 业务操作结束 ==========
2026-03-30T08:33:19.563+08:00  INFO 26172 --- [order-service] [http-nio-9004-exec-6] c.c.o.aspect.BusinessLogAspect           : 执行耗时：42ms
2026-03-30T08:33:19.563+08:00  INFO 26172 --- [order-service] [http-nio-9004-exec-6] c.c.o.aspect.BusinessLogAspect           : 执行状态：成功
2026-03-30T08:33:20.462+08:00  INFO 36188 --- [doctor-service] [http-nio-9002-exec-10] c.c.d.aspect.BusinessLogAspect           : [业务] 排班查询 - ScheduleServiceImpl.findDetailByDate - 查询排班详情（缓存优化）
2026-03-30T08:35:35.686+08:00  INFO 36188 --- [doctor-service] [http-nio-9002-exec-3] c.c.d.aspect.BusinessLogAspect           : [业务] 排班查询 - ScheduleServiceImpl.findDetailByDate - 查询排班详情（缓存优化）
2026-03-30T08:35:36.998+08:00  INFO 36180 --- [order-service] [http-nio-9004-exec-1] c.c.o.aspect.BusinessLogAspect           : ========== 业务操作开始 ==========
2026-03-30T08:35:36.999+08:00  INFO 36180 --- [order-service] [http-nio-9004-exec-1] c.c.o.aspect.BusinessLogAspect           : 时间：2026-03-30 08:35:36.998
2026-03-30T08:35:36.999+08:00  INFO 36180 --- [order-service] [http-nio-9004-exec-1] c.c.o.aspect.BusinessLogAspect           : 接口：GET /order/list
2026-03-30T08:35:36.999+08:00  INFO 36180 --- [order-service] [http-nio-9004-exec-1] c.c.o.aspect.BusinessLogAspect           : 类名：OrderServiceImpl.getOrders
2026-03-30T08:35:36.999+08:00  INFO 36180 --- [order-service] [http-nio-9004-exec-1] c.c.o.aspect.BusinessLogAspect           : 业务描述：查询用户订单列表
2026-03-30T08:35:36.999+08:00  INFO 36180 --- [order-service] [http-nio-9004-exec-1] c.c.o.aspect.BusinessLogAspect           : 业务类型：订单查询
2026-03-30T08:35:36.999+08:00  INFO 36180 --- [order-service] [http-nio-9004-exec-1] c.c.o.aspect.BusinessLogAspect           : 请求参数：[2038244988630581249]
2026-03-30T08:35:37.861+08:00  INFO 36180 --- [order-service] [http-nio-9004-exec-1] c.c.o.aspect.BusinessLogAspect           : ========== 业务操作结束 ==========
2026-03-30T08:35:37.861+08:00  INFO 36180 --- [order-service] [http-nio-9004-exec-1] c.c.o.aspect.BusinessLogAspect           : 执行耗时：862ms
2026-03-30T08:35:37.861+08:00  INFO 36180 --- [order-service] [http-nio-9004-exec-1] c.c.o.aspect.BusinessLogAspect           : 执行状态：成功
2026-03-30T08:35:39.988+08:00  INFO 36188 --- [doctor-service] [http-nio-9002-exec-4] c.c.d.aspect.BusinessLogAspect           : [业务] 排班查询 - ScheduleServiceImpl.findDetailByDate - 查询排班详情（缓存优化）
2026-03-30T08:35:41.607+08:00  INFO 10880 --- [user-service] [http-nio-9003-exec-3] c.c.u.aspect.BusinessLogAspect           : ========== 业务操作开始 ==========
2026-03-30T08:35:41.607+08:00  INFO 10880 --- [user-service] [http-nio-9003-exec-3] c.c.u.aspect.BusinessLogAspect           : 时间：2026-03-30 08:35:41.607
2026-03-30T08:35:41.607+08:00  INFO 10880 --- [user-service] [http-nio-9003-exec-3] c.c.u.aspect.BusinessLogAspect           : 接口：GET /user/patient/list
2026-03-30T08:35:41.607+08:00  INFO 10880 --- [user-service] [http-nio-9003-exec-3] c.c.u.aspect.BusinessLogAspect           : 类名：PatientServiceImpl.getPatients
2026-03-30T08:35:41.607+08:00  INFO 10880 --- [user-service] [http-nio-9003-exec-3] c.c.u.aspect.BusinessLogAspect           : 业务描述：查询就诊人列表
2026-03-30T08:35:41.607+08:00  INFO 10880 --- [user-service] [http-nio-9003-exec-3] c.c.u.aspect.BusinessLogAspect           : 业务类型：就诊人管理
2026-03-30T08:35:41.608+08:00  INFO 10880 --- [user-service] [http-nio-9003-exec-3] c.c.u.aspect.BusinessLogAspect           : 请求参数：[2038244988630581249]
2026-03-30T08:35:41.610+08:00  INFO 10880 --- [user-service] [http-nio-9003-exec-3] c.c.u.aspect.BusinessLogAspect           : ========== 业务操作结束 ==========
2026-03-30T08:35:41.610+08:00  INFO 10880 --- [user-service] [http-nio-9003-exec-3] c.c.u.aspect.BusinessLogAspect           : 执行耗时：2ms
2026-03-30T08:35:41.610+08:00  INFO 10880 --- [user-service] [http-nio-9003-exec-3] c.c.u.aspect.BusinessLogAspect           : 执行状态：成功
2026-03-30T08:35:42.131+08:00  INFO 36180 --- [order-service] [http-nio-9004-exec-2] c.c.o.aspect.BusinessLogAspect           : ========== 业务操作开始 ==========
2026-03-30T08:35:42.131+08:00  INFO 36180 --- [order-service] [http-nio-9004-exec-2] c.c.o.aspect.BusinessLogAspect           : 时间：2026-03-30 08:35:42.131
2026-03-30T08:35:42.131+08:00  INFO 36180 --- [order-service] [http-nio-9004-exec-2] c.c.o.aspect.BusinessLogAspect           : 接口：POST /order/create
2026-03-30T08:35:42.131+08:00  INFO 36180 --- [order-service] [http-nio-9004-exec-2] c.c.o.aspect.BusinessLogAspect           : 类名：OrderServiceImpl.createOrder
2026-03-30T08:35:42.131+08:00  INFO 36180 --- [order-service] [http-nio-9004-exec-2] c.c.o.aspect.BusinessLogAspect           : 业务描述：创建订单（MQ 异步）
2026-03-30T08:35:42.131+08:00  INFO 36180 --- [order-service] [http-nio-9004-exec-2] c.c.o.aspect.BusinessLogAspect           : 业务类型：订单管理
2026-03-30T08:35:42.131+08:00  INFO 36180 --- [order-service] [http-nio-9004-exec-2] c.c.o.aspect.BusinessLogAspect           : 请求参数：[2038244988630581249,5582809098074281,202603302068]
2026-03-30T08:35:42.262+08:00  INFO 36188 --- [doctor-service] [http-nio-9002-exec-6] c.c.d.aspect.BusinessLogAspect           : [业务] 挂号下单 - ScheduleServiceImpl.deductAvailableNum - 扣减号源库存
2026-03-30T08:35:42.357+08:00  INFO 10880 --- [user-service] [http-nio-9003-exec-4] c.c.u.aspect.BusinessLogAspect           : ========== 业务操作开始 ==========
2026-03-30T08:35:42.357+08:00  INFO 10880 --- [user-service] [http-nio-9003-exec-4] c.c.u.aspect.BusinessLogAspect           : 时间：2026-03-30 08:35:42.357
2026-03-30T08:35:42.357+08:00  INFO 10880 --- [user-service] [http-nio-9003-exec-4] c.c.u.aspect.BusinessLogAspect           : 接口：GET /user/patient/list
2026-03-30T08:35:42.357+08:00  INFO 10880 --- [user-service] [http-nio-9003-exec-4] c.c.u.aspect.BusinessLogAspect           : 类名：PatientServiceImpl.getPatients
2026-03-30T08:35:42.357+08:00  INFO 10880 --- [user-service] [http-nio-9003-exec-4] c.c.u.aspect.BusinessLogAspect           : 业务描述：查询就诊人列表
2026-03-30T08:35:42.357+08:00  INFO 10880 --- [user-service] [http-nio-9003-exec-4] c.c.u.aspect.BusinessLogAspect           : 业务类型：就诊人管理
2026-03-30T08:35:42.357+08:00  INFO 10880 --- [user-service] [http-nio-9003-exec-4] c.c.u.aspect.BusinessLogAspect           : 请求参数：[2038244988630581249]
2026-03-30T08:35:42.359+08:00  INFO 10880 --- [user-service] [http-nio-9003-exec-4] c.c.u.aspect.BusinessLogAspect           : ========== 业务操作结束 ==========
2026-03-30T08:35:42.359+08:00  INFO 10880 --- [user-service] [http-nio-9003-exec-4] c.c.u.aspect.BusinessLogAspect           : 执行耗时：2ms
2026-03-30T08:35:42.359+08:00  INFO 10880 --- [user-service] [http-nio-9003-exec-4] c.c.u.aspect.BusinessLogAspect           : 执行状态：成功
2026-03-30T08:35:42.474+08:00  INFO 36180 --- [order-service] [http-nio-9004-exec-2] c.c.o.aspect.BusinessLogAspect           : ========== 业务操作结束 ==========
2026-03-30T08:35:42.474+08:00  INFO 36180 --- [order-service] [http-nio-9004-exec-2] c.c.o.aspect.BusinessLogAspect           : 执行耗时：343ms
2026-03-30T08:35:42.474+08:00  INFO 36180 --- [order-service] [http-nio-9004-exec-2] c.c.o.aspect.BusinessLogAspect           : 执行状态：成功
2026-03-30T08:35:43.329+08:00  INFO 36188 --- [doctor-service] [http-nio-9002-exec-7] c.c.d.aspect.BusinessLogAspect           : [业务] 排班查询 - ScheduleServiceImpl.findDetailByDate - 查询排班详情（缓存优化）
2026-03-30T08:35:44.260+08:00  INFO 36180 --- [order-service] [http-nio-9004-exec-3] c.c.o.aspect.BusinessLogAspect           : ========== 业务操作开始 ==========
2026-03-30T08:35:44.260+08:00  INFO 36180 --- [order-service] [http-nio-9004-exec-3] c.c.o.aspect.BusinessLogAspect           : 时间：2026-03-30 08:35:44.260
2026-03-30T08:35:44.260+08:00  INFO 36180 --- [order-service] [http-nio-9004-exec-3] c.c.o.aspect.BusinessLogAspect           : 接口：GET /order/list
2026-03-30T08:35:44.260+08:00  INFO 36180 --- [order-service] [http-nio-9004-exec-3] c.c.o.aspect.BusinessLogAspect           : 类名：OrderServiceImpl.getOrders
2026-03-30T08:35:44.260+08:00  INFO 36180 --- [order-service] [http-nio-9004-exec-3] c.c.o.aspect.BusinessLogAspect           : 业务描述：查询用户订单列表
2026-03-30T08:35:44.260+08:00  INFO 36180 --- [order-service] [http-nio-9004-exec-3] c.c.o.aspect.BusinessLogAspect           : 业务类型：订单查询
2026-03-30T08:35:44.260+08:00  INFO 36180 --- [order-service] [http-nio-9004-exec-3] c.c.o.aspect.BusinessLogAspect           : 请求参数：[2038244988630581249]
2026-03-30T08:35:44.308+08:00  INFO 36180 --- [order-service] [http-nio-9004-exec-3] c.c.o.aspect.BusinessLogAspect           : ========== 业务操作结束 ==========
2026-03-30T08:35:44.308+08:00  INFO 36180 --- [order-service] [http-nio-9004-exec-3] c.c.o.aspect.BusinessLogAspect           : 执行耗时：48ms
2026-03-30T08:35:44.308+08:00  INFO 36180 --- [order-service] [http-nio-9004-exec-3] c.c.o.aspect.BusinessLogAspect           : 执行状态：成功
2026-03-30T08:36:02.821+08:00  INFO 36188 --- [doctor-service] [http-nio-9002-exec-8] c.c.d.aspect.BusinessLogAspect           : [业务] 排班查询 - ScheduleServiceImpl.findDetailByDate - 查询排班详情（缓存优化）
2026-03-30T08:49:15.425+08:00  INFO 30056 --- [doctor-service] [http-nio-9002-exec-1] c.c.d.aspect.BusinessLogAspect           : [业务] 排班查询 - ScheduleServiceImpl.findDetailByDate - 查询排班详情（缓存优化）
2026-03-30T08:49:15.707+08:00  INFO 30056 --- [doctor-service] [http-nio-9002-exec-1] c.c.d.aspect.BusinessLogAspect           : [业务完成] 耗时：282ms - 状态：成功
2026-03-30T08:49:16.492+08:00  INFO 30056 --- [doctor-service] [http-nio-9002-exec-2] c.c.d.aspect.BusinessLogAspect           : [业务] 排班查询 - ScheduleServiceImpl.findDetailByDate - 查询排班详情（缓存优化）
2026-03-30T08:49:37.958+08:00  INFO 10880 --- [user-service] [http-nio-9003-exec-7] c.c.u.aspect.BusinessLogAspect           : ========== 业务操作开始 ==========
2026-03-30T08:49:37.958+08:00  INFO 10880 --- [user-service] [http-nio-9003-exec-7] c.c.u.aspect.BusinessLogAspect           : 时间：2026-03-30 08:49:37.958
2026-03-30T08:49:37.958+08:00  INFO 10880 --- [user-service] [http-nio-9003-exec-7] c.c.u.aspect.BusinessLogAspect           : 接口：GET /user/patient/list
2026-03-30T08:49:37.958+08:00  INFO 10880 --- [user-service] [http-nio-9003-exec-7] c.c.u.aspect.BusinessLogAspect           : 类名：PatientServiceImpl.getPatients
2026-03-30T08:49:37.958+08:00  INFO 10880 --- [user-service] [http-nio-9003-exec-7] c.c.u.aspect.BusinessLogAspect           : 业务描述：查询就诊人列表
2026-03-30T08:49:37.958+08:00  INFO 10880 --- [user-service] [http-nio-9003-exec-7] c.c.u.aspect.BusinessLogAspect           : 业务类型：就诊人管理
2026-03-30T08:49:37.958+08:00  INFO 10880 --- [user-service] [http-nio-9003-exec-7] c.c.u.aspect.BusinessLogAspect           : 请求参数：[2038244988630581249]
2026-03-30T08:49:37.962+08:00  INFO 10880 --- [user-service] [http-nio-9003-exec-7] c.c.u.aspect.BusinessLogAspect           : ========== 业务操作结束 ==========
2026-03-30T08:49:37.962+08:00  INFO 10880 --- [user-service] [http-nio-9003-exec-7] c.c.u.aspect.BusinessLogAspect           : 执行耗时：4ms
2026-03-30T08:49:37.962+08:00  INFO 10880 --- [user-service] [http-nio-9003-exec-7] c.c.u.aspect.BusinessLogAspect           : 执行状态：成功
2026-03-30T08:49:40.673+08:00  INFO 40796 --- [order-service] [http-nio-9004-exec-1] c.c.o.aspect.BusinessLogAspect           : ========== 业务操作开始 ==========
2026-03-30T08:49:40.675+08:00  INFO 40796 --- [order-service] [http-nio-9004-exec-1] c.c.o.aspect.BusinessLogAspect           : 时间：2026-03-30 08:49:40.675
2026-03-30T08:49:40.675+08:00  INFO 40796 --- [order-service] [http-nio-9004-exec-1] c.c.o.aspect.BusinessLogAspect           : 接口：GET /order/list
2026-03-30T08:49:40.675+08:00  INFO 40796 --- [order-service] [http-nio-9004-exec-1] c.c.o.aspect.BusinessLogAspect           : 类名：OrderServiceImpl.getOrders
2026-03-30T08:49:40.675+08:00  INFO 40796 --- [order-service] [http-nio-9004-exec-1] c.c.o.aspect.BusinessLogAspect           : 业务描述：查询用户订单列表
2026-03-30T08:49:40.675+08:00  INFO 40796 --- [order-service] [http-nio-9004-exec-1] c.c.o.aspect.BusinessLogAspect           : 业务类型：订单查询
2026-03-30T08:49:40.675+08:00  INFO 40796 --- [order-service] [http-nio-9004-exec-1] c.c.o.aspect.BusinessLogAspect           : 请求参数：[2038244988630581249]
2026-03-30T08:49:41.013+08:00  INFO 40796 --- [order-service] [http-nio-9004-exec-1] c.c.o.aspect.BusinessLogAspect           : ========== 业务操作结束 ==========
2026-03-30T08:49:41.013+08:00  INFO 40796 --- [order-service] [http-nio-9004-exec-1] c.c.o.aspect.BusinessLogAspect           : 执行耗时：338ms
2026-03-30T08:49:41.013+08:00  INFO 40796 --- [order-service] [http-nio-9004-exec-1] c.c.o.aspect.BusinessLogAspect           : 执行状态：成功
2026-03-30T08:54:27.630+08:00  INFO 11364 --- [order-service] [http-nio-9004-exec-1] c.c.o.aspect.BusinessLogAspect           : ========== 业务操作开始 ==========
2026-03-30T08:54:27.631+08:00  INFO 11364 --- [order-service] [http-nio-9004-exec-1] c.c.o.aspect.BusinessLogAspect           : 时间：2026-03-30 08:54:27.630
2026-03-30T08:54:27.631+08:00  INFO 11364 --- [order-service] [http-nio-9004-exec-1] c.c.o.aspect.BusinessLogAspect           : 接口：GET /order/list
2026-03-30T08:54:27.631+08:00  INFO 11364 --- [order-service] [http-nio-9004-exec-1] c.c.o.aspect.BusinessLogAspect           : 类名：OrderServiceImpl.getOrders
2026-03-30T08:54:27.631+08:00  INFO 11364 --- [order-service] [http-nio-9004-exec-1] c.c.o.aspect.BusinessLogAspect           : 业务描述：查询用户订单列表
2026-03-30T08:54:27.631+08:00  INFO 11364 --- [order-service] [http-nio-9004-exec-1] c.c.o.aspect.BusinessLogAspect           : 业务类型：订单查询
2026-03-30T08:54:27.632+08:00  INFO 11364 --- [order-service] [http-nio-9004-exec-1] c.c.o.aspect.BusinessLogAspect           : 请求参数：[2038244988630581249]
2026-03-30T08:54:28.012+08:00  INFO 20600 --- [doctor-service] [http-nio-9002-exec-1] c.c.d.aspect.BusinessLogAspect           : [业务] 排班查询 - ScheduleServiceImpl.findDetailByDate - 查询排班详情（缓存优化）
2026-03-30T08:54:28.052+08:00  INFO 11364 --- [order-service] [http-nio-9004-exec-1] c.c.o.aspect.BusinessLogAspect           : ========== 业务操作结束 ==========
2026-03-30T08:54:28.052+08:00  INFO 11364 --- [order-service] [http-nio-9004-exec-1] c.c.o.aspect.BusinessLogAspect           : 执行耗时：420ms
2026-03-30T08:54:28.052+08:00  INFO 11364 --- [order-service] [http-nio-9004-exec-1] c.c.o.aspect.BusinessLogAspect           : 执行状态：成功
2026-03-30T08:54:28.365+08:00  INFO 20600 --- [doctor-service] [http-nio-9002-exec-1] c.c.d.aspect.BusinessLogAspect           : [业务完成] 耗时：353ms - 状态：成功
2026-03-30T08:54:30.175+08:00  INFO 20600 --- [doctor-service] [http-nio-9002-exec-3] c.c.d.aspect.BusinessLogAspect           : [业务] 排班查询 - ScheduleServiceImpl.findDetailByDate - 查询排班详情（缓存优化）
2026-03-30T08:54:31.452+08:00  INFO 20600 --- [doctor-service] [http-nio-9002-exec-2] c.c.d.aspect.BusinessLogAspect           : [业务] 排班查询 - ScheduleServiceImpl.findDetailByDate - 查询排班详情（缓存优化）
2026-03-30T08:54:36.485+08:00  INFO 10880 --- [user-service] [http-nio-9003-exec-9] c.c.u.aspect.BusinessLogAspect           : ========== 业务操作开始 ==========
2026-03-30T08:54:36.486+08:00  INFO 10880 --- [user-service] [http-nio-9003-exec-9] c.c.u.aspect.BusinessLogAspect           : 时间：2026-03-30 08:54:36.486
2026-03-30T08:54:36.486+08:00  INFO 10880 --- [user-service] [http-nio-9003-exec-9] c.c.u.aspect.BusinessLogAspect           : 接口：GET /user/patient/list
2026-03-30T08:54:36.486+08:00  INFO 10880 --- [user-service] [http-nio-9003-exec-9] c.c.u.aspect.BusinessLogAspect           : 类名：PatientServiceImpl.getPatients
2026-03-30T08:54:36.486+08:00  INFO 10880 --- [user-service] [http-nio-9003-exec-9] c.c.u.aspect.BusinessLogAspect           : 业务描述：查询就诊人列表
2026-03-30T08:54:36.486+08:00  INFO 10880 --- [user-service] [http-nio-9003-exec-9] c.c.u.aspect.BusinessLogAspect           : 业务类型：就诊人管理
2026-03-30T08:54:36.486+08:00  INFO 10880 --- [user-service] [http-nio-9003-exec-9] c.c.u.aspect.BusinessLogAspect           : 请求参数：[2038244988630581249]
2026-03-30T08:54:36.489+08:00  INFO 10880 --- [user-service] [http-nio-9003-exec-9] c.c.u.aspect.BusinessLogAspect           : ========== 业务操作结束 ==========
2026-03-30T08:54:36.489+08:00  INFO 10880 --- [user-service] [http-nio-9003-exec-9] c.c.u.aspect.BusinessLogAspect           : 执行耗时：3ms
2026-03-30T08:54:36.489+08:00  INFO 10880 --- [user-service] [http-nio-9003-exec-9] c.c.u.aspect.BusinessLogAspect           : 执行状态：成功
2026-03-30T08:54:37.220+08:00  INFO 11364 --- [order-service] [http-nio-9004-exec-2] c.c.o.aspect.BusinessLogAspect           : ========== 业务操作开始 ==========
2026-03-30T08:54:37.220+08:00  INFO 11364 --- [order-service] [http-nio-9004-exec-2] c.c.o.aspect.BusinessLogAspect           : 时间：2026-03-30 08:54:37.220
2026-03-30T08:54:37.220+08:00  INFO 11364 --- [order-service] [http-nio-9004-exec-2] c.c.o.aspect.BusinessLogAspect           : 接口：POST /order/create
2026-03-30T08:54:37.221+08:00  INFO 11364 --- [order-service] [http-nio-9004-exec-2] c.c.o.aspect.BusinessLogAspect           : 类名：OrderServiceImpl.createOrder
2026-03-30T08:54:37.221+08:00  INFO 11364 --- [order-service] [http-nio-9004-exec-2] c.c.o.aspect.BusinessLogAspect           : 业务描述：创建订单（MQ 异步）
2026-03-30T08:54:37.221+08:00  INFO 11364 --- [order-service] [http-nio-9004-exec-2] c.c.o.aspect.BusinessLogAspect           : 业务类型：订单管理
2026-03-30T08:54:37.221+08:00  INFO 11364 --- [order-service] [http-nio-9004-exec-2] c.c.o.aspect.BusinessLogAspect           : 请求参数：[2038244988630581249,5582809098074281,202603302006]
2026-03-30T08:54:37.401+08:00  INFO 20600 --- [doctor-service] [http-nio-9002-exec-4] c.c.d.aspect.BusinessLogAspect           : [业务] 挂号下单 - ScheduleServiceImpl.deductAvailableNum - 扣减号源库存
2026-03-30T08:54:37.611+08:00  INFO 10880 --- [user-service] [http-nio-9003-exec-10] c.c.u.aspect.BusinessLogAspect           : ========== 业务操作开始 ==========
2026-03-30T08:54:37.611+08:00  INFO 10880 --- [user-service] [http-nio-9003-exec-10] c.c.u.aspect.BusinessLogAspect           : 时间：2026-03-30 08:54:37.611
2026-03-30T08:54:37.611+08:00  INFO 10880 --- [user-service] [http-nio-9003-exec-10] c.c.u.aspect.BusinessLogAspect           : 接口：GET /user/patient/list
2026-03-30T08:54:37.611+08:00  INFO 10880 --- [user-service] [http-nio-9003-exec-10] c.c.u.aspect.BusinessLogAspect           : 类名：PatientServiceImpl.getPatients
2026-03-30T08:54:37.611+08:00  INFO 10880 --- [user-service] [http-nio-9003-exec-10] c.c.u.aspect.BusinessLogAspect           : 业务描述：查询就诊人列表
2026-03-30T08:54:37.611+08:00  INFO 10880 --- [user-service] [http-nio-9003-exec-10] c.c.u.aspect.BusinessLogAspect           : 业务类型：就诊人管理
2026-03-30T08:54:37.611+08:00  INFO 10880 --- [user-service] [http-nio-9003-exec-10] c.c.u.aspect.BusinessLogAspect           : 请求参数：[2038244988630581249]
2026-03-30T08:54:37.614+08:00  INFO 10880 --- [user-service] [http-nio-9003-exec-10] c.c.u.aspect.BusinessLogAspect           : ========== 业务操作结束 ==========
2026-03-30T08:54:37.614+08:00  INFO 10880 --- [user-service] [http-nio-9003-exec-10] c.c.u.aspect.BusinessLogAspect           : 执行耗时：3ms
2026-03-30T08:54:37.614+08:00  INFO 10880 --- [user-service] [http-nio-9003-exec-10] c.c.u.aspect.BusinessLogAspect           : 执行状态：成功
2026-03-30T08:54:37.744+08:00  INFO 11364 --- [order-service] [http-nio-9004-exec-2] c.c.o.aspect.BusinessLogAspect           : ========== 业务操作结束 ==========
2026-03-30T08:54:37.745+08:00  INFO 11364 --- [order-service] [http-nio-9004-exec-2] c.c.o.aspect.BusinessLogAspect           : 执行耗时：523ms
2026-03-30T08:54:37.745+08:00  INFO 11364 --- [order-service] [http-nio-9004-exec-2] c.c.o.aspect.BusinessLogAspect           : 执行状态：成功
2026-03-30T08:54:38.627+08:00  INFO 20600 --- [doctor-service] [http-nio-9002-exec-8] c.c.d.aspect.BusinessLogAspect           : [业务] 排班查询 - ScheduleServiceImpl.findDetailByDate - 查询排班详情（缓存优化）
2026-03-30T08:54:42.236+08:00  INFO 20600 --- [doctor-service] [http-nio-9002-exec-7] c.c.d.aspect.BusinessLogAspect           : [业务] 排班查询 - ScheduleServiceImpl.findDetailByDate - 查询排班详情（缓存优化）
2026-03-30T08:55:02.241+08:00  INFO 20600 --- [doctor-service] [http-nio-9002-exec-6] c.c.d.aspect.BusinessLogAspect           : [业务] 排班查询 - ScheduleServiceImpl.findDetailByDate - 查询排班详情（缓存优化）
2026-03-30T08:55:11.372+08:00  INFO 20600 --- [doctor-service] [http-nio-9002-exec-9] c.c.d.aspect.BusinessLogAspect           : [业务] 排班查询 - ScheduleServiceImpl.findDetailByDate - 查询排班详情（缓存优化）
2026-03-30T08:55:12.325+08:00  INFO 20600 --- [doctor-service] [http-nio-9002-exec-10] c.c.d.aspect.BusinessLogAspect           : [业务] 排班查询 - ScheduleServiceImpl.findDetailByDate - 查询排班详情（缓存优化）
2026-03-30T08:57:33.409+08:00  INFO 38800 --- [doctor-service] [http-nio-9002-exec-1] c.c.d.aspect.BusinessLogAspect           : [业务] 排班查询 - ScheduleServiceImpl.findDetailByDate - 查询排班详情（缓存优化）
2026-03-30T08:57:33.727+08:00  INFO 38800 --- [doctor-service] [http-nio-9002-exec-1] c.c.d.aspect.BusinessLogAspect           : [业务完成] 耗时：318ms - 状态：成功
2026-03-30T08:57:36.328+08:00  INFO 10880 --- [user-service] [http-nio-9003-exec-3] c.c.u.aspect.BusinessLogAspect           : ========== 业务操作开始 ==========
2026-03-30T08:57:36.328+08:00  INFO 10880 --- [user-service] [http-nio-9003-exec-3] c.c.u.aspect.BusinessLogAspect           : 时间：2026-03-30 08:57:36.328
2026-03-30T08:57:36.328+08:00  INFO 10880 --- [user-service] [http-nio-9003-exec-3] c.c.u.aspect.BusinessLogAspect           : 接口：GET /user/patient/list
2026-03-30T08:57:36.328+08:00  INFO 10880 --- [user-service] [http-nio-9003-exec-3] c.c.u.aspect.BusinessLogAspect           : 类名：PatientServiceImpl.getPatients
2026-03-30T08:57:36.328+08:00  INFO 10880 --- [user-service] [http-nio-9003-exec-3] c.c.u.aspect.BusinessLogAspect           : 业务描述：查询就诊人列表
2026-03-30T08:57:36.328+08:00  INFO 10880 --- [user-service] [http-nio-9003-exec-3] c.c.u.aspect.BusinessLogAspect           : 业务类型：就诊人管理
2026-03-30T08:57:36.329+08:00  INFO 10880 --- [user-service] [http-nio-9003-exec-3] c.c.u.aspect.BusinessLogAspect           : 请求参数：[2038244988630581249]
2026-03-30T08:57:36.331+08:00  INFO 10880 --- [user-service] [http-nio-9003-exec-3] c.c.u.aspect.BusinessLogAspect           : ========== 业务操作结束 ==========
2026-03-30T08:57:36.331+08:00  INFO 10880 --- [user-service] [http-nio-9003-exec-3] c.c.u.aspect.BusinessLogAspect           : 执行耗时：2ms
2026-03-30T08:57:36.331+08:00  INFO 10880 --- [user-service] [http-nio-9003-exec-3] c.c.u.aspect.BusinessLogAspect           : 执行状态：成功
2026-03-30T08:57:37.183+08:00  INFO 33116 --- [order-service] [http-nio-9004-exec-1] c.c.o.aspect.BusinessLogAspect           : ========== 业务操作开始 ==========
2026-03-30T08:57:37.183+08:00  INFO 33116 --- [order-service] [http-nio-9004-exec-1] c.c.o.aspect.BusinessLogAspect           : 时间：2026-03-30 08:57:37.183
2026-03-30T08:57:37.183+08:00  INFO 33116 --- [order-service] [http-nio-9004-exec-1] c.c.o.aspect.BusinessLogAspect           : 接口：POST /order/create
2026-03-30T08:57:37.183+08:00  INFO 33116 --- [order-service] [http-nio-9004-exec-1] c.c.o.aspect.BusinessLogAspect           : 类名：OrderServiceImpl.createOrder
2026-03-30T08:57:37.183+08:00  INFO 33116 --- [order-service] [http-nio-9004-exec-1] c.c.o.aspect.BusinessLogAspect           : 业务描述：创建订单（MQ 异步）
2026-03-30T08:57:37.183+08:00  INFO 33116 --- [order-service] [http-nio-9004-exec-1] c.c.o.aspect.BusinessLogAspect           : 业务类型：订单管理
2026-03-30T08:57:37.183+08:00  INFO 33116 --- [order-service] [http-nio-9004-exec-1] c.c.o.aspect.BusinessLogAspect           : 请求参数：[2038244988630581249,5582809098074281,202603302061]
2026-03-30T08:57:37.383+08:00  INFO 38800 --- [doctor-service] [http-nio-9002-exec-2] c.c.d.aspect.BusinessLogAspect           : [业务] 挂号下单 - ScheduleServiceImpl.deductAvailableNum - 扣减号源库存
2026-03-30T08:57:37.643+08:00  INFO 10880 --- [user-service] [http-nio-9003-exec-4] c.c.u.aspect.BusinessLogAspect           : ========== 业务操作开始 ==========
2026-03-30T08:57:37.643+08:00  INFO 10880 --- [user-service] [http-nio-9003-exec-4] c.c.u.aspect.BusinessLogAspect           : 时间：2026-03-30 08:57:37.643
2026-03-30T08:57:37.643+08:00  INFO 10880 --- [user-service] [http-nio-9003-exec-4] c.c.u.aspect.BusinessLogAspect           : 接口：GET /user/patient/list
2026-03-30T08:57:37.643+08:00  INFO 10880 --- [user-service] [http-nio-9003-exec-4] c.c.u.aspect.BusinessLogAspect           : 类名：PatientServiceImpl.getPatients
2026-03-30T08:57:37.643+08:00  INFO 10880 --- [user-service] [http-nio-9003-exec-4] c.c.u.aspect.BusinessLogAspect           : 业务描述：查询就诊人列表
2026-03-30T08:57:37.643+08:00  INFO 10880 --- [user-service] [http-nio-9003-exec-4] c.c.u.aspect.BusinessLogAspect           : 业务类型：就诊人管理
2026-03-30T08:57:37.643+08:00  INFO 10880 --- [user-service] [http-nio-9003-exec-4] c.c.u.aspect.BusinessLogAspect           : 请求参数：[2038244988630581249]
2026-03-30T08:57:37.645+08:00  INFO 10880 --- [user-service] [http-nio-9003-exec-4] c.c.u.aspect.BusinessLogAspect           : ========== 业务操作结束 ==========
2026-03-30T08:57:37.645+08:00  INFO 10880 --- [user-service] [http-nio-9003-exec-4] c.c.u.aspect.BusinessLogAspect           : 执行耗时：2ms
2026-03-30T08:57:37.645+08:00  INFO 10880 --- [user-service] [http-nio-9003-exec-4] c.c.u.aspect.BusinessLogAspect           : 执行状态：成功
2026-03-30T08:57:37.908+08:00  INFO 33116 --- [order-service] [http-nio-9004-exec-2] c.c.o.aspect.BusinessLogAspect           : ========== 业务操作开始 ==========
2026-03-30T08:57:37.908+08:00  INFO 33116 --- [order-service] [http-nio-9004-exec-2] c.c.o.aspect.BusinessLogAspect           : 时间：2026-03-30 08:57:37.908
2026-03-30T08:57:37.908+08:00  INFO 33116 --- [order-service] [http-nio-9004-exec-2] c.c.o.aspect.BusinessLogAspect           : 接口：POST /order/create
2026-03-30T08:57:37.909+08:00  INFO 33116 --- [order-service] [http-nio-9004-exec-2] c.c.o.aspect.BusinessLogAspect           : 类名：OrderServiceImpl.createOrder
2026-03-30T08:57:37.909+08:00  INFO 33116 --- [order-service] [http-nio-9004-exec-2] c.c.o.aspect.BusinessLogAspect           : 业务描述：创建订单（MQ 异步）
2026-03-30T08:57:37.909+08:00  INFO 33116 --- [order-service] [http-nio-9004-exec-2] c.c.o.aspect.BusinessLogAspect           : 业务类型：订单管理
2026-03-30T08:57:37.909+08:00  INFO 33116 --- [order-service] [http-nio-9004-exec-2] c.c.o.aspect.BusinessLogAspect           : 请求参数：[2038244988630581249,5582809098074281,202603302061]
2026-03-30T08:57:37.913+08:00  INFO 38800 --- [doctor-service] [http-nio-9002-exec-4] c.c.d.aspect.BusinessLogAspect           : [业务] 挂号下单 - ScheduleServiceImpl.deductAvailableNum - 扣减号源库存
2026-03-30T08:57:37.927+08:00  INFO 10880 --- [user-service] [http-nio-9003-exec-5] c.c.u.aspect.BusinessLogAspect           : ========== 业务操作开始 ==========
2026-03-30T08:57:37.927+08:00  INFO 10880 --- [user-service] [http-nio-9003-exec-5] c.c.u.aspect.BusinessLogAspect           : 时间：2026-03-30 08:57:37.927
2026-03-30T08:57:37.927+08:00  INFO 10880 --- [user-service] [http-nio-9003-exec-5] c.c.u.aspect.BusinessLogAspect           : 接口：GET /user/patient/list
2026-03-30T08:57:37.927+08:00  INFO 10880 --- [user-service] [http-nio-9003-exec-5] c.c.u.aspect.BusinessLogAspect           : 类名：PatientServiceImpl.getPatients
2026-03-30T08:57:37.927+08:00  INFO 10880 --- [user-service] [http-nio-9003-exec-5] c.c.u.aspect.BusinessLogAspect           : 业务描述：查询就诊人列表
2026-03-30T08:57:37.927+08:00  INFO 10880 --- [user-service] [http-nio-9003-exec-5] c.c.u.aspect.BusinessLogAspect           : 业务类型：就诊人管理
2026-03-30T08:57:37.928+08:00  INFO 10880 --- [user-service] [http-nio-9003-exec-5] c.c.u.aspect.BusinessLogAspect           : 请求参数：[2038244988630581249]
2026-03-30T08:57:37.930+08:00  INFO 10880 --- [user-service] [http-nio-9003-exec-5] c.c.u.aspect.BusinessLogAspect           : ========== 业务操作结束 ==========
2026-03-30T08:57:37.930+08:00  INFO 10880 --- [user-service] [http-nio-9003-exec-5] c.c.u.aspect.BusinessLogAspect           : 执行耗时：2ms
2026-03-30T08:57:37.930+08:00  INFO 10880 --- [user-service] [http-nio-9003-exec-5] c.c.u.aspect.BusinessLogAspect           : 执行状态：成功
2026-03-30T08:57:38.143+08:00  INFO 33116 --- [order-service] [http-nio-9004-exec-1] c.c.o.aspect.BusinessLogAspect           : ========== 业务操作结束 ==========
2026-03-30T08:57:38.143+08:00  INFO 33116 --- [order-service] [http-nio-9004-exec-1] c.c.o.aspect.BusinessLogAspect           : 执行耗时：960ms
2026-03-30T08:57:38.143+08:00  INFO 33116 --- [order-service] [http-nio-9004-exec-1] c.c.o.aspect.BusinessLogAspect           : 执行状态：成功
2026-03-30T08:57:38.145+08:00  INFO 33116 --- [order-service] [http-nio-9004-exec-2] c.c.o.aspect.BusinessLogAspect           : ========== 业务操作结束 ==========
2026-03-30T08:57:38.145+08:00  INFO 33116 --- [order-service] [http-nio-9004-exec-2] c.c.o.aspect.BusinessLogAspect           : 执行耗时：236ms
2026-03-30T08:57:38.145+08:00  INFO 33116 --- [order-service] [http-nio-9004-exec-2] c.c.o.aspect.BusinessLogAspect           : 执行状态：成功
2026-03-30T08:57:39.022+08:00  INFO 38800 --- [doctor-service] [http-nio-9002-exec-7] c.c.d.aspect.BusinessLogAspect           : [业务] 排班查询 - ScheduleServiceImpl.findDetailByDate - 查询排班详情（缓存优化）
2026-03-30T08:57:50.989+08:00  INFO 38800 --- [doctor-service] [http-nio-9002-exec-6] c.c.d.aspect.BusinessLogAspect           : [业务] 排班查询 - ScheduleServiceImpl.findDetailByDate - 查询排班详情（缓存优化）
2026-03-30T08:59:21.449+08:00  INFO 38800 --- [doctor-service] [http-nio-9002-exec-10] c.c.d.aspect.BusinessLogAspect           : [业务] 排班查询 - ScheduleServiceImpl.findDetailByDate - 查询排班详情（缓存优化）
2026-03-30T08:59:26.828+08:00  INFO 38800 --- [doctor-service] [http-nio-9002-exec-1] c.c.d.aspect.BusinessLogAspect           : [业务] 排班查询 - ScheduleServiceImpl.findDetailByDate - 查询排班详情（缓存优化）
2026-03-30T08:59:27.867+08:00  INFO 38800 --- [doctor-service] [http-nio-9002-exec-2] c.c.d.aspect.BusinessLogAspect           : [业务] 排班查询 - ScheduleServiceImpl.findDetailByDate - 查询排班详情（缓存优化）
2026-03-30T08:59:34.546+08:00  INFO 38800 --- [doctor-service] [http-nio-9002-exec-3] c.c.d.aspect.BusinessLogAspect           : [业务] 排班查询 - ScheduleServiceImpl.findDetailByDate - 查询排班详情（缓存优化）
2026-03-30T08:59:34.712+08:00  INFO 38800 --- [doctor-service] [http-nio-9002-exec-4] c.c.d.aspect.BusinessLogAspect           : [业务] 排班查询 - ScheduleServiceImpl.findDetailByDate - 查询排班详情（缓存优化）
2026-03-30T09:01:21.193+08:00  INFO 38800 --- [doctor-service] [http-nio-9002-exec-7] c.c.d.aspect.BusinessLogAspect           : [业务] 排班查询 - ScheduleServiceImpl.findDetailByDate - 查询排班详情（缓存优化）
2026-03-30T09:01:22.125+08:00  INFO 38800 --- [doctor-service] [http-nio-9002-exec-6] c.c.d.aspect.BusinessLogAspect           : [业务] 排班查询 - ScheduleServiceImpl.findDetailByDate - 查询排班详情（缓存优化）
2026-03-30T09:01:22.960+08:00  INFO 38800 --- [doctor-service] [http-nio-9002-exec-9] c.c.d.aspect.BusinessLogAspect           : [业务] 排班查询 - ScheduleServiceImpl.findDetailByDate - 查询排班详情（缓存优化）
2026-03-30T09:01:25.784+08:00  INFO 38800 --- [doctor-service] [http-nio-9002-exec-8] c.c.d.aspect.BusinessLogAspect           : [业务] 排班查询 - ScheduleServiceImpl.findDetailByDate - 查询排班详情（缓存优化）
2026-03-30T09:01:25.911+08:00  INFO 38800 --- [doctor-service] [http-nio-9002-exec-8] c.c.d.aspect.BusinessLogAspect           : [业务完成] 耗时：126ms - 状态：成功
2026-03-30T09:01:46.664+08:00  INFO 38800 --- [doctor-service] [http-nio-9002-exec-10] c.c.d.aspect.BusinessLogAspect           : [业务] 排班查询 - ScheduleServiceImpl.findDetailByDate - 查询排班详情（缓存优化）
