2026-04-01T08:08:33.694+08:00  INFO 45236 --- [gateway-service] [reactor-http-nio-2] com.cly.gateway.filter.GlobalLogFilter   : ========== 网关请求开始 ==========
2026-04-01T08:08:33.694+08:00  INFO 45236 --- [gateway-service] [reactor-http-nio-2] com.cly.gateway.filter.GlobalLogFilter   : 时间：2026-04-01 08:08:33.694
2026-04-01T08:08:33.694+08:00  INFO 45236 --- [gateway-service] [reactor-http-nio-2] com.cly.gateway.filter.GlobalLogFilter   : 路径：GET /order/list
2026-04-01T08:08:33.694+08:00  INFO 45236 --- [gateway-service] [reactor-http-nio-2] com.cly.gateway.filter.GlobalLogFilter   : 用户 ID: 13542748103
2026-04-01T08:08:34.947+08:00  INFO 45236 --- [gateway-service] [reactor-http-nio-2] com.cly.gateway.filter.GlobalLogFilter   : ========== 网关请求结束 ==========
2026-04-01T08:08:34.947+08:00  INFO 45236 --- [gateway-service] [reactor-http-nio-2] com.cly.gateway.filter.GlobalLogFilter   : 状态码：200
2026-04-01T08:08:34.947+08:00  INFO 45236 --- [gateway-service] [reactor-http-nio-2] com.cly.gateway.filter.GlobalLogFilter   : 耗时：1253ms
2026-04-01T08:08:34.947+08:00  INFO 45236 --- [gateway-service] [reactor-http-nio-2] com.cly.gateway.filter.GlobalLogFilter   : 成功：是
2026-04-01T08:09:09.203+08:00  INFO 45236 --- [gateway-service] [reactor-http-nio-8] com.cly.gateway.filter.GlobalLogFilter   : ========== 网关请求开始 ==========
2026-04-01T08:09:09.203+08:00  INFO 45236 --- [gateway-service] [reactor-http-nio-8] com.cly.gateway.filter.GlobalLogFilter   : 时间：2026-04-01 08:09:09.203
2026-04-01T08:09:09.203+08:00  INFO 45236 --- [gateway-service] [reactor-http-nio-8] com.cly.gateway.filter.GlobalLogFilter   : 路径：POST /ai/chat
2026-04-01T08:09:09.203+08:00  INFO 45236 --- [gateway-service] [reactor-http-nio-8] com.cly.gateway.filter.GlobalLogFilter   : 用户 ID: 13542748103
2026-04-01T08:09:09.843+08:00  INFO 45236 --- [gateway-service] [reactor-http-nio-8] com.cly.gateway.filter.GlobalLogFilter   : ========== 网关请求结束 ==========
2026-04-01T08:09:09.843+08:00  INFO 45236 --- [gateway-service] [reactor-http-nio-8] com.cly.gateway.filter.GlobalLogFilter   : 状态码：200
2026-04-01T08:09:09.843+08:00  INFO 45236 --- [gateway-service] [reactor-http-nio-8] com.cly.gateway.filter.GlobalLogFilter   : 耗时：640ms
2026-04-01T08:09:09.843+08:00  INFO 45236 --- [gateway-service] [reactor-http-nio-8] com.cly.gateway.filter.GlobalLogFilter   : 成功：是
2026-04-01T08:43:33.528+08:00  INFO 30456 --- [gateway-service] [reactor-http-nio-2] com.cly.gateway.filter.GlobalLogFilter   : ========== 网关请求开始 ==========
2026-04-01T08:43:33.528+08:00  INFO 30456 --- [gateway-service] [reactor-http-nio-2] com.cly.gateway.filter.GlobalLogFilter   : 时间：2026-04-01 08:43:33.528
2026-04-01T08:43:33.528+08:00  INFO 30456 --- [gateway-service] [reactor-http-nio-2] com.cly.gateway.filter.GlobalLogFilter   : 路径：GET /user/patient/list
2026-04-01T08:43:33.528+08:00  INFO 30456 --- [gateway-service] [reactor-http-nio-2] com.cly.gateway.filter.GlobalLogFilter   : 用户 ID: 13542748103
2026-04-01T08:43:34.938+08:00  INFO 30456 --- [gateway-service] [reactor-http-nio-2] com.cly.gateway.filter.GlobalLogFilter   : ========== 网关请求结束 ==========
2026-04-01T08:43:34.938+08:00  INFO 30456 --- [gateway-service] [reactor-http-nio-2] com.cly.gateway.filter.GlobalLogFilter   : 状态码：200
2026-04-01T08:43:34.938+08:00  INFO 30456 --- [gateway-service] [reactor-http-nio-2] com.cly.gateway.filter.GlobalLogFilter   : 耗时：1410ms
2026-04-01T08:43:34.938+08:00  INFO 30456 --- [gateway-service] [reactor-http-nio-2] com.cly.gateway.filter.GlobalLogFilter   : 成功：是
2026-04-01T08:43:35.695+08:00  INFO 30456 --- [gateway-service] [reactor-http-nio-2] com.cly.gateway.filter.GlobalLogFilter   : ========== 网关请求开始 ==========
2026-04-01T08:43:35.695+08:00  INFO 30456 --- [gateway-service] [reactor-http-nio-2] com.cly.gateway.filter.GlobalLogFilter   : 时间：2026-04-01 08:43:35.695
2026-04-01T08:43:35.695+08:00  INFO 30456 --- [gateway-service] [reactor-http-nio-2] com.cly.gateway.filter.GlobalLogFilter   : 路径：GET /order/list
2026-04-01T08:43:35.695+08:00  INFO 30456 --- [gateway-service] [reactor-http-nio-2] com.cly.gateway.filter.GlobalLogFilter   : 用户 ID: 13542748103
2026-04-01T08:43:36.828+08:00  INFO 30456 --- [gateway-service] [reactor-http-nio-2] com.cly.gateway.filter.GlobalLogFilter   : ========== 网关请求结束 ==========
2026-04-01T08:43:36.828+08:00  INFO 30456 --- [gateway-service] [reactor-http-nio-2] com.cly.gateway.filter.GlobalLogFilter   : 状态码：200
2026-04-01T08:43:36.828+08:00  INFO 30456 --- [gateway-service] [reactor-http-nio-2] com.cly.gateway.filter.GlobalLogFilter   : 耗时：1133ms
2026-04-01T08:43:36.828+08:00  INFO 30456 --- [gateway-service] [reactor-http-nio-2] com.cly.gateway.filter.GlobalLogFilter   : 成功：是
2026-04-01T08:44:31.955+08:00  INFO 30456 --- [gateway-service] [reactor-http-nio-2] com.cly.gateway.filter.GlobalLogFilter   : ========== 网关请求开始 ==========
2026-04-01T08:44:31.955+08:00  INFO 30456 --- [gateway-service] [reactor-http-nio-2] com.cly.gateway.filter.GlobalLogFilter   : 时间：2026-04-01 08:44:31.955
2026-04-01T08:44:31.955+08:00  INFO 30456 --- [gateway-service] [reactor-http-nio-2] com.cly.gateway.filter.GlobalLogFilter   : 路径：GET /order/list
2026-04-01T08:44:31.955+08:00  INFO 30456 --- [gateway-service] [reactor-http-nio-2] com.cly.gateway.filter.GlobalLogFilter   : 用户 ID: 13542748103
2026-04-01T08:44:31.993+08:00  INFO 30456 --- [gateway-service] [reactor-http-nio-2] com.cly.gateway.filter.GlobalLogFilter   : ========== 网关请求结束 ==========
2026-04-01T08:44:31.993+08:00  INFO 30456 --- [gateway-service] [reactor-http-nio-2] com.cly.gateway.filter.GlobalLogFilter   : 状态码：200
2026-04-01T08:44:31.993+08:00  INFO 30456 --- [gateway-service] [reactor-http-nio-2] com.cly.gateway.filter.GlobalLogFilter   : 耗时：38ms
2026-04-01T08:44:31.993+08:00  INFO 30456 --- [gateway-service] [reactor-http-nio-2] com.cly.gateway.filter.GlobalLogFilter   : 成功：是
2026-04-01T08:44:39.727+08:00  INFO 30456 --- [gateway-service] [reactor-http-nio-2] com.cly.gateway.filter.GlobalLogFilter   : ========== 网关请求开始 ==========
2026-04-01T08:44:39.727+08:00  INFO 30456 --- [gateway-service] [reactor-http-nio-2] com.cly.gateway.filter.GlobalLogFilter   : 时间：2026-04-01 08:44:39.727
2026-04-01T08:44:39.727+08:00  INFO 30456 --- [gateway-service] [reactor-http-nio-2] com.cly.gateway.filter.GlobalLogFilter   : 路径：GET /user/patient/list
2026-04-01T08:44:39.728+08:00  INFO 30456 --- [gateway-service] [reactor-http-nio-2] com.cly.gateway.filter.GlobalLogFilter   : 用户 ID: 13542748103
2026-04-01T08:44:39.773+08:00  INFO 30456 --- [gateway-service] [reactor-http-nio-2] com.cly.gateway.filter.GlobalLogFilter   : ========== 网关请求结束 ==========
2026-04-01T08:44:39.773+08:00  INFO 30456 --- [gateway-service] [reactor-http-nio-2] com.cly.gateway.filter.GlobalLogFilter   : 状态码：200
2026-04-01T08:44:39.773+08:00  INFO 30456 --- [gateway-service] [reactor-http-nio-2] com.cly.gateway.filter.GlobalLogFilter   : 耗时：45ms
2026-04-01T08:44:39.773+08:00  INFO 30456 --- [gateway-service] [reactor-http-nio-2] com.cly.gateway.filter.GlobalLogFilter   : 成功：是
2026-04-01T08:44:42.616+08:00  INFO 30456 --- [gateway-service] [reactor-http-nio-2] com.cly.gateway.filter.GlobalLogFilter   : ========== 网关请求开始 ==========
2026-04-01T08:44:42.616+08:00  INFO 30456 --- [gateway-service] [reactor-http-nio-2] com.cly.gateway.filter.GlobalLogFilter   : 时间：2026-04-01 08:44:42.616
2026-04-01T08:44:42.616+08:00  INFO 30456 --- [gateway-service] [reactor-http-nio-2] com.cly.gateway.filter.GlobalLogFilter   : 路径：GET /user/patient/list
2026-04-01T08:44:42.616+08:00  INFO 30456 --- [gateway-service] [reactor-http-nio-2] com.cly.gateway.filter.GlobalLogFilter   : 用户 ID: 13542748103
2026-04-01T08:44:42.632+08:00  INFO 30456 --- [gateway-service] [reactor-http-nio-2] com.cly.gateway.filter.GlobalLogFilter   : ========== 网关请求结束 ==========
2026-04-01T08:44:42.632+08:00  INFO 30456 --- [gateway-service] [reactor-http-nio-2] com.cly.gateway.filter.GlobalLogFilter   : 状态码：200
2026-04-01T08:44:42.632+08:00  INFO 30456 --- [gateway-service] [reactor-http-nio-2] com.cly.gateway.filter.GlobalLogFilter   : 耗时：16ms
2026-04-01T08:44:42.632+08:00  INFO 30456 --- [gateway-service] [reactor-http-nio-2] com.cly.gateway.filter.GlobalLogFilter   : 成功：是
2026-04-01T08:44:45.680+08:00  INFO 30456 --- [gateway-service] [reactor-http-nio-2] com.cly.gateway.filter.GlobalLogFilter   : ========== 网关请求开始 ==========
2026-04-01T08:44:45.680+08:00  INFO 30456 --- [gateway-service] [reactor-http-nio-2] com.cly.gateway.filter.GlobalLogFilter   : 时间：2026-04-01 08:44:45.680
2026-04-01T08:44:45.680+08:00  INFO 30456 --- [gateway-service] [reactor-http-nio-2] com.cly.gateway.filter.GlobalLogFilter   : 路径：GET /order/list
2026-04-01T08:44:45.680+08:00  INFO 30456 --- [gateway-service] [reactor-http-nio-2] com.cly.gateway.filter.GlobalLogFilter   : 用户 ID: 13542748103
2026-04-01T08:44:45.696+08:00  INFO 30456 --- [gateway-service] [reactor-http-nio-2] com.cly.gateway.filter.GlobalLogFilter   : ========== 网关请求结束 ==========
2026-04-01T08:44:45.696+08:00  INFO 30456 --- [gateway-service] [reactor-http-nio-2] com.cly.gateway.filter.GlobalLogFilter   : 状态码：200
2026-04-01T08:44:45.696+08:00  INFO 30456 --- [gateway-service] [reactor-http-nio-2] com.cly.gateway.filter.GlobalLogFilter   : 耗时：16ms
2026-04-01T08:44:45.696+08:00  INFO 30456 --- [gateway-service] [reactor-http-nio-2] com.cly.gateway.filter.GlobalLogFilter   : 成功：是
2026-04-01T08:44:46.309+08:00  INFO 30456 --- [gateway-service] [reactor-http-nio-2] com.cly.gateway.filter.GlobalLogFilter   : ========== 网关请求开始 ==========
2026-04-01T08:44:46.310+08:00  INFO 30456 --- [gateway-service] [reactor-http-nio-2] com.cly.gateway.filter.GlobalLogFilter   : 时间：2026-04-01 08:44:46.309
2026-04-01T08:44:46.310+08:00  INFO 30456 --- [gateway-service] [reactor-http-nio-2] com.cly.gateway.filter.GlobalLogFilter   : 路径：GET /doctor/schedule/detail
2026-04-01T08:44:46.310+08:00  INFO 30456 --- [gateway-service] [reactor-http-nio-2] com.cly.gateway.filter.GlobalLogFilter   : 用户 ID: 13542748103
2026-04-01T08:44:46.838+08:00  INFO 30456 --- [gateway-service] [reactor-http-nio-2] com.cly.gateway.filter.GlobalLogFilter   : ========== 网关请求结束 ==========
2026-04-01T08:44:46.838+08:00  INFO 30456 --- [gateway-service] [reactor-http-nio-2] com.cly.gateway.filter.GlobalLogFilter   : 状态码：200
2026-04-01T08:44:46.838+08:00  INFO 30456 --- [gateway-service] [reactor-http-nio-2] com.cly.gateway.filter.GlobalLogFilter   : 耗时：528ms
2026-04-01T08:44:46.838+08:00  INFO 30456 --- [gateway-service] [reactor-http-nio-2] com.cly.gateway.filter.GlobalLogFilter   : 成功：是
2026-04-01T08:44:49.849+08:00  INFO 30456 --- [gateway-service] [reactor-http-nio-2] com.cly.gateway.filter.GlobalLogFilter   : ========== 网关请求开始 ==========
2026-04-01T08:44:49.849+08:00  INFO 30456 --- [gateway-service] [reactor-http-nio-2] com.cly.gateway.filter.GlobalLogFilter   : 时间：2026-04-01 08:44:49.849
2026-04-01T08:44:49.849+08:00  INFO 30456 --- [gateway-service] [reactor-http-nio-2] com.cly.gateway.filter.GlobalLogFilter   : 路径：GET /doctor/schedule/detail
2026-04-01T08:44:49.849+08:00  INFO 30456 --- [gateway-service] [reactor-http-nio-2] com.cly.gateway.filter.GlobalLogFilter   : 用户 ID: 13542748103
2026-04-01T08:44:49.881+08:00  INFO 30456 --- [gateway-service] [reactor-http-nio-2] com.cly.gateway.filter.GlobalLogFilter   : ========== 网关请求结束 ==========
2026-04-01T08:44:49.881+08:00  INFO 30456 --- [gateway-service] [reactor-http-nio-2] com.cly.gateway.filter.GlobalLogFilter   : 状态码：200
2026-04-01T08:44:49.881+08:00  INFO 30456 --- [gateway-service] [reactor-http-nio-2] com.cly.gateway.filter.GlobalLogFilter   : 耗时：32ms
2026-04-01T08:44:49.881+08:00  INFO 30456 --- [gateway-service] [reactor-http-nio-2] com.cly.gateway.filter.GlobalLogFilter   : 成功：是
2026-04-01T08:45:25.068+08:00  INFO 30456 --- [gateway-service] [reactor-http-nio-2] com.cly.gateway.filter.GlobalLogFilter   : ========== 网关请求开始 ==========
2026-04-01T08:45:25.068+08:00  INFO 30456 --- [gateway-service] [reactor-http-nio-2] com.cly.gateway.filter.GlobalLogFilter   : 时间：2026-04-01 08:45:25.068
2026-04-01T08:45:25.068+08:00  INFO 30456 --- [gateway-service] [reactor-http-nio-2] com.cly.gateway.filter.GlobalLogFilter   : 路径：POST /ai/chat
2026-04-01T08:45:25.068+08:00  INFO 30456 --- [gateway-service] [reactor-http-nio-2] com.cly.gateway.filter.GlobalLogFilter   : 用户 ID: 13542748103
2026-04-01T08:45:28.275+08:00  INFO 30456 --- [gateway-service] [reactor-http-nio-2] com.cly.gateway.filter.GlobalLogFilter   : ========== 网关请求结束 ==========
2026-04-01T08:45:28.275+08:00  INFO 30456 --- [gateway-service] [reactor-http-nio-2] com.cly.gateway.filter.GlobalLogFilter   : 状态码：200
2026-04-01T08:45:28.275+08:00  INFO 30456 --- [gateway-service] [reactor-http-nio-2] com.cly.gateway.filter.GlobalLogFilter   : 耗时：3207ms
2026-04-01T08:45:28.275+08:00  INFO 30456 --- [gateway-service] [reactor-http-nio-2] com.cly.gateway.filter.GlobalLogFilter   : 成功：是
2026-04-01T08:45:34.900+08:00  INFO 30456 --- [gateway-service] [reactor-http-nio-2] com.cly.gateway.filter.GlobalLogFilter   : ========== 网关请求开始 ==========
2026-04-01T08:45:34.900+08:00  INFO 30456 --- [gateway-service] [reactor-http-nio-2] com.cly.gateway.filter.GlobalLogFilter   : 时间：2026-04-01 08:45:34.900
2026-04-01T08:45:34.900+08:00  INFO 30456 --- [gateway-service] [reactor-http-nio-2] com.cly.gateway.filter.GlobalLogFilter   : 路径：POST /ai/chat
2026-04-01T08:45:34.900+08:00  INFO 30456 --- [gateway-service] [reactor-http-nio-2] com.cly.gateway.filter.GlobalLogFilter   : 用户 ID: 13542748103
2026-04-01T08:45:37.175+08:00  INFO 30456 --- [gateway-service] [reactor-http-nio-2] com.cly.gateway.filter.GlobalLogFilter   : ========== 网关请求结束 ==========
2026-04-01T08:45:37.175+08:00  INFO 30456 --- [gateway-service] [reactor-http-nio-2] com.cly.gateway.filter.GlobalLogFilter   : 状态码：200
2026-04-01T08:45:37.175+08:00  INFO 30456 --- [gateway-service] [reactor-http-nio-2] com.cly.gateway.filter.GlobalLogFilter   : 耗时：2275ms
2026-04-01T08:45:37.175+08:00  INFO 30456 --- [gateway-service] [reactor-http-nio-2] com.cly.gateway.filter.GlobalLogFilter   : 成功：是
2026-04-01T08:45:50.602+08:00  INFO 30456 --- [gateway-service] [reactor-http-nio-2] com.cly.gateway.filter.GlobalLogFilter   : ========== 网关请求开始 ==========
2026-04-01T08:45:50.602+08:00  INFO 30456 --- [gateway-service] [reactor-http-nio-2] com.cly.gateway.filter.GlobalLogFilter   : 时间：2026-04-01 08:45:50.602
2026-04-01T08:45:50.602+08:00  INFO 30456 --- [gateway-service] [reactor-http-nio-2] com.cly.gateway.filter.GlobalLogFilter   : 路径：POST /ai/chat
2026-04-01T08:45:50.602+08:00  INFO 30456 --- [gateway-service] [reactor-http-nio-2] com.cly.gateway.filter.GlobalLogFilter   : 用户 ID: 13542748103
2026-04-01T08:45:52.553+08:00  INFO 30456 --- [gateway-service] [reactor-http-nio-2] com.cly.gateway.filter.GlobalLogFilter   : ========== 网关请求结束 ==========
2026-04-01T08:45:52.554+08:00  INFO 30456 --- [gateway-service] [reactor-http-nio-2] com.cly.gateway.filter.GlobalLogFilter   : 状态码：200
2026-04-01T08:45:52.554+08:00  INFO 30456 --- [gateway-service] [reactor-http-nio-2] com.cly.gateway.filter.GlobalLogFilter   : 耗时：1951ms
2026-04-01T08:45:52.554+08:00  INFO 30456 --- [gateway-service] [reactor-http-nio-2] com.cly.gateway.filter.GlobalLogFilter   : 成功：是
2026-04-01T08:46:32.335+08:00  INFO 30456 --- [gateway-service] [reactor-http-nio-2] com.cly.gateway.filter.GlobalLogFilter   : ========== 网关请求开始 ==========
2026-04-01T08:46:32.336+08:00  INFO 30456 --- [gateway-service] [reactor-http-nio-2] com.cly.gateway.filter.GlobalLogFilter   : 时间：2026-04-01 08:46:32.335
2026-04-01T08:46:32.336+08:00  INFO 30456 --- [gateway-service] [reactor-http-nio-2] com.cly.gateway.filter.GlobalLogFilter   : 路径：POST /ai/chat
2026-04-01T08:46:32.336+08:00  INFO 30456 --- [gateway-service] [reactor-http-nio-2] com.cly.gateway.filter.GlobalLogFilter   : 用户 ID: 13542748103
2026-04-01T08:46:36.223+08:00  INFO 30456 --- [gateway-service] [reactor-http-nio-2] com.cly.gateway.filter.GlobalLogFilter   : ========== 网关请求结束 ==========
2026-04-01T08:46:36.223+08:00  INFO 30456 --- [gateway-service] [reactor-http-nio-2] com.cly.gateway.filter.GlobalLogFilter   : 状态码：200
2026-04-01T08:46:36.223+08:00  INFO 30456 --- [gateway-service] [reactor-http-nio-2] com.cly.gateway.filter.GlobalLogFilter   : 耗时：3887ms
2026-04-01T08:46:36.223+08:00  INFO 30456 --- [gateway-service] [reactor-http-nio-2] com.cly.gateway.filter.GlobalLogFilter   : 成功：是
2026-04-01T08:48:59.242+08:00  INFO 30456 --- [gateway-service] [reactor-http-nio-7] com.cly.gateway.filter.GlobalLogFilter   : ========== 网关请求开始 ==========
2026-04-01T08:48:59.242+08:00  INFO 30456 --- [gateway-service] [reactor-http-nio-7] com.cly.gateway.filter.GlobalLogFilter   : 时间：2026-04-01 08:48:59.242
2026-04-01T08:48:59.242+08:00  INFO 30456 --- [gateway-service] [reactor-http-nio-7] com.cly.gateway.filter.GlobalLogFilter   : 路径：POST /ai/chat
2026-04-01T08:48:59.242+08:00  INFO 30456 --- [gateway-service] [reactor-http-nio-7] com.cly.gateway.filter.GlobalLogFilter   : 用户 ID: 13542748103
2026-04-01T08:49:01.265+08:00  INFO 30456 --- [gateway-service] [reactor-http-nio-7] com.cly.gateway.filter.GlobalLogFilter   : ========== 网关请求结束 ==========
2026-04-01T08:49:01.265+08:00  INFO 30456 --- [gateway-service] [reactor-http-nio-7] com.cly.gateway.filter.GlobalLogFilter   : 状态码：200
2026-04-01T08:49:01.265+08:00  INFO 30456 --- [gateway-service] [reactor-http-nio-7] com.cly.gateway.filter.GlobalLogFilter   : 耗时：2023ms
2026-04-01T08:49:01.265+08:00  INFO 30456 --- [gateway-service] [reactor-http-nio-7] com.cly.gateway.filter.GlobalLogFilter   : 成功：是
2026-04-01T08:49:04.386+08:00  INFO 30456 --- [gateway-service] [reactor-http-nio-7] com.cly.gateway.filter.GlobalLogFilter   : ========== 网关请求开始 ==========
2026-04-01T08:49:04.386+08:00  INFO 30456 --- [gateway-service] [reactor-http-nio-7] com.cly.gateway.filter.GlobalLogFilter   : 时间：2026-04-01 08:49:04.386
2026-04-01T08:49:04.386+08:00  INFO 30456 --- [gateway-service] [reactor-http-nio-7] com.cly.gateway.filter.GlobalLogFilter   : 路径：POST /ai/chat
2026-04-01T08:49:04.386+08:00  INFO 30456 --- [gateway-service] [reactor-http-nio-7] com.cly.gateway.filter.GlobalLogFilter   : 用户 ID: 13542748103
2026-04-01T08:49:05.958+08:00  INFO 30456 --- [gateway-service] [reactor-http-nio-7] com.cly.gateway.filter.GlobalLogFilter   : ========== 网关请求结束 ==========
2026-04-01T08:49:05.958+08:00  INFO 30456 --- [gateway-service] [reactor-http-nio-7] com.cly.gateway.filter.GlobalLogFilter   : 状态码：200
2026-04-01T08:49:05.958+08:00  INFO 30456 --- [gateway-service] [reactor-http-nio-7] com.cly.gateway.filter.GlobalLogFilter   : 耗时：1572ms
2026-04-01T08:49:05.958+08:00  INFO 30456 --- [gateway-service] [reactor-http-nio-7] com.cly.gateway.filter.GlobalLogFilter   : 成功：是
2026-04-01T08:49:29.347+08:00  INFO 30456 --- [gateway-service] [reactor-http-nio-7] com.cly.gateway.filter.GlobalLogFilter   : ========== 网关请求开始 ==========
2026-04-01T08:49:29.347+08:00  INFO 30456 --- [gateway-service] [reactor-http-nio-7] com.cly.gateway.filter.GlobalLogFilter   : 时间：2026-04-01 08:49:29.347
2026-04-01T08:49:29.347+08:00  INFO 30456 --- [gateway-service] [reactor-http-nio-7] com.cly.gateway.filter.GlobalLogFilter   : 路径：POST /ai/chat
2026-04-01T08:49:29.347+08:00  INFO 30456 --- [gateway-service] [reactor-http-nio-7] com.cly.gateway.filter.GlobalLogFilter   : 用户 ID: 13542748103
2026-04-01T08:49:33.694+08:00  INFO 30456 --- [gateway-service] [reactor-http-nio-7] com.cly.gateway.filter.GlobalLogFilter   : ========== 网关请求开始 ==========
2026-04-01T08:49:33.694+08:00  INFO 30456 --- [gateway-service] [reactor-http-nio-7] com.cly.gateway.filter.GlobalLogFilter   : 时间：2026-04-01 08:49:33.694
2026-04-01T08:49:33.694+08:00  INFO 30456 --- [gateway-service] [reactor-http-nio-7] com.cly.gateway.filter.GlobalLogFilter   : 路径：POST /ai/chat
2026-04-01T08:49:33.694+08:00  INFO 30456 --- [gateway-service] [reactor-http-nio-7] com.cly.gateway.filter.GlobalLogFilter   : 用户 ID: 13542748103
2026-04-01T08:49:38.351+08:00  INFO 30456 --- [gateway-service] [reactor-http-nio-7] com.cly.gateway.filter.GlobalLogFilter   : ========== 网关请求结束 ==========
2026-04-01T08:49:38.351+08:00  INFO 30456 --- [gateway-service] [reactor-http-nio-7] com.cly.gateway.filter.GlobalLogFilter   : 状态码：200
2026-04-01T08:49:38.351+08:00  INFO 30456 --- [gateway-service] [reactor-http-nio-7] com.cly.gateway.filter.GlobalLogFilter   : 耗时：4657ms
2026-04-01T08:49:38.351+08:00  INFO 30456 --- [gateway-service] [reactor-http-nio-7] com.cly.gateway.filter.GlobalLogFilter   : 成功：是
2026-04-01T08:49:51.690+08:00  INFO 30456 --- [gateway-service] [reactor-http-nio-7] com.cly.gateway.filter.GlobalLogFilter   : ========== 网关请求开始 ==========
2026-04-01T08:49:51.690+08:00  INFO 30456 --- [gateway-service] [reactor-http-nio-7] com.cly.gateway.filter.GlobalLogFilter   : 时间：2026-04-01 08:49:51.690
2026-04-01T08:49:51.690+08:00  INFO 30456 --- [gateway-service] [reactor-http-nio-7] com.cly.gateway.filter.GlobalLogFilter   : 路径：POST /ai/chat
2026-04-01T08:49:51.690+08:00  INFO 30456 --- [gateway-service] [reactor-http-nio-7] com.cly.gateway.filter.GlobalLogFilter   : 用户 ID: 13542748103
2026-04-01T08:49:53.457+08:00  INFO 30456 --- [gateway-service] [reactor-http-nio-7] com.cly.gateway.filter.GlobalLogFilter   : ========== 网关请求结束 ==========
2026-04-01T08:49:53.457+08:00  INFO 30456 --- [gateway-service] [reactor-http-nio-7] com.cly.gateway.filter.GlobalLogFilter   : 状态码：200
2026-04-01T08:49:53.458+08:00  INFO 30456 --- [gateway-service] [reactor-http-nio-7] com.cly.gateway.filter.GlobalLogFilter   : 耗时：1767ms
2026-04-01T08:49:53.458+08:00  INFO 30456 --- [gateway-service] [reactor-http-nio-7] com.cly.gateway.filter.GlobalLogFilter   : 成功：是
2026-04-01T08:49:56.245+08:00  INFO 30456 --- [gateway-service] [reactor-http-nio-7] com.cly.gateway.filter.GlobalLogFilter   : ========== 网关请求开始 ==========
2026-04-01T08:49:56.245+08:00  INFO 30456 --- [gateway-service] [reactor-http-nio-7] com.cly.gateway.filter.GlobalLogFilter   : 时间：2026-04-01 08:49:56.245
2026-04-01T08:49:56.245+08:00  INFO 30456 --- [gateway-service] [reactor-http-nio-7] com.cly.gateway.filter.GlobalLogFilter   : 路径：POST /ai/chat
2026-04-01T08:49:56.245+08:00  INFO 30456 --- [gateway-service] [reactor-http-nio-7] com.cly.gateway.filter.GlobalLogFilter   : 用户 ID: 13542748103
2026-04-01T08:49:57.897+08:00  INFO 30456 --- [gateway-service] [reactor-http-nio-7] com.cly.gateway.filter.GlobalLogFilter   : ========== 网关请求结束 ==========
2026-04-01T08:49:57.897+08:00  INFO 30456 --- [gateway-service] [reactor-http-nio-7] com.cly.gateway.filter.GlobalLogFilter   : 状态码：200
2026-04-01T08:49:57.897+08:00  INFO 30456 --- [gateway-service] [reactor-http-nio-7] com.cly.gateway.filter.GlobalLogFilter   : 耗时：1652ms
2026-04-01T08:49:57.897+08:00  INFO 30456 --- [gateway-service] [reactor-http-nio-7] com.cly.gateway.filter.GlobalLogFilter   : 成功：是
2026-04-01T08:51:04.349+08:00  INFO 30456 --- [gateway-service] [reactor-http-nio-7] com.cly.gateway.filter.GlobalLogFilter   : ========== 网关请求开始 ==========
2026-04-01T08:51:04.349+08:00  INFO 30456 --- [gateway-service] [reactor-http-nio-7] com.cly.gateway.filter.GlobalLogFilter   : 时间：2026-04-01 08:51:04.349
2026-04-01T08:51:04.349+08:00  INFO 30456 --- [gateway-service] [reactor-http-nio-7] com.cly.gateway.filter.GlobalLogFilter   : 路径：POST /ai/chat
2026-04-01T08:51:04.349+08:00  INFO 30456 --- [gateway-service] [reactor-http-nio-7] com.cly.gateway.filter.GlobalLogFilter   : 用户 ID: 13542748103
2026-04-01T08:51:09.086+08:00  INFO 30456 --- [gateway-service] [reactor-http-nio-7] com.cly.gateway.filter.GlobalLogFilter   : ========== 网关请求结束 ==========
2026-04-01T08:51:09.086+08:00  INFO 30456 --- [gateway-service] [reactor-http-nio-7] com.cly.gateway.filter.GlobalLogFilter   : 状态码：200
2026-04-01T08:51:09.086+08:00  INFO 30456 --- [gateway-service] [reactor-http-nio-7] com.cly.gateway.filter.GlobalLogFilter   : 耗时：4737ms
2026-04-01T08:51:09.086+08:00  INFO 30456 --- [gateway-service] [reactor-http-nio-7] com.cly.gateway.filter.GlobalLogFilter   : 成功：是
2026-04-01T08:51:21.036+08:00  INFO 30456 --- [gateway-service] [reactor-http-nio-7] com.cly.gateway.filter.GlobalLogFilter   : ========== 网关请求开始 ==========
2026-04-01T08:51:21.036+08:00  INFO 30456 --- [gateway-service] [reactor-http-nio-7] com.cly.gateway.filter.GlobalLogFilter   : 时间：2026-04-01 08:51:21.036
2026-04-01T08:51:21.036+08:00  INFO 30456 --- [gateway-service] [reactor-http-nio-7] com.cly.gateway.filter.GlobalLogFilter   : 路径：POST /ai/chat
2026-04-01T08:51:21.036+08:00  INFO 30456 --- [gateway-service] [reactor-http-nio-7] com.cly.gateway.filter.GlobalLogFilter   : 用户 ID: 13542748103
2026-04-01T08:51:23.050+08:00  INFO 30456 --- [gateway-service] [reactor-http-nio-7] com.cly.gateway.filter.GlobalLogFilter   : ========== 网关请求结束 ==========
2026-04-01T08:51:23.050+08:00  INFO 30456 --- [gateway-service] [reactor-http-nio-7] com.cly.gateway.filter.GlobalLogFilter   : 状态码：200
2026-04-01T08:51:23.050+08:00  INFO 30456 --- [gateway-service] [reactor-http-nio-7] com.cly.gateway.filter.GlobalLogFilter   : 耗时：2014ms
2026-04-01T08:51:23.050+08:00  INFO 30456 --- [gateway-service] [reactor-http-nio-7] com.cly.gateway.filter.GlobalLogFilter   : 成功：是
2026-04-01T08:51:28.388+08:00  INFO 30456 --- [gateway-service] [reactor-http-nio-7] com.cly.gateway.filter.GlobalLogFilter   : ========== 网关请求开始 ==========
2026-04-01T08:51:28.388+08:00  INFO 30456 --- [gateway-service] [reactor-http-nio-7] com.cly.gateway.filter.GlobalLogFilter   : 时间：2026-04-01 08:51:28.388
2026-04-01T08:51:28.388+08:00  INFO 30456 --- [gateway-service] [reactor-http-nio-7] com.cly.gateway.filter.GlobalLogFilter   : 路径：POST /ai/chat
2026-04-01T08:51:28.388+08:00  INFO 30456 --- [gateway-service] [reactor-http-nio-7] com.cly.gateway.filter.GlobalLogFilter   : 用户 ID: 13542748103
2026-04-01T08:51:31.138+08:00  INFO 30456 --- [gateway-service] [reactor-http-nio-7] com.cly.gateway.filter.GlobalLogFilter   : ========== 网关请求结束 ==========
2026-04-01T08:51:31.138+08:00  INFO 30456 --- [gateway-service] [reactor-http-nio-7] com.cly.gateway.filter.GlobalLogFilter   : 状态码：200
2026-04-01T08:51:31.139+08:00  INFO 30456 --- [gateway-service] [reactor-http-nio-7] com.cly.gateway.filter.GlobalLogFilter   : 耗时：2750ms
2026-04-01T08:51:31.139+08:00  INFO 30456 --- [gateway-service] [reactor-http-nio-7] com.cly.gateway.filter.GlobalLogFilter   : 成功：是
2026-04-01T08:51:38.269+08:00  INFO 30456 --- [gateway-service] [reactor-http-nio-7] com.cly.gateway.filter.GlobalLogFilter   : ========== 网关请求开始 ==========
2026-04-01T08:51:38.269+08:00  INFO 30456 --- [gateway-service] [reactor-http-nio-7] com.cly.gateway.filter.GlobalLogFilter   : 时间：2026-04-01 08:51:38.269
2026-04-01T08:51:38.269+08:00  INFO 30456 --- [gateway-service] [reactor-http-nio-7] com.cly.gateway.filter.GlobalLogFilter   : 路径：POST /ai/chat
2026-04-01T08:51:38.269+08:00  INFO 30456 --- [gateway-service] [reactor-http-nio-7] com.cly.gateway.filter.GlobalLogFilter   : 用户 ID: 13542748103
2026-04-01T08:51:42.638+08:00  INFO 30456 --- [gateway-service] [reactor-http-nio-7] com.cly.gateway.filter.GlobalLogFilter   : ========== 网关请求结束 ==========
2026-04-01T08:51:42.638+08:00  INFO 30456 --- [gateway-service] [reactor-http-nio-7] com.cly.gateway.filter.GlobalLogFilter   : 状态码：200
2026-04-01T08:51:42.638+08:00  INFO 30456 --- [gateway-service] [reactor-http-nio-7] com.cly.gateway.filter.GlobalLogFilter   : 耗时：4369ms
2026-04-01T08:51:42.638+08:00  INFO 30456 --- [gateway-service] [reactor-http-nio-7] com.cly.gateway.filter.GlobalLogFilter   : 成功：是
2026-04-01T08:51:55.599+08:00  INFO 30456 --- [gateway-service] [reactor-http-nio-7] com.cly.gateway.filter.GlobalLogFilter   : ========== 网关请求开始 ==========
2026-04-01T08:51:55.599+08:00  INFO 30456 --- [gateway-service] [reactor-http-nio-7] com.cly.gateway.filter.GlobalLogFilter   : 时间：2026-04-01 08:51:55.599
2026-04-01T08:51:55.599+08:00  INFO 30456 --- [gateway-service] [reactor-http-nio-7] com.cly.gateway.filter.GlobalLogFilter   : 路径：POST /ai/chat
2026-04-01T08:51:55.599+08:00  INFO 30456 --- [gateway-service] [reactor-http-nio-7] com.cly.gateway.filter.GlobalLogFilter   : 用户 ID: 13542748103
2026-04-01T08:51:58.376+08:00  INFO 30456 --- [gateway-service] [reactor-http-nio-7] com.cly.gateway.filter.GlobalLogFilter   : ========== 网关请求结束 ==========
2026-04-01T08:51:58.376+08:00  INFO 30456 --- [gateway-service] [reactor-http-nio-7] com.cly.gateway.filter.GlobalLogFilter   : 状态码：200
2026-04-01T08:51:58.376+08:00  INFO 30456 --- [gateway-service] [reactor-http-nio-7] com.cly.gateway.filter.GlobalLogFilter   : 耗时：2777ms
2026-04-01T08:51:58.376+08:00  INFO 30456 --- [gateway-service] [reactor-http-nio-7] com.cly.gateway.filter.GlobalLogFilter   : 成功：是
2026-04-01T08:52:04.756+08:00  INFO 30456 --- [gateway-service] [reactor-http-nio-7] com.cly.gateway.filter.GlobalLogFilter   : ========== 网关请求开始 ==========
2026-04-01T08:52:04.756+08:00  INFO 30456 --- [gateway-service] [reactor-http-nio-7] com.cly.gateway.filter.GlobalLogFilter   : 时间：2026-04-01 08:52:04.756
2026-04-01T08:52:04.756+08:00  INFO 30456 --- [gateway-service] [reactor-http-nio-7] com.cly.gateway.filter.GlobalLogFilter   : 路径：POST /ai/chat
2026-04-01T08:52:04.756+08:00  INFO 30456 --- [gateway-service] [reactor-http-nio-7] com.cly.gateway.filter.GlobalLogFilter   : 用户 ID: 13542748103
2026-04-01T08:52:08.780+08:00  INFO 30456 --- [gateway-service] [reactor-http-nio-7] com.cly.gateway.filter.GlobalLogFilter   : ========== 网关请求结束 ==========
2026-04-01T08:52:08.780+08:00  INFO 30456 --- [gateway-service] [reactor-http-nio-7] com.cly.gateway.filter.GlobalLogFilter   : 状态码：200
2026-04-01T08:52:08.780+08:00  INFO 30456 --- [gateway-service] [reactor-http-nio-7] com.cly.gateway.filter.GlobalLogFilter   : 耗时：4024ms
2026-04-01T08:52:08.780+08:00  INFO 30456 --- [gateway-service] [reactor-http-nio-7] com.cly.gateway.filter.GlobalLogFilter   : 成功：是
2026-04-01T08:52:13.481+08:00  INFO 30456 --- [gateway-service] [reactor-http-nio-7] com.cly.gateway.filter.GlobalLogFilter   : ========== 网关请求开始 ==========
2026-04-01T08:52:13.481+08:00  INFO 30456 --- [gateway-service] [reactor-http-nio-7] com.cly.gateway.filter.GlobalLogFilter   : 时间：2026-04-01 08:52:13.481
2026-04-01T08:52:13.481+08:00  INFO 30456 --- [gateway-service] [reactor-http-nio-7] com.cly.gateway.filter.GlobalLogFilter   : 路径：POST /ai/chat
2026-04-01T08:52:13.481+08:00  INFO 30456 --- [gateway-service] [reactor-http-nio-7] com.cly.gateway.filter.GlobalLogFilter   : 用户 ID: 13542748103
2026-04-01T08:52:15.870+08:00  INFO 30456 --- [gateway-service] [reactor-http-nio-7] com.cly.gateway.filter.GlobalLogFilter   : ========== 网关请求结束 ==========
2026-04-01T08:52:15.870+08:00  INFO 30456 --- [gateway-service] [reactor-http-nio-7] com.cly.gateway.filter.GlobalLogFilter   : 状态码：200
2026-04-01T08:52:15.870+08:00  INFO 30456 --- [gateway-service] [reactor-http-nio-7] com.cly.gateway.filter.GlobalLogFilter   : 耗时：2389ms
2026-04-01T08:52:15.870+08:00  INFO 30456 --- [gateway-service] [reactor-http-nio-7] com.cly.gateway.filter.GlobalLogFilter   : 成功：是
2026-04-01T08:52:25.175+08:00  INFO 30456 --- [gateway-service] [reactor-http-nio-7] com.cly.gateway.filter.GlobalLogFilter   : ========== 网关请求开始 ==========
2026-04-01T08:52:25.175+08:00  INFO 30456 --- [gateway-service] [reactor-http-nio-7] com.cly.gateway.filter.GlobalLogFilter   : 时间：2026-04-01 08:52:25.175
2026-04-01T08:52:25.175+08:00  INFO 30456 --- [gateway-service] [reactor-http-nio-7] com.cly.gateway.filter.GlobalLogFilter   : 路径：GET /user/patient/list
2026-04-01T08:52:25.175+08:00  INFO 30456 --- [gateway-service] [reactor-http-nio-7] com.cly.gateway.filter.GlobalLogFilter   : 用户 ID: 13542748103
2026-04-01T08:52:25.195+08:00  INFO 30456 --- [gateway-service] [reactor-http-nio-7] com.cly.gateway.filter.GlobalLogFilter   : ========== 网关请求结束 ==========
2026-04-01T08:52:25.195+08:00  INFO 30456 --- [gateway-service] [reactor-http-nio-7] com.cly.gateway.filter.GlobalLogFilter   : 状态码：200
2026-04-01T08:52:25.195+08:00  INFO 30456 --- [gateway-service] [reactor-http-nio-7] com.cly.gateway.filter.GlobalLogFilter   : 耗时：20ms
2026-04-01T08:52:25.195+08:00  INFO 30456 --- [gateway-service] [reactor-http-nio-7] com.cly.gateway.filter.GlobalLogFilter   : 成功：是
2026-04-01T08:52:26.710+08:00  INFO 30456 --- [gateway-service] [reactor-http-nio-7] com.cly.gateway.filter.GlobalLogFilter   : ========== 网关请求开始 ==========
2026-04-01T08:52:26.710+08:00  INFO 30456 --- [gateway-service] [reactor-http-nio-7] com.cly.gateway.filter.GlobalLogFilter   : 时间：2026-04-01 08:52:26.710
2026-04-01T08:52:26.710+08:00  INFO 30456 --- [gateway-service] [reactor-http-nio-7] com.cly.gateway.filter.GlobalLogFilter   : 路径：GET /order/list
2026-04-01T08:52:26.710+08:00  INFO 30456 --- [gateway-service] [reactor-http-nio-7] com.cly.gateway.filter.GlobalLogFilter   : 用户 ID: 13542748103
2026-04-01T08:52:26.725+08:00  INFO 30456 --- [gateway-service] [reactor-http-nio-7] com.cly.gateway.filter.GlobalLogFilter   : ========== 网关请求结束 ==========
2026-04-01T08:52:26.725+08:00  INFO 30456 --- [gateway-service] [reactor-http-nio-7] com.cly.gateway.filter.GlobalLogFilter   : 状态码：200
2026-04-01T08:52:26.725+08:00  INFO 30456 --- [gateway-service] [reactor-http-nio-7] com.cly.gateway.filter.GlobalLogFilter   : 耗时：15ms
2026-04-01T08:52:26.725+08:00  INFO 30456 --- [gateway-service] [reactor-http-nio-7] com.cly.gateway.filter.GlobalLogFilter   : 成功：是
2026-04-01T08:53:04.030+08:00  INFO 30456 --- [gateway-service] [reactor-http-nio-7] com.cly.gateway.filter.GlobalLogFilter   : ========== 网关请求开始 ==========
2026-04-01T08:53:04.030+08:00  INFO 30456 --- [gateway-service] [reactor-http-nio-7] com.cly.gateway.filter.GlobalLogFilter   : 时间：2026-04-01 08:53:04.030
2026-04-01T08:53:04.030+08:00  INFO 30456 --- [gateway-service] [reactor-http-nio-7] com.cly.gateway.filter.GlobalLogFilter   : 路径：GET /user/patient/list
2026-04-01T08:53:04.030+08:00  INFO 30456 --- [gateway-service] [reactor-http-nio-7] com.cly.gateway.filter.GlobalLogFilter   : 用户 ID: 13542748103
2026-04-01T08:53:04.046+08:00  INFO 30456 --- [gateway-service] [reactor-http-nio-7] com.cly.gateway.filter.GlobalLogFilter   : ========== 网关请求结束 ==========
2026-04-01T08:53:04.046+08:00  INFO 30456 --- [gateway-service] [reactor-http-nio-7] com.cly.gateway.filter.GlobalLogFilter   : 状态码：200
2026-04-01T08:53:04.046+08:00  INFO 30456 --- [gateway-service] [reactor-http-nio-7] com.cly.gateway.filter.GlobalLogFilter   : 耗时：16ms
2026-04-01T08:53:04.046+08:00  INFO 30456 --- [gateway-service] [reactor-http-nio-7] com.cly.gateway.filter.GlobalLogFilter   : 成功：是
2026-04-01T08:53:05.685+08:00  INFO 30456 --- [gateway-service] [reactor-http-nio-7] com.cly.gateway.filter.GlobalLogFilter   : ========== 网关请求开始 ==========
2026-04-01T08:53:05.685+08:00  INFO 30456 --- [gateway-service] [reactor-http-nio-7] com.cly.gateway.filter.GlobalLogFilter   : 时间：2026-04-01 08:53:05.685
2026-04-01T08:53:05.685+08:00  INFO 30456 --- [gateway-service] [reactor-http-nio-7] com.cly.gateway.filter.GlobalLogFilter   : 路径：GET /order/list
2026-04-01T08:53:05.685+08:00  INFO 30456 --- [gateway-service] [reactor-http-nio-7] com.cly.gateway.filter.GlobalLogFilter   : 用户 ID: 13542748103
2026-04-01T08:53:05.761+08:00  INFO 30456 --- [gateway-service] [reactor-http-nio-7] com.cly.gateway.filter.GlobalLogFilter   : ========== 网关请求结束 ==========
2026-04-01T08:53:05.761+08:00  INFO 30456 --- [gateway-service] [reactor-http-nio-7] com.cly.gateway.filter.GlobalLogFilter   : 状态码：200
2026-04-01T08:53:05.761+08:00  INFO 30456 --- [gateway-service] [reactor-http-nio-7] com.cly.gateway.filter.GlobalLogFilter   : 耗时：76ms
2026-04-01T08:53:05.761+08:00  INFO 30456 --- [gateway-service] [reactor-http-nio-7] com.cly.gateway.filter.GlobalLogFilter   : 成功：是
2026-04-01T08:54:25.731+08:00  INFO 30456 --- [gateway-service] [reactor-http-nio-7] com.cly.gateway.filter.GlobalLogFilter   : ========== 网关请求开始 ==========
2026-04-01T08:54:25.731+08:00  INFO 30456 --- [gateway-service] [reactor-http-nio-7] com.cly.gateway.filter.GlobalLogFilter   : 时间：2026-04-01 08:54:25.731
2026-04-01T08:54:25.731+08:00  INFO 30456 --- [gateway-service] [reactor-http-nio-7] com.cly.gateway.filter.GlobalLogFilter   : 路径：GET /order/list
2026-04-01T08:54:25.731+08:00  INFO 30456 --- [gateway-service] [reactor-http-nio-7] com.cly.gateway.filter.GlobalLogFilter   : 用户 ID: 13542748103
2026-04-01T08:54:25.748+08:00  INFO 30456 --- [gateway-service] [reactor-http-nio-7] com.cly.gateway.filter.GlobalLogFilter   : ========== 网关请求结束 ==========
2026-04-01T08:54:25.748+08:00  INFO 30456 --- [gateway-service] [reactor-http-nio-7] com.cly.gateway.filter.GlobalLogFilter   : 状态码：200
2026-04-01T08:54:25.748+08:00  INFO 30456 --- [gateway-service] [reactor-http-nio-7] com.cly.gateway.filter.GlobalLogFilter   : 耗时：17ms
2026-04-01T08:54:25.748+08:00  INFO 30456 --- [gateway-service] [reactor-http-nio-7] com.cly.gateway.filter.GlobalLogFilter   : 成功：是
2026-04-01T08:54:29.039+08:00  INFO 30456 --- [gateway-service] [reactor-http-nio-7] com.cly.gateway.filter.GlobalLogFilter   : ========== 网关请求开始 ==========
2026-04-01T08:54:29.039+08:00  INFO 30456 --- [gateway-service] [reactor-http-nio-7] com.cly.gateway.filter.GlobalLogFilter   : 时间：2026-04-01 08:54:29.039
2026-04-01T08:54:29.039+08:00  INFO 30456 --- [gateway-service] [reactor-http-nio-7] com.cly.gateway.filter.GlobalLogFilter   : 路径：POST /ai/chat
2026-04-01T08:54:29.039+08:00  INFO 30456 --- [gateway-service] [reactor-http-nio-7] com.cly.gateway.filter.GlobalLogFilter   : 用户 ID: 13542748103
2026-04-01T08:54:33.567+08:00  INFO 30456 --- [gateway-service] [reactor-http-nio-7] com.cly.gateway.filter.GlobalLogFilter   : ========== 网关请求结束 ==========
2026-04-01T08:54:33.567+08:00  INFO 30456 --- [gateway-service] [reactor-http-nio-7] com.cly.gateway.filter.GlobalLogFilter   : 状态码：200
2026-04-01T08:54:33.567+08:00  INFO 30456 --- [gateway-service] [reactor-http-nio-7] com.cly.gateway.filter.GlobalLogFilter   : 耗时：4528ms
2026-04-01T08:54:33.567+08:00  INFO 30456 --- [gateway-service] [reactor-http-nio-7] com.cly.gateway.filter.GlobalLogFilter   : 成功：是
2026-04-01T08:54:40.794+08:00  INFO 30456 --- [gateway-service] [reactor-http-nio-7] com.cly.gateway.filter.GlobalLogFilter   : ========== 网关请求开始 ==========
2026-04-01T08:54:40.794+08:00  INFO 30456 --- [gateway-service] [reactor-http-nio-7] com.cly.gateway.filter.GlobalLogFilter   : 时间：2026-04-01 08:54:40.794
2026-04-01T08:54:40.794+08:00  INFO 30456 --- [gateway-service] [reactor-http-nio-7] com.cly.gateway.filter.GlobalLogFilter   : 路径：POST /ai/chat
2026-04-01T08:54:40.794+08:00  INFO 30456 --- [gateway-service] [reactor-http-nio-7] com.cly.gateway.filter.GlobalLogFilter   : 用户 ID: 13542748103
2026-04-01T08:54:43.643+08:00  INFO 30456 --- [gateway-service] [reactor-http-nio-7] com.cly.gateway.filter.GlobalLogFilter   : ========== 网关请求结束 ==========
2026-04-01T08:54:43.643+08:00  INFO 30456 --- [gateway-service] [reactor-http-nio-7] com.cly.gateway.filter.GlobalLogFilter   : 状态码：200
2026-04-01T08:54:43.643+08:00  INFO 30456 --- [gateway-service] [reactor-http-nio-7] com.cly.gateway.filter.GlobalLogFilter   : 耗时：2849ms
2026-04-01T08:54:43.643+08:00  INFO 30456 --- [gateway-service] [reactor-http-nio-7] com.cly.gateway.filter.GlobalLogFilter   : 成功：是
2026-04-01T09:55:24.605+08:00  INFO 30544 --- [gateway-service] [reactor-http-nio-2] com.cly.gateway.filter.GlobalLogFilter   : ========== 网关请求开始 ==========
2026-04-01T09:55:24.605+08:00  INFO 30544 --- [gateway-service] [reactor-http-nio-2] com.cly.gateway.filter.GlobalLogFilter   : 时间：2026-04-01 09:55:24.605
2026-04-01T09:55:24.605+08:00  INFO 30544 --- [gateway-service] [reactor-http-nio-2] com.cly.gateway.filter.GlobalLogFilter   : 路径：GET /doctor/schedule/detail
2026-04-01T09:55:24.605+08:00  INFO 30544 --- [gateway-service] [reactor-http-nio-2] com.cly.gateway.filter.GlobalLogFilter   : 用户 ID: 13542748103
2026-04-01T09:55:25.315+08:00  INFO 30544 --- [gateway-service] [reactor-http-nio-2] com.cly.gateway.filter.GlobalLogFilter   : ========== 网关请求结束 ==========
2026-04-01T09:55:25.315+08:00  INFO 30544 --- [gateway-service] [reactor-http-nio-2] com.cly.gateway.filter.GlobalLogFilter   : 状态码：200
2026-04-01T09:55:25.315+08:00  INFO 30544 --- [gateway-service] [reactor-http-nio-2] com.cly.gateway.filter.GlobalLogFilter   : 耗时：710ms
2026-04-01T09:55:25.315+08:00  INFO 30544 --- [gateway-service] [reactor-http-nio-2] com.cly.gateway.filter.GlobalLogFilter   : 成功：是
2026-04-01T09:55:28.113+08:00  INFO 30544 --- [gateway-service] [reactor-http-nio-2] com.cly.gateway.filter.GlobalLogFilter   : ========== 网关请求开始 ==========
2026-04-01T09:55:28.113+08:00  INFO 30544 --- [gateway-service] [reactor-http-nio-2] com.cly.gateway.filter.GlobalLogFilter   : 时间：2026-04-01 09:55:28.113
2026-04-01T09:55:28.113+08:00  INFO 30544 --- [gateway-service] [reactor-http-nio-2] com.cly.gateway.filter.GlobalLogFilter   : 路径：GET /doctor/schedule/detail
2026-04-01T09:55:28.113+08:00  INFO 30544 --- [gateway-service] [reactor-http-nio-2] com.cly.gateway.filter.GlobalLogFilter   : 用户 ID: 13542748103
2026-04-01T09:55:28.134+08:00  INFO 30544 --- [gateway-service] [reactor-http-nio-2] com.cly.gateway.filter.GlobalLogFilter   : ========== 网关请求结束 ==========
2026-04-01T09:55:28.135+08:00  INFO 30544 --- [gateway-service] [reactor-http-nio-2] com.cly.gateway.filter.GlobalLogFilter   : 状态码：200
2026-04-01T09:55:28.135+08:00  INFO 30544 --- [gateway-service] [reactor-http-nio-2] com.cly.gateway.filter.GlobalLogFilter   : 耗时：21ms
2026-04-01T09:55:28.135+08:00  INFO 30544 --- [gateway-service] [reactor-http-nio-2] com.cly.gateway.filter.GlobalLogFilter   : 成功：是
2026-04-01T09:55:29.405+08:00  INFO 30544 --- [gateway-service] [reactor-http-nio-2] com.cly.gateway.filter.GlobalLogFilter   : ========== 网关请求开始 ==========
2026-04-01T09:55:29.406+08:00  INFO 30544 --- [gateway-service] [reactor-http-nio-2] com.cly.gateway.filter.GlobalLogFilter   : 时间：2026-04-01 09:55:29.405
2026-04-01T09:55:29.406+08:00  INFO 30544 --- [gateway-service] [reactor-http-nio-2] com.cly.gateway.filter.GlobalLogFilter   : 路径：GET /order/list
2026-04-01T09:55:29.406+08:00  INFO 30544 --- [gateway-service] [reactor-http-nio-2] com.cly.gateway.filter.GlobalLogFilter   : 用户 ID: 13542748103
2026-04-01T09:55:29.956+08:00  INFO 30544 --- [gateway-service] [reactor-http-nio-11] com.cly.gateway.filter.GlobalLogFilter   : ========== 网关请求开始 ==========
2026-04-01T09:55:29.956+08:00  INFO 30544 --- [gateway-service] [reactor-http-nio-11] com.cly.gateway.filter.GlobalLogFilter   : 时间：2026-04-01 09:55:29.956
2026-04-01T09:55:29.956+08:00  INFO 30544 --- [gateway-service] [reactor-http-nio-11] com.cly.gateway.filter.GlobalLogFilter   : 路径：GET /user/patient/list
2026-04-01T09:55:29.956+08:00  INFO 30544 --- [gateway-service] [reactor-http-nio-11] com.cly.gateway.filter.GlobalLogFilter   : 用户 ID: 13542748103
2026-04-01T09:55:30.006+08:00  INFO 30544 --- [gateway-service] [reactor-http-nio-2] com.cly.gateway.filter.GlobalLogFilter   : ========== 网关请求结束 ==========
2026-04-01T09:55:30.006+08:00  INFO 30544 --- [gateway-service] [reactor-http-nio-2] com.cly.gateway.filter.GlobalLogFilter   : 状态码：200
2026-04-01T09:55:30.006+08:00  INFO 30544 --- [gateway-service] [reactor-http-nio-2] com.cly.gateway.filter.GlobalLogFilter   : 耗时：600ms
2026-04-01T09:55:30.006+08:00  INFO 30544 --- [gateway-service] [reactor-http-nio-2] com.cly.gateway.filter.GlobalLogFilter   : 成功：是
2026-04-01T09:55:30.648+08:00  INFO 30544 --- [gateway-service] [reactor-http-nio-2] com.cly.gateway.filter.GlobalLogFilter   : ========== 网关请求开始 ==========
2026-04-01T09:55:30.648+08:00  INFO 30544 --- [gateway-service] [reactor-http-nio-2] com.cly.gateway.filter.GlobalLogFilter   : 时间：2026-04-01 09:55:30.648
2026-04-01T09:55:30.648+08:00  INFO 30544 --- [gateway-service] [reactor-http-nio-2] com.cly.gateway.filter.GlobalLogFilter   : 路径：GET /order/list
2026-04-01T09:55:30.648+08:00  INFO 30544 --- [gateway-service] [reactor-http-nio-2] com.cly.gateway.filter.GlobalLogFilter   : 用户 ID: 13542748103
2026-04-01T09:55:30.666+08:00  INFO 30544 --- [gateway-service] [reactor-http-nio-2] com.cly.gateway.filter.GlobalLogFilter   : ========== 网关请求结束 ==========
2026-04-01T09:55:30.666+08:00  INFO 30544 --- [gateway-service] [reactor-http-nio-2] com.cly.gateway.filter.GlobalLogFilter   : 状态码：200
2026-04-01T09:55:30.666+08:00  INFO 30544 --- [gateway-service] [reactor-http-nio-2] com.cly.gateway.filter.GlobalLogFilter   : 耗时：18ms
2026-04-01T09:55:30.666+08:00  INFO 30544 --- [gateway-service] [reactor-http-nio-2] com.cly.gateway.filter.GlobalLogFilter   : 成功：是
2026-04-01T09:55:30.669+08:00  INFO 30544 --- [gateway-service] [reactor-http-nio-11] com.cly.gateway.filter.GlobalLogFilter   : ========== 网关请求结束 ==========
2026-04-01T09:55:30.669+08:00  INFO 30544 --- [gateway-service] [reactor-http-nio-11] com.cly.gateway.filter.GlobalLogFilter   : 状态码：200
2026-04-01T09:55:30.669+08:00  INFO 30544 --- [gateway-service] [reactor-http-nio-11] com.cly.gateway.filter.GlobalLogFilter   : 耗时：713ms
2026-04-01T09:55:30.669+08:00  INFO 30544 --- [gateway-service] [reactor-http-nio-11] com.cly.gateway.filter.GlobalLogFilter   : 成功：是
2026-04-01T09:55:32.635+08:00  INFO 30544 --- [gateway-service] [reactor-http-nio-11] com.cly.gateway.filter.GlobalLogFilter   : ========== 网关请求开始 ==========
2026-04-01T09:55:32.635+08:00  INFO 30544 --- [gateway-service] [reactor-http-nio-11] com.cly.gateway.filter.GlobalLogFilter   : 时间：2026-04-01 09:55:32.635
2026-04-01T09:55:32.635+08:00  INFO 30544 --- [gateway-service] [reactor-http-nio-11] com.cly.gateway.filter.GlobalLogFilter   : 路径：GET /user/patient/list
2026-04-01T09:55:32.635+08:00  INFO 30544 --- [gateway-service] [reactor-http-nio-11] com.cly.gateway.filter.GlobalLogFilter   : 用户 ID: 13542748103
2026-04-01T09:55:32.652+08:00  INFO 30544 --- [gateway-service] [reactor-http-nio-11] com.cly.gateway.filter.GlobalLogFilter   : ========== 网关请求结束 ==========
2026-04-01T09:55:32.652+08:00  INFO 30544 --- [gateway-service] [reactor-http-nio-11] com.cly.gateway.filter.GlobalLogFilter   : 状态码：200
2026-04-01T09:55:32.652+08:00  INFO 30544 --- [gateway-service] [reactor-http-nio-11] com.cly.gateway.filter.GlobalLogFilter   : 耗时：17ms
2026-04-01T09:55:32.652+08:00  INFO 30544 --- [gateway-service] [reactor-http-nio-11] com.cly.gateway.filter.GlobalLogFilter   : 成功：是
2026-04-01T09:55:35.260+08:00  INFO 30544 --- [gateway-service] [reactor-http-nio-11] com.cly.gateway.filter.GlobalLogFilter   : ========== 网关请求开始 ==========
2026-04-01T09:55:35.260+08:00  INFO 30544 --- [gateway-service] [reactor-http-nio-11] com.cly.gateway.filter.GlobalLogFilter   : 时间：2026-04-01 09:55:35.260
2026-04-01T09:55:35.260+08:00  INFO 30544 --- [gateway-service] [reactor-http-nio-11] com.cly.gateway.filter.GlobalLogFilter   : 路径：POST /ai/chat
2026-04-01T09:55:35.260+08:00  INFO 30544 --- [gateway-service] [reactor-http-nio-11] com.cly.gateway.filter.GlobalLogFilter   : 用户 ID: 13542748103
2026-04-01T09:55:41.430+08:00  INFO 30544 --- [gateway-service] [reactor-http-nio-11] com.cly.gateway.filter.GlobalLogFilter   : ========== 网关请求结束 ==========
2026-04-01T09:55:41.430+08:00  INFO 30544 --- [gateway-service] [reactor-http-nio-11] com.cly.gateway.filter.GlobalLogFilter   : 状态码：200
2026-04-01T09:55:41.430+08:00  INFO 30544 --- [gateway-service] [reactor-http-nio-11] com.cly.gateway.filter.GlobalLogFilter   : 耗时：6170ms
2026-04-01T09:55:41.430+08:00  INFO 30544 --- [gateway-service] [reactor-http-nio-11] com.cly.gateway.filter.GlobalLogFilter   : 成功：是
2026-04-01T09:55:58.870+08:00  INFO 30544 --- [gateway-service] [reactor-http-nio-11] com.cly.gateway.filter.GlobalLogFilter   : ========== 网关请求开始 ==========
2026-04-01T09:55:58.870+08:00  INFO 30544 --- [gateway-service] [reactor-http-nio-11] com.cly.gateway.filter.GlobalLogFilter   : 时间：2026-04-01 09:55:58.870
2026-04-01T09:55:58.870+08:00  INFO 30544 --- [gateway-service] [reactor-http-nio-11] com.cly.gateway.filter.GlobalLogFilter   : 路径：POST /ai/chat
2026-04-01T09:55:58.870+08:00  INFO 30544 --- [gateway-service] [reactor-http-nio-11] com.cly.gateway.filter.GlobalLogFilter   : 用户 ID: 13542748103
2026-04-01T09:56:03.422+08:00  INFO 30544 --- [gateway-service] [reactor-http-nio-11] com.cly.gateway.filter.GlobalLogFilter   : ========== 网关请求结束 ==========
2026-04-01T09:56:03.423+08:00  INFO 30544 --- [gateway-service] [reactor-http-nio-11] com.cly.gateway.filter.GlobalLogFilter   : 状态码：200
2026-04-01T09:56:03.423+08:00  INFO 30544 --- [gateway-service] [reactor-http-nio-11] com.cly.gateway.filter.GlobalLogFilter   : 耗时：4552ms
2026-04-01T09:56:03.423+08:00  INFO 30544 --- [gateway-service] [reactor-http-nio-11] com.cly.gateway.filter.GlobalLogFilter   : 成功：是
2026-04-01T09:56:35.448+08:00  INFO 30544 --- [gateway-service] [reactor-http-nio-11] com.cly.gateway.filter.GlobalLogFilter   : ========== 网关请求开始 ==========
2026-04-01T09:56:35.448+08:00  INFO 30544 --- [gateway-service] [reactor-http-nio-11] com.cly.gateway.filter.GlobalLogFilter   : 时间：2026-04-01 09:56:35.448
2026-04-01T09:56:35.448+08:00  INFO 30544 --- [gateway-service] [reactor-http-nio-11] com.cly.gateway.filter.GlobalLogFilter   : 路径：POST /ai/chat
2026-04-01T09:56:35.448+08:00  INFO 30544 --- [gateway-service] [reactor-http-nio-11] com.cly.gateway.filter.GlobalLogFilter   : 用户 ID: 13542748103
2026-04-01T09:56:38.352+08:00  INFO 30544 --- [gateway-service] [reactor-http-nio-11] com.cly.gateway.filter.GlobalLogFilter   : ========== 网关请求结束 ==========
2026-04-01T09:56:38.352+08:00  INFO 30544 --- [gateway-service] [reactor-http-nio-11] com.cly.gateway.filter.GlobalLogFilter   : 状态码：200
2026-04-01T09:56:38.352+08:00  INFO 30544 --- [gateway-service] [reactor-http-nio-11] com.cly.gateway.filter.GlobalLogFilter   : 耗时：2904ms
2026-04-01T09:56:38.352+08:00  INFO 30544 --- [gateway-service] [reactor-http-nio-11] com.cly.gateway.filter.GlobalLogFilter   : 成功：是
2026-04-01T09:56:58.118+08:00  INFO 30544 --- [gateway-service] [reactor-http-nio-11] com.cly.gateway.filter.GlobalLogFilter   : ========== 网关请求开始 ==========
2026-04-01T09:56:58.118+08:00  INFO 30544 --- [gateway-service] [reactor-http-nio-11] com.cly.gateway.filter.GlobalLogFilter   : 时间：2026-04-01 09:56:58.118
2026-04-01T09:56:58.118+08:00  INFO 30544 --- [gateway-service] [reactor-http-nio-11] com.cly.gateway.filter.GlobalLogFilter   : 路径：POST /ai/chat
2026-04-01T09:56:58.118+08:00  INFO 30544 --- [gateway-service] [reactor-http-nio-11] com.cly.gateway.filter.GlobalLogFilter   : 用户 ID: 13542748103
2026-04-01T09:57:02.133+08:00  INFO 30544 --- [gateway-service] [reactor-http-nio-11] com.cly.gateway.filter.GlobalLogFilter   : ========== 网关请求结束 ==========
2026-04-01T09:57:02.133+08:00  INFO 30544 --- [gateway-service] [reactor-http-nio-11] com.cly.gateway.filter.GlobalLogFilter   : 状态码：200
2026-04-01T09:57:02.133+08:00  INFO 30544 --- [gateway-service] [reactor-http-nio-11] com.cly.gateway.filter.GlobalLogFilter   : 耗时：4015ms
2026-04-01T09:57:02.133+08:00  INFO 30544 --- [gateway-service] [reactor-http-nio-11] com.cly.gateway.filter.GlobalLogFilter   : 成功：是
2026-04-01T09:57:21.234+08:00  INFO 30544 --- [gateway-service] [reactor-http-nio-11] com.cly.gateway.filter.GlobalLogFilter   : ========== 网关请求开始 ==========
2026-04-01T09:57:21.234+08:00  INFO 30544 --- [gateway-service] [reactor-http-nio-11] com.cly.gateway.filter.GlobalLogFilter   : 时间：2026-04-01 09:57:21.234
2026-04-01T09:57:21.234+08:00  INFO 30544 --- [gateway-service] [reactor-http-nio-11] com.cly.gateway.filter.GlobalLogFilter   : 路径：POST /ai/chat
2026-04-01T09:57:21.234+08:00  INFO 30544 --- [gateway-service] [reactor-http-nio-11] com.cly.gateway.filter.GlobalLogFilter   : 用户 ID: 13542748103
2026-04-01T09:57:22.937+08:00  INFO 30544 --- [gateway-service] [reactor-http-nio-11] com.cly.gateway.filter.GlobalLogFilter   : ========== 网关请求结束 ==========
2026-04-01T09:57:22.937+08:00  INFO 30544 --- [gateway-service] [reactor-http-nio-11] com.cly.gateway.filter.GlobalLogFilter   : 状态码：200
2026-04-01T09:57:22.937+08:00  INFO 30544 --- [gateway-service] [reactor-http-nio-11] com.cly.gateway.filter.GlobalLogFilter   : 耗时：1703ms
2026-04-01T09:57:22.937+08:00  INFO 30544 --- [gateway-service] [reactor-http-nio-11] com.cly.gateway.filter.GlobalLogFilter   : 成功：是
2026-04-01T09:57:42.657+08:00  INFO 30544 --- [gateway-service] [reactor-http-nio-11] com.cly.gateway.filter.GlobalLogFilter   : ========== 网关请求开始 ==========
2026-04-01T09:57:42.657+08:00  INFO 30544 --- [gateway-service] [reactor-http-nio-11] com.cly.gateway.filter.GlobalLogFilter   : 时间：2026-04-01 09:57:42.657
2026-04-01T09:57:42.657+08:00  INFO 30544 --- [gateway-service] [reactor-http-nio-11] com.cly.gateway.filter.GlobalLogFilter   : 路径：POST /ai/chat
2026-04-01T09:57:42.657+08:00  INFO 30544 --- [gateway-service] [reactor-http-nio-11] com.cly.gateway.filter.GlobalLogFilter   : 用户 ID: 13542748103
2026-04-01T09:57:53.310+08:00  INFO 30544 --- [gateway-service] [reactor-http-nio-11] com.cly.gateway.filter.GlobalLogFilter   : ========== 网关请求结束 ==========
2026-04-01T09:57:53.310+08:00  INFO 30544 --- [gateway-service] [reactor-http-nio-11] com.cly.gateway.filter.GlobalLogFilter   : 状态码：200
2026-04-01T09:57:53.310+08:00  INFO 30544 --- [gateway-service] [reactor-http-nio-11] com.cly.gateway.filter.GlobalLogFilter   : 耗时：10653ms
2026-04-01T09:57:53.310+08:00  INFO 30544 --- [gateway-service] [reactor-http-nio-11] com.cly.gateway.filter.GlobalLogFilter   : 成功：是
2026-04-01T09:58:05.459+08:00  INFO 30544 --- [gateway-service] [reactor-http-nio-11] com.cly.gateway.filter.GlobalLogFilter   : ========== 网关请求开始 ==========
2026-04-01T09:58:05.459+08:00  INFO 30544 --- [gateway-service] [reactor-http-nio-11] com.cly.gateway.filter.GlobalLogFilter   : 时间：2026-04-01 09:58:05.459
2026-04-01T09:58:05.460+08:00  INFO 30544 --- [gateway-service] [reactor-http-nio-11] com.cly.gateway.filter.GlobalLogFilter   : 路径：POST /ai/chat
2026-04-01T09:58:05.460+08:00  INFO 30544 --- [gateway-service] [reactor-http-nio-11] com.cly.gateway.filter.GlobalLogFilter   : 用户 ID: 13542748103
2026-04-01T09:58:09.471+08:00  INFO 30544 --- [gateway-service] [reactor-http-nio-11] com.cly.gateway.filter.GlobalLogFilter   : ========== 网关请求结束 ==========
2026-04-01T09:58:09.471+08:00  INFO 30544 --- [gateway-service] [reactor-http-nio-11] com.cly.gateway.filter.GlobalLogFilter   : 状态码：200
2026-04-01T09:58:09.471+08:00  INFO 30544 --- [gateway-service] [reactor-http-nio-11] com.cly.gateway.filter.GlobalLogFilter   : 耗时：4011ms
2026-04-01T09:58:09.471+08:00  INFO 30544 --- [gateway-service] [reactor-http-nio-11] com.cly.gateway.filter.GlobalLogFilter   : 成功：是
2026-04-01T09:58:18.483+08:00  INFO 30544 --- [gateway-service] [reactor-http-nio-11] com.cly.gateway.filter.GlobalLogFilter   : ========== 网关请求开始 ==========
2026-04-01T09:58:18.483+08:00  INFO 30544 --- [gateway-service] [reactor-http-nio-11] com.cly.gateway.filter.GlobalLogFilter   : 时间：2026-04-01 09:58:18.483
2026-04-01T09:58:18.483+08:00  INFO 30544 --- [gateway-service] [reactor-http-nio-11] com.cly.gateway.filter.GlobalLogFilter   : 路径：POST /ai/chat
2026-04-01T09:58:18.483+08:00  INFO 30544 --- [gateway-service] [reactor-http-nio-11] com.cly.gateway.filter.GlobalLogFilter   : 用户 ID: 13542748103
2026-04-01T09:58:20.067+08:00  INFO 30544 --- [gateway-service] [reactor-http-nio-11] com.cly.gateway.filter.GlobalLogFilter   : ========== 网关请求结束 ==========
2026-04-01T09:58:20.067+08:00  INFO 30544 --- [gateway-service] [reactor-http-nio-11] com.cly.gateway.filter.GlobalLogFilter   : 状态码：200
2026-04-01T09:58:20.067+08:00  INFO 30544 --- [gateway-service] [reactor-http-nio-11] com.cly.gateway.filter.GlobalLogFilter   : 耗时：1584ms
2026-04-01T09:58:20.067+08:00  INFO 30544 --- [gateway-service] [reactor-http-nio-11] com.cly.gateway.filter.GlobalLogFilter   : 成功：是
2026-04-01T09:58:25.111+08:00  INFO 30544 --- [gateway-service] [reactor-http-nio-11] com.cly.gateway.filter.GlobalLogFilter   : ========== 网关请求开始 ==========
2026-04-01T09:58:25.111+08:00  INFO 30544 --- [gateway-service] [reactor-http-nio-11] com.cly.gateway.filter.GlobalLogFilter   : 时间：2026-04-01 09:58:25.111
2026-04-01T09:58:25.111+08:00  INFO 30544 --- [gateway-service] [reactor-http-nio-11] com.cly.gateway.filter.GlobalLogFilter   : 路径：POST /ai/chat
2026-04-01T09:58:25.111+08:00  INFO 30544 --- [gateway-service] [reactor-http-nio-11] com.cly.gateway.filter.GlobalLogFilter   : 用户 ID: 13542748103
2026-04-01T09:58:26.999+08:00  INFO 30544 --- [gateway-service] [reactor-http-nio-11] com.cly.gateway.filter.GlobalLogFilter   : ========== 网关请求结束 ==========
2026-04-01T09:58:26.999+08:00  INFO 30544 --- [gateway-service] [reactor-http-nio-11] com.cly.gateway.filter.GlobalLogFilter   : 状态码：200
2026-04-01T09:58:26.999+08:00  INFO 30544 --- [gateway-service] [reactor-http-nio-11] com.cly.gateway.filter.GlobalLogFilter   : 耗时：1888ms
2026-04-01T09:58:26.999+08:00  INFO 30544 --- [gateway-service] [reactor-http-nio-11] com.cly.gateway.filter.GlobalLogFilter   : 成功：是
2026-04-01T09:58:52.140+08:00  INFO 30544 --- [gateway-service] [reactor-http-nio-11] com.cly.gateway.filter.GlobalLogFilter   : ========== 网关请求开始 ==========
2026-04-01T09:58:52.140+08:00  INFO 30544 --- [gateway-service] [reactor-http-nio-11] com.cly.gateway.filter.GlobalLogFilter   : 时间：2026-04-01 09:58:52.140
2026-04-01T09:58:52.140+08:00  INFO 30544 --- [gateway-service] [reactor-http-nio-11] com.cly.gateway.filter.GlobalLogFilter   : 路径：POST /ai/chat
2026-04-01T09:58:52.140+08:00  INFO 30544 --- [gateway-service] [reactor-http-nio-11] com.cly.gateway.filter.GlobalLogFilter   : 用户 ID: 13542748103
2026-04-01T09:58:54.581+08:00  INFO 30544 --- [gateway-service] [reactor-http-nio-11] com.cly.gateway.filter.GlobalLogFilter   : ========== 网关请求结束 ==========
2026-04-01T09:58:54.581+08:00  INFO 30544 --- [gateway-service] [reactor-http-nio-11] com.cly.gateway.filter.GlobalLogFilter   : 状态码：200
2026-04-01T09:58:54.581+08:00  INFO 30544 --- [gateway-service] [reactor-http-nio-11] com.cly.gateway.filter.GlobalLogFilter   : 耗时：2441ms
2026-04-01T09:58:54.581+08:00  INFO 30544 --- [gateway-service] [reactor-http-nio-11] com.cly.gateway.filter.GlobalLogFilter   : 成功：是
2026-04-01T09:59:01.725+08:00  INFO 30544 --- [gateway-service] [reactor-http-nio-11] com.cly.gateway.filter.GlobalLogFilter   : ========== 网关请求开始 ==========
2026-04-01T09:59:01.725+08:00  INFO 30544 --- [gateway-service] [reactor-http-nio-11] com.cly.gateway.filter.GlobalLogFilter   : 时间：2026-04-01 09:59:01.725
2026-04-01T09:59:01.725+08:00  INFO 30544 --- [gateway-service] [reactor-http-nio-11] com.cly.gateway.filter.GlobalLogFilter   : 路径：POST /ai/chat
2026-04-01T09:59:01.726+08:00  INFO 30544 --- [gateway-service] [reactor-http-nio-11] com.cly.gateway.filter.GlobalLogFilter   : 用户 ID: 13542748103
2026-04-01T09:59:05.276+08:00  INFO 30544 --- [gateway-service] [reactor-http-nio-11] com.cly.gateway.filter.GlobalLogFilter   : ========== 网关请求结束 ==========
2026-04-01T09:59:05.276+08:00  INFO 30544 --- [gateway-service] [reactor-http-nio-11] com.cly.gateway.filter.GlobalLogFilter   : 状态码：200
2026-04-01T09:59:05.276+08:00  INFO 30544 --- [gateway-service] [reactor-http-nio-11] com.cly.gateway.filter.GlobalLogFilter   : 耗时：3550ms
2026-04-01T09:59:05.276+08:00  INFO 30544 --- [gateway-service] [reactor-http-nio-11] com.cly.gateway.filter.GlobalLogFilter   : 成功：是
2026-04-01T09:59:10.510+08:00  INFO 30544 --- [gateway-service] [reactor-http-nio-11] com.cly.gateway.filter.GlobalLogFilter   : ========== 网关请求开始 ==========
2026-04-01T09:59:10.510+08:00  INFO 30544 --- [gateway-service] [reactor-http-nio-11] com.cly.gateway.filter.GlobalLogFilter   : 时间：2026-04-01 09:59:10.510
2026-04-01T09:59:10.510+08:00  INFO 30544 --- [gateway-service] [reactor-http-nio-11] com.cly.gateway.filter.GlobalLogFilter   : 路径：POST /ai/chat
2026-04-01T09:59:10.510+08:00  INFO 30544 --- [gateway-service] [reactor-http-nio-11] com.cly.gateway.filter.GlobalLogFilter   : 用户 ID: 13542748103
2026-04-01T09:59:12.226+08:00  INFO 30544 --- [gateway-service] [reactor-http-nio-11] com.cly.gateway.filter.GlobalLogFilter   : ========== 网关请求结束 ==========
2026-04-01T09:59:12.226+08:00  INFO 30544 --- [gateway-service] [reactor-http-nio-11] com.cly.gateway.filter.GlobalLogFilter   : 状态码：200
2026-04-01T09:59:12.226+08:00  INFO 30544 --- [gateway-service] [reactor-http-nio-11] com.cly.gateway.filter.GlobalLogFilter   : 耗时：1716ms
2026-04-01T09:59:12.226+08:00  INFO 30544 --- [gateway-service] [reactor-http-nio-11] com.cly.gateway.filter.GlobalLogFilter   : 成功：是
2026-04-01T09:59:15.044+08:00  INFO 30544 --- [gateway-service] [reactor-http-nio-11] com.cly.gateway.filter.GlobalLogFilter   : ========== 网关请求开始 ==========
2026-04-01T09:59:15.044+08:00  INFO 30544 --- [gateway-service] [reactor-http-nio-11] com.cly.gateway.filter.GlobalLogFilter   : 时间：2026-04-01 09:59:15.044
2026-04-01T09:59:15.044+08:00  INFO 30544 --- [gateway-service] [reactor-http-nio-11] com.cly.gateway.filter.GlobalLogFilter   : 路径：POST /ai/chat
2026-04-01T09:59:15.044+08:00  INFO 30544 --- [gateway-service] [reactor-http-nio-11] com.cly.gateway.filter.GlobalLogFilter   : 用户 ID: 13542748103
2026-04-01T09:59:17.496+08:00  INFO 30544 --- [gateway-service] [reactor-http-nio-11] com.cly.gateway.filter.GlobalLogFilter   : ========== 网关请求结束 ==========
2026-04-01T09:59:17.496+08:00  INFO 30544 --- [gateway-service] [reactor-http-nio-11] com.cly.gateway.filter.GlobalLogFilter   : 状态码：200
2026-04-01T09:59:17.496+08:00  INFO 30544 --- [gateway-service] [reactor-http-nio-11] com.cly.gateway.filter.GlobalLogFilter   : 耗时：2452ms
2026-04-01T09:59:17.496+08:00  INFO 30544 --- [gateway-service] [reactor-http-nio-11] com.cly.gateway.filter.GlobalLogFilter   : 成功：是
2026-04-01T09:59:20.257+08:00  INFO 30544 --- [gateway-service] [reactor-http-nio-11] com.cly.gateway.filter.GlobalLogFilter   : ========== 网关请求开始 ==========
2026-04-01T09:59:20.257+08:00  INFO 30544 --- [gateway-service] [reactor-http-nio-11] com.cly.gateway.filter.GlobalLogFilter   : 时间：2026-04-01 09:59:20.257
2026-04-01T09:59:20.257+08:00  INFO 30544 --- [gateway-service] [reactor-http-nio-11] com.cly.gateway.filter.GlobalLogFilter   : 路径：POST /ai/chat
2026-04-01T09:59:20.257+08:00  INFO 30544 --- [gateway-service] [reactor-http-nio-11] com.cly.gateway.filter.GlobalLogFilter   : 用户 ID: 13542748103
2026-04-01T09:59:24.440+08:00  INFO 30544 --- [gateway-service] [reactor-http-nio-11] com.cly.gateway.filter.GlobalLogFilter   : ========== 网关请求结束 ==========
2026-04-01T09:59:24.440+08:00  INFO 30544 --- [gateway-service] [reactor-http-nio-11] com.cly.gateway.filter.GlobalLogFilter   : 状态码：200
2026-04-01T09:59:24.440+08:00  INFO 30544 --- [gateway-service] [reactor-http-nio-11] com.cly.gateway.filter.GlobalLogFilter   : 耗时：4183ms
2026-04-01T09:59:24.440+08:00  INFO 30544 --- [gateway-service] [reactor-http-nio-11] com.cly.gateway.filter.GlobalLogFilter   : 成功：是
2026-04-01T09:59:28.867+08:00  INFO 30544 --- [gateway-service] [reactor-http-nio-11] com.cly.gateway.filter.GlobalLogFilter   : ========== 网关请求开始 ==========
2026-04-01T09:59:28.867+08:00  INFO 30544 --- [gateway-service] [reactor-http-nio-11] com.cly.gateway.filter.GlobalLogFilter   : 时间：2026-04-01 09:59:28.867
2026-04-01T09:59:28.867+08:00  INFO 30544 --- [gateway-service] [reactor-http-nio-11] com.cly.gateway.filter.GlobalLogFilter   : 路径：POST /ai/chat
2026-04-01T09:59:28.867+08:00  INFO 30544 --- [gateway-service] [reactor-http-nio-11] com.cly.gateway.filter.GlobalLogFilter   : 用户 ID: 13542748103
2026-04-01T09:59:32.506+08:00  INFO 30544 --- [gateway-service] [reactor-http-nio-11] com.cly.gateway.filter.GlobalLogFilter   : ========== 网关请求结束 ==========
2026-04-01T09:59:32.507+08:00  INFO 30544 --- [gateway-service] [reactor-http-nio-11] com.cly.gateway.filter.GlobalLogFilter   : 状态码：200
2026-04-01T09:59:32.507+08:00  INFO 30544 --- [gateway-service] [reactor-http-nio-11] com.cly.gateway.filter.GlobalLogFilter   : 耗时：3639ms
2026-04-01T09:59:32.507+08:00  INFO 30544 --- [gateway-service] [reactor-http-nio-11] com.cly.gateway.filter.GlobalLogFilter   : 成功：是
2026-04-01T09:59:39.075+08:00  INFO 30544 --- [gateway-service] [reactor-http-nio-11] com.cly.gateway.filter.GlobalLogFilter   : ========== 网关请求开始 ==========
2026-04-01T09:59:39.075+08:00  INFO 30544 --- [gateway-service] [reactor-http-nio-11] com.cly.gateway.filter.GlobalLogFilter   : 时间：2026-04-01 09:59:39.075
2026-04-01T09:59:39.075+08:00  INFO 30544 --- [gateway-service] [reactor-http-nio-11] com.cly.gateway.filter.GlobalLogFilter   : 路径：POST /ai/chat
2026-04-01T09:59:39.075+08:00  INFO 30544 --- [gateway-service] [reactor-http-nio-11] com.cly.gateway.filter.GlobalLogFilter   : 用户 ID: 13542748103
2026-04-01T09:59:41.803+08:00  INFO 30544 --- [gateway-service] [reactor-http-nio-11] com.cly.gateway.filter.GlobalLogFilter   : ========== 网关请求结束 ==========
2026-04-01T09:59:41.803+08:00  INFO 30544 --- [gateway-service] [reactor-http-nio-11] com.cly.gateway.filter.GlobalLogFilter   : 状态码：200
2026-04-01T09:59:41.803+08:00  INFO 30544 --- [gateway-service] [reactor-http-nio-11] com.cly.gateway.filter.GlobalLogFilter   : 耗时：2728ms
2026-04-01T09:59:41.803+08:00  INFO 30544 --- [gateway-service] [reactor-http-nio-11] com.cly.gateway.filter.GlobalLogFilter   : 成功：是
2026-04-01T10:01:17.812+08:00  INFO 30544 --- [gateway-service] [reactor-http-nio-11] com.cly.gateway.filter.GlobalLogFilter   : ========== 网关请求开始 ==========
2026-04-01T10:01:17.812+08:00  INFO 30544 --- [gateway-service] [reactor-http-nio-11] com.cly.gateway.filter.GlobalLogFilter   : 时间：2026-04-01 10:01:17.812
2026-04-01T10:01:17.812+08:00  INFO 30544 --- [gateway-service] [reactor-http-nio-11] com.cly.gateway.filter.GlobalLogFilter   : 路径：GET /order/list
2026-04-01T10:01:17.812+08:00  INFO 30544 --- [gateway-service] [reactor-http-nio-11] com.cly.gateway.filter.GlobalLogFilter   : 用户 ID: 13542748103
2026-04-01T10:01:17.847+08:00  INFO 30544 --- [gateway-service] [reactor-http-nio-11] com.cly.gateway.filter.GlobalLogFilter   : ========== 网关请求结束 ==========
2026-04-01T10:01:17.847+08:00  INFO 30544 --- [gateway-service] [reactor-http-nio-11] com.cly.gateway.filter.GlobalLogFilter   : 状态码：200
2026-04-01T10:01:17.847+08:00  INFO 30544 --- [gateway-service] [reactor-http-nio-11] com.cly.gateway.filter.GlobalLogFilter   : 耗时：35ms
2026-04-01T10:01:17.847+08:00  INFO 30544 --- [gateway-service] [reactor-http-nio-11] com.cly.gateway.filter.GlobalLogFilter   : 成功：是
2026-04-01T10:01:32.810+08:00  INFO 30544 --- [gateway-service] [reactor-http-nio-11] com.cly.gateway.filter.GlobalLogFilter   : ========== 网关请求开始 ==========
2026-04-01T10:01:32.810+08:00  INFO 30544 --- [gateway-service] [reactor-http-nio-11] com.cly.gateway.filter.GlobalLogFilter   : 时间：2026-04-01 10:01:32.810
2026-04-01T10:01:32.810+08:00  INFO 30544 --- [gateway-service] [reactor-http-nio-11] com.cly.gateway.filter.GlobalLogFilter   : 路径：POST /ai/chat
2026-04-01T10:01:32.810+08:00  INFO 30544 --- [gateway-service] [reactor-http-nio-11] com.cly.gateway.filter.GlobalLogFilter   : 用户 ID: 13542748103
2026-04-01T10:01:35.516+08:00  INFO 30544 --- [gateway-service] [reactor-http-nio-11] com.cly.gateway.filter.GlobalLogFilter   : ========== 网关请求结束 ==========
2026-04-01T10:01:35.516+08:00  INFO 30544 --- [gateway-service] [reactor-http-nio-11] com.cly.gateway.filter.GlobalLogFilter   : 状态码：200
2026-04-01T10:01:35.516+08:00  INFO 30544 --- [gateway-service] [reactor-http-nio-11] com.cly.gateway.filter.GlobalLogFilter   : 耗时：2706ms
2026-04-01T10:01:35.516+08:00  INFO 30544 --- [gateway-service] [reactor-http-nio-11] com.cly.gateway.filter.GlobalLogFilter   : 成功：是
2026-04-01T10:01:51.356+08:00  INFO 30544 --- [gateway-service] [reactor-http-nio-11] com.cly.gateway.filter.GlobalLogFilter   : ========== 网关请求开始 ==========
2026-04-01T10:01:51.356+08:00  INFO 30544 --- [gateway-service] [reactor-http-nio-11] com.cly.gateway.filter.GlobalLogFilter   : 时间：2026-04-01 10:01:51.356
2026-04-01T10:01:51.356+08:00  INFO 30544 --- [gateway-service] [reactor-http-nio-11] com.cly.gateway.filter.GlobalLogFilter   : 路径：GET /user/patient/list
2026-04-01T10:01:51.356+08:00  INFO 30544 --- [gateway-service] [reactor-http-nio-11] com.cly.gateway.filter.GlobalLogFilter   : 用户 ID: 13542748103
2026-04-01T10:01:51.374+08:00  INFO 30544 --- [gateway-service] [reactor-http-nio-11] com.cly.gateway.filter.GlobalLogFilter   : ========== 网关请求结束 ==========
2026-04-01T10:01:51.374+08:00  INFO 30544 --- [gateway-service] [reactor-http-nio-11] com.cly.gateway.filter.GlobalLogFilter   : 状态码：200
2026-04-01T10:01:51.374+08:00  INFO 30544 --- [gateway-service] [reactor-http-nio-11] com.cly.gateway.filter.GlobalLogFilter   : 耗时：18ms
2026-04-01T10:01:51.374+08:00  INFO 30544 --- [gateway-service] [reactor-http-nio-11] com.cly.gateway.filter.GlobalLogFilter   : 成功：是
2026-04-01T10:33:12.126+08:00  INFO 27896 --- [gateway-service] [reactor-http-nio-2] com.cly.gateway.filter.GlobalLogFilter   : ========== 网关请求开始 ==========
2026-04-01T10:33:12.126+08:00  INFO 27896 --- [gateway-service] [reactor-http-nio-2] com.cly.gateway.filter.GlobalLogFilter   : 时间：2026-04-01 10:33:12.126
2026-04-01T10:33:12.126+08:00  INFO 27896 --- [gateway-service] [reactor-http-nio-2] com.cly.gateway.filter.GlobalLogFilter   : 路径：POST /ai/chat
2026-04-01T10:33:12.126+08:00  INFO 27896 --- [gateway-service] [reactor-http-nio-2] com.cly.gateway.filter.GlobalLogFilter   : 用户 ID: 13542748103
2026-04-01T10:33:15.421+08:00  INFO 27896 --- [gateway-service] [reactor-http-nio-2] com.cly.gateway.filter.GlobalLogFilter   : ========== 网关请求结束 ==========
2026-04-01T10:33:15.421+08:00  INFO 27896 --- [gateway-service] [reactor-http-nio-2] com.cly.gateway.filter.GlobalLogFilter   : 状态码：200
2026-04-01T10:33:15.421+08:00  INFO 27896 --- [gateway-service] [reactor-http-nio-2] com.cly.gateway.filter.GlobalLogFilter   : 耗时：3295ms
2026-04-01T10:33:15.421+08:00  INFO 27896 --- [gateway-service] [reactor-http-nio-2] com.cly.gateway.filter.GlobalLogFilter   : 成功：是
2026-04-01T10:33:18.971+08:00  INFO 27896 --- [gateway-service] [reactor-http-nio-2] com.cly.gateway.filter.GlobalLogFilter   : ========== 网关请求开始 ==========
2026-04-01T10:33:18.971+08:00  INFO 27896 --- [gateway-service] [reactor-http-nio-2] com.cly.gateway.filter.GlobalLogFilter   : 时间：2026-04-01 10:33:18.970
2026-04-01T10:33:18.971+08:00  INFO 27896 --- [gateway-service] [reactor-http-nio-2] com.cly.gateway.filter.GlobalLogFilter   : 路径：POST /ai/chat
2026-04-01T10:33:18.971+08:00  INFO 27896 --- [gateway-service] [reactor-http-nio-2] com.cly.gateway.filter.GlobalLogFilter   : 用户 ID: 13542748103
2026-04-01T10:33:23.351+08:00  INFO 27896 --- [gateway-service] [reactor-http-nio-2] com.cly.gateway.filter.GlobalLogFilter   : ========== 网关请求结束 ==========
2026-04-01T10:33:23.351+08:00  INFO 27896 --- [gateway-service] [reactor-http-nio-2] com.cly.gateway.filter.GlobalLogFilter   : 状态码：200
2026-04-01T10:33:23.351+08:00  INFO 27896 --- [gateway-service] [reactor-http-nio-2] com.cly.gateway.filter.GlobalLogFilter   : 耗时：4380ms
2026-04-01T10:33:23.351+08:00  INFO 27896 --- [gateway-service] [reactor-http-nio-2] com.cly.gateway.filter.GlobalLogFilter   : 成功：是
2026-04-01T10:33:30.001+08:00  INFO 27896 --- [gateway-service] [reactor-http-nio-2] com.cly.gateway.filter.GlobalLogFilter   : ========== 网关请求开始 ==========
2026-04-01T10:33:30.001+08:00  INFO 27896 --- [gateway-service] [reactor-http-nio-2] com.cly.gateway.filter.GlobalLogFilter   : 时间：2026-04-01 10:33:30.001
2026-04-01T10:33:30.001+08:00  INFO 27896 --- [gateway-service] [reactor-http-nio-2] com.cly.gateway.filter.GlobalLogFilter   : 路径：POST /ai/chat
2026-04-01T10:33:30.001+08:00  INFO 27896 --- [gateway-service] [reactor-http-nio-2] com.cly.gateway.filter.GlobalLogFilter   : 用户 ID: 13542748103
2026-04-01T10:33:32.369+08:00  INFO 27896 --- [gateway-service] [reactor-http-nio-2] com.cly.gateway.filter.GlobalLogFilter   : ========== 网关请求结束 ==========
2026-04-01T10:33:32.369+08:00  INFO 27896 --- [gateway-service] [reactor-http-nio-2] com.cly.gateway.filter.GlobalLogFilter   : 状态码：200
2026-04-01T10:33:32.369+08:00  INFO 27896 --- [gateway-service] [reactor-http-nio-2] com.cly.gateway.filter.GlobalLogFilter   : 耗时：2368ms
2026-04-01T10:33:32.369+08:00  INFO 27896 --- [gateway-service] [reactor-http-nio-2] com.cly.gateway.filter.GlobalLogFilter   : 成功：是
2026-04-01T10:33:37.793+08:00  INFO 27896 --- [gateway-service] [reactor-http-nio-2] com.cly.gateway.filter.GlobalLogFilter   : ========== 网关请求开始 ==========
2026-04-01T10:33:37.793+08:00  INFO 27896 --- [gateway-service] [reactor-http-nio-2] com.cly.gateway.filter.GlobalLogFilter   : 时间：2026-04-01 10:33:37.793
2026-04-01T10:33:37.793+08:00  INFO 27896 --- [gateway-service] [reactor-http-nio-2] com.cly.gateway.filter.GlobalLogFilter   : 路径：POST /ai/chat
2026-04-01T10:33:37.793+08:00  INFO 27896 --- [gateway-service] [reactor-http-nio-2] com.cly.gateway.filter.GlobalLogFilter   : 用户 ID: 13542748103
2026-04-01T10:33:39.449+08:00  INFO 27896 --- [gateway-service] [reactor-http-nio-2] com.cly.gateway.filter.GlobalLogFilter   : ========== 网关请求结束 ==========
2026-04-01T10:33:39.449+08:00  INFO 27896 --- [gateway-service] [reactor-http-nio-2] com.cly.gateway.filter.GlobalLogFilter   : 状态码：200
2026-04-01T10:33:39.449+08:00  INFO 27896 --- [gateway-service] [reactor-http-nio-2] com.cly.gateway.filter.GlobalLogFilter   : 耗时：1656ms
2026-04-01T10:33:39.449+08:00  INFO 27896 --- [gateway-service] [reactor-http-nio-2] com.cly.gateway.filter.GlobalLogFilter   : 成功：是
2026-04-01T10:33:42.104+08:00  INFO 27896 --- [gateway-service] [reactor-http-nio-2] com.cly.gateway.filter.GlobalLogFilter   : ========== 网关请求开始 ==========
2026-04-01T10:33:42.104+08:00  INFO 27896 --- [gateway-service] [reactor-http-nio-2] com.cly.gateway.filter.GlobalLogFilter   : 时间：2026-04-01 10:33:42.104
2026-04-01T10:33:42.104+08:00  INFO 27896 --- [gateway-service] [reactor-http-nio-2] com.cly.gateway.filter.GlobalLogFilter   : 路径：POST /ai/chat
2026-04-01T10:33:42.104+08:00  INFO 27896 --- [gateway-service] [reactor-http-nio-2] com.cly.gateway.filter.GlobalLogFilter   : 用户 ID: 13542748103
2026-04-01T10:33:43.963+08:00  INFO 27896 --- [gateway-service] [reactor-http-nio-2] com.cly.gateway.filter.GlobalLogFilter   : ========== 网关请求结束 ==========
2026-04-01T10:33:43.963+08:00  INFO 27896 --- [gateway-service] [reactor-http-nio-2] com.cly.gateway.filter.GlobalLogFilter   : 状态码：200
2026-04-01T10:33:43.963+08:00  INFO 27896 --- [gateway-service] [reactor-http-nio-2] com.cly.gateway.filter.GlobalLogFilter   : 耗时：1859ms
2026-04-01T10:33:43.963+08:00  INFO 27896 --- [gateway-service] [reactor-http-nio-2] com.cly.gateway.filter.GlobalLogFilter   : 成功：是
2026-04-01T10:33:47.492+08:00  INFO 27896 --- [gateway-service] [reactor-http-nio-2] com.cly.gateway.filter.GlobalLogFilter   : ========== 网关请求开始 ==========
2026-04-01T10:33:47.492+08:00  INFO 27896 --- [gateway-service] [reactor-http-nio-2] com.cly.gateway.filter.GlobalLogFilter   : 时间：2026-04-01 10:33:47.492
2026-04-01T10:33:47.492+08:00  INFO 27896 --- [gateway-service] [reactor-http-nio-2] com.cly.gateway.filter.GlobalLogFilter   : 路径：POST /ai/chat
2026-04-01T10:33:47.492+08:00  INFO 27896 --- [gateway-service] [reactor-http-nio-2] com.cly.gateway.filter.GlobalLogFilter   : 用户 ID: 13542748103
2026-04-01T10:33:51.877+08:00  INFO 27896 --- [gateway-service] [reactor-http-nio-2] com.cly.gateway.filter.GlobalLogFilter   : ========== 网关请求结束 ==========
2026-04-01T10:33:51.877+08:00  INFO 27896 --- [gateway-service] [reactor-http-nio-2] com.cly.gateway.filter.GlobalLogFilter   : 状态码：200
2026-04-01T10:33:51.877+08:00  INFO 27896 --- [gateway-service] [reactor-http-nio-2] com.cly.gateway.filter.GlobalLogFilter   : 耗时：4385ms
2026-04-01T10:33:51.877+08:00  INFO 27896 --- [gateway-service] [reactor-http-nio-2] com.cly.gateway.filter.GlobalLogFilter   : 成功：是
2026-04-01T10:33:55.356+08:00  INFO 27896 --- [gateway-service] [reactor-http-nio-2] com.cly.gateway.filter.GlobalLogFilter   : ========== 网关请求开始 ==========
2026-04-01T10:33:55.356+08:00  INFO 27896 --- [gateway-service] [reactor-http-nio-2] com.cly.gateway.filter.GlobalLogFilter   : 时间：2026-04-01 10:33:55.356
2026-04-01T10:33:55.356+08:00  INFO 27896 --- [gateway-service] [reactor-http-nio-2] com.cly.gateway.filter.GlobalLogFilter   : 路径：POST /ai/chat
2026-04-01T10:33:55.356+08:00  INFO 27896 --- [gateway-service] [reactor-http-nio-2] com.cly.gateway.filter.GlobalLogFilter   : 用户 ID: 13542748103
2026-04-01T10:33:57.447+08:00  INFO 27896 --- [gateway-service] [reactor-http-nio-2] com.cly.gateway.filter.GlobalLogFilter   : ========== 网关请求结束 ==========
2026-04-01T10:33:57.447+08:00  INFO 27896 --- [gateway-service] [reactor-http-nio-2] com.cly.gateway.filter.GlobalLogFilter   : 状态码：200
2026-04-01T10:33:57.447+08:00  INFO 27896 --- [gateway-service] [reactor-http-nio-2] com.cly.gateway.filter.GlobalLogFilter   : 耗时：2091ms
2026-04-01T10:33:57.447+08:00  INFO 27896 --- [gateway-service] [reactor-http-nio-2] com.cly.gateway.filter.GlobalLogFilter   : 成功：是
2026-04-01T10:34:20.071+08:00  INFO 27896 --- [gateway-service] [reactor-http-nio-2] com.cly.gateway.filter.GlobalLogFilter   : ========== 网关请求开始 ==========
2026-04-01T10:34:20.071+08:00  INFO 27896 --- [gateway-service] [reactor-http-nio-2] com.cly.gateway.filter.GlobalLogFilter   : 时间：2026-04-01 10:34:20.071
2026-04-01T10:34:20.071+08:00  INFO 27896 --- [gateway-service] [reactor-http-nio-2] com.cly.gateway.filter.GlobalLogFilter   : 路径：POST /ai/chat
2026-04-01T10:34:20.071+08:00  INFO 27896 --- [gateway-service] [reactor-http-nio-2] com.cly.gateway.filter.GlobalLogFilter   : 用户 ID: 13542748103
2026-04-01T10:34:22.280+08:00  INFO 27896 --- [gateway-service] [reactor-http-nio-2] com.cly.gateway.filter.GlobalLogFilter   : ========== 网关请求结束 ==========
2026-04-01T10:34:22.280+08:00  INFO 27896 --- [gateway-service] [reactor-http-nio-2] com.cly.gateway.filter.GlobalLogFilter   : 状态码：200
2026-04-01T10:34:22.280+08:00  INFO 27896 --- [gateway-service] [reactor-http-nio-2] com.cly.gateway.filter.GlobalLogFilter   : 耗时：2209ms
2026-04-01T10:34:22.280+08:00  INFO 27896 --- [gateway-service] [reactor-http-nio-2] com.cly.gateway.filter.GlobalLogFilter   : 成功：是
2026-04-01T10:34:32.774+08:00  INFO 27896 --- [gateway-service] [reactor-http-nio-2] com.cly.gateway.filter.GlobalLogFilter   : ========== 网关请求开始 ==========
2026-04-01T10:34:32.774+08:00  INFO 27896 --- [gateway-service] [reactor-http-nio-2] com.cly.gateway.filter.GlobalLogFilter   : 时间：2026-04-01 10:34:32.774
2026-04-01T10:34:32.774+08:00  INFO 27896 --- [gateway-service] [reactor-http-nio-2] com.cly.gateway.filter.GlobalLogFilter   : 路径：POST /ai/chat
2026-04-01T10:34:32.774+08:00  INFO 27896 --- [gateway-service] [reactor-http-nio-2] com.cly.gateway.filter.GlobalLogFilter   : 用户 ID: 13542748103
2026-04-01T10:34:34.676+08:00  INFO 27896 --- [gateway-service] [reactor-http-nio-2] com.cly.gateway.filter.GlobalLogFilter   : ========== 网关请求结束 ==========
2026-04-01T10:34:34.676+08:00  INFO 27896 --- [gateway-service] [reactor-http-nio-2] com.cly.gateway.filter.GlobalLogFilter   : 状态码：200
2026-04-01T10:34:34.676+08:00  INFO 27896 --- [gateway-service] [reactor-http-nio-2] com.cly.gateway.filter.GlobalLogFilter   : 耗时：1902ms
2026-04-01T10:34:34.676+08:00  INFO 27896 --- [gateway-service] [reactor-http-nio-2] com.cly.gateway.filter.GlobalLogFilter   : 成功：是
2026-04-01T10:34:40.842+08:00  INFO 27896 --- [gateway-service] [reactor-http-nio-2] com.cly.gateway.filter.GlobalLogFilter   : ========== 网关请求开始 ==========
2026-04-01T10:34:40.842+08:00  INFO 27896 --- [gateway-service] [reactor-http-nio-2] com.cly.gateway.filter.GlobalLogFilter   : 时间：2026-04-01 10:34:40.842
2026-04-01T10:34:40.842+08:00  INFO 27896 --- [gateway-service] [reactor-http-nio-2] com.cly.gateway.filter.GlobalLogFilter   : 路径：POST /ai/chat
2026-04-01T10:34:40.842+08:00  INFO 27896 --- [gateway-service] [reactor-http-nio-2] com.cly.gateway.filter.GlobalLogFilter   : 用户 ID: 13542748103
2026-04-01T10:34:42.355+08:00  INFO 27896 --- [gateway-service] [reactor-http-nio-2] com.cly.gateway.filter.GlobalLogFilter   : ========== 网关请求结束 ==========
2026-04-01T10:34:42.356+08:00  INFO 27896 --- [gateway-service] [reactor-http-nio-2] com.cly.gateway.filter.GlobalLogFilter   : 状态码：200
2026-04-01T10:34:42.356+08:00  INFO 27896 --- [gateway-service] [reactor-http-nio-2] com.cly.gateway.filter.GlobalLogFilter   : 耗时：1513ms
2026-04-01T10:34:42.356+08:00  INFO 27896 --- [gateway-service] [reactor-http-nio-2] com.cly.gateway.filter.GlobalLogFilter   : 成功：是
2026-04-01T10:35:39.123+08:00  INFO 27896 --- [gateway-service] [reactor-http-nio-2] com.cly.gateway.filter.GlobalLogFilter   : ========== 网关请求开始 ==========
2026-04-01T10:35:39.123+08:00  INFO 27896 --- [gateway-service] [reactor-http-nio-2] com.cly.gateway.filter.GlobalLogFilter   : 时间：2026-04-01 10:35:39.123
2026-04-01T10:35:39.123+08:00  INFO 27896 --- [gateway-service] [reactor-http-nio-2] com.cly.gateway.filter.GlobalLogFilter   : 路径：POST /ai/chat
2026-04-01T10:35:39.123+08:00  INFO 27896 --- [gateway-service] [reactor-http-nio-2] com.cly.gateway.filter.GlobalLogFilter   : 用户 ID: 13542748103
2026-04-01T10:35:43.047+08:00  INFO 27896 --- [gateway-service] [reactor-http-nio-2] com.cly.gateway.filter.GlobalLogFilter   : ========== 网关请求结束 ==========
2026-04-01T10:35:43.047+08:00  INFO 27896 --- [gateway-service] [reactor-http-nio-2] com.cly.gateway.filter.GlobalLogFilter   : 状态码：200
2026-04-01T10:35:43.047+08:00  INFO 27896 --- [gateway-service] [reactor-http-nio-2] com.cly.gateway.filter.GlobalLogFilter   : 耗时：3924ms
2026-04-01T10:35:43.047+08:00  INFO 27896 --- [gateway-service] [reactor-http-nio-2] com.cly.gateway.filter.GlobalLogFilter   : 成功：是
2026-04-01T10:35:53.676+08:00  INFO 27896 --- [gateway-service] [reactor-http-nio-2] com.cly.gateway.filter.GlobalLogFilter   : ========== 网关请求开始 ==========
2026-04-01T10:35:53.676+08:00  INFO 27896 --- [gateway-service] [reactor-http-nio-2] com.cly.gateway.filter.GlobalLogFilter   : 时间：2026-04-01 10:35:53.676
2026-04-01T10:35:53.676+08:00  INFO 27896 --- [gateway-service] [reactor-http-nio-2] com.cly.gateway.filter.GlobalLogFilter   : 路径：POST /ai/chat
2026-04-01T10:35:53.676+08:00  INFO 27896 --- [gateway-service] [reactor-http-nio-2] com.cly.gateway.filter.GlobalLogFilter   : 用户 ID: 13542748103
2026-04-01T10:35:56.724+08:00  INFO 27896 --- [gateway-service] [reactor-http-nio-2] com.cly.gateway.filter.GlobalLogFilter   : ========== 网关请求结束 ==========
2026-04-01T10:35:56.724+08:00  INFO 27896 --- [gateway-service] [reactor-http-nio-2] com.cly.gateway.filter.GlobalLogFilter   : 状态码：200
2026-04-01T10:35:56.724+08:00  INFO 27896 --- [gateway-service] [reactor-http-nio-2] com.cly.gateway.filter.GlobalLogFilter   : 耗时：3048ms
2026-04-01T10:35:56.724+08:00  INFO 27896 --- [gateway-service] [reactor-http-nio-2] com.cly.gateway.filter.GlobalLogFilter   : 成功：是
2026-04-01T10:36:06.080+08:00  INFO 27896 --- [gateway-service] [reactor-http-nio-2] com.cly.gateway.filter.GlobalLogFilter   : ========== 网关请求开始 ==========
2026-04-01T10:36:06.080+08:00  INFO 27896 --- [gateway-service] [reactor-http-nio-2] com.cly.gateway.filter.GlobalLogFilter   : 时间：2026-04-01 10:36:06.079
2026-04-01T10:36:06.080+08:00  INFO 27896 --- [gateway-service] [reactor-http-nio-2] com.cly.gateway.filter.GlobalLogFilter   : 路径：POST /ai/chat
2026-04-01T10:36:06.080+08:00  INFO 27896 --- [gateway-service] [reactor-http-nio-2] com.cly.gateway.filter.GlobalLogFilter   : 用户 ID: 13542748103
2026-04-01T10:36:09.319+08:00  INFO 27896 --- [gateway-service] [reactor-http-nio-2] com.cly.gateway.filter.GlobalLogFilter   : ========== 网关请求结束 ==========
2026-04-01T10:36:09.319+08:00  INFO 27896 --- [gateway-service] [reactor-http-nio-2] com.cly.gateway.filter.GlobalLogFilter   : 状态码：200
2026-04-01T10:36:09.319+08:00  INFO 27896 --- [gateway-service] [reactor-http-nio-2] com.cly.gateway.filter.GlobalLogFilter   : 耗时：3239ms
2026-04-01T10:36:09.319+08:00  INFO 27896 --- [gateway-service] [reactor-http-nio-2] com.cly.gateway.filter.GlobalLogFilter   : 成功：是
2026-04-01T10:39:38.047+08:00  INFO 27896 --- [gateway-service] [reactor-http-nio-2] com.cly.gateway.filter.GlobalLogFilter   : ========== 网关请求开始 ==========
2026-04-01T10:39:38.047+08:00  INFO 27896 --- [gateway-service] [reactor-http-nio-2] com.cly.gateway.filter.GlobalLogFilter   : 时间：2026-04-01 10:39:38.047
2026-04-01T10:39:38.047+08:00  INFO 27896 --- [gateway-service] [reactor-http-nio-2] com.cly.gateway.filter.GlobalLogFilter   : 路径：POST /ai/chat
2026-04-01T10:39:38.047+08:00  INFO 27896 --- [gateway-service] [reactor-http-nio-2] com.cly.gateway.filter.GlobalLogFilter   : 用户 ID: 13542748103
2026-04-01T10:39:42.273+08:00  INFO 27896 --- [gateway-service] [reactor-http-nio-2] com.cly.gateway.filter.GlobalLogFilter   : ========== 网关请求结束 ==========
2026-04-01T10:39:42.273+08:00  INFO 27896 --- [gateway-service] [reactor-http-nio-2] com.cly.gateway.filter.GlobalLogFilter   : 状态码：200
2026-04-01T10:39:42.273+08:00  INFO 27896 --- [gateway-service] [reactor-http-nio-2] com.cly.gateway.filter.GlobalLogFilter   : 耗时：4226ms
2026-04-01T10:39:42.273+08:00  INFO 27896 --- [gateway-service] [reactor-http-nio-2] com.cly.gateway.filter.GlobalLogFilter   : 成功：是
2026-04-01T10:39:46.229+08:00  INFO 27896 --- [gateway-service] [reactor-http-nio-2] com.cly.gateway.filter.GlobalLogFilter   : ========== 网关请求开始 ==========
2026-04-01T10:39:46.229+08:00  INFO 27896 --- [gateway-service] [reactor-http-nio-2] com.cly.gateway.filter.GlobalLogFilter   : 时间：2026-04-01 10:39:46.229
2026-04-01T10:39:46.229+08:00  INFO 27896 --- [gateway-service] [reactor-http-nio-2] com.cly.gateway.filter.GlobalLogFilter   : 路径：POST /ai/chat
2026-04-01T10:39:46.229+08:00  INFO 27896 --- [gateway-service] [reactor-http-nio-2] com.cly.gateway.filter.GlobalLogFilter   : 用户 ID: 13542748103
2026-04-01T10:39:48.003+08:00  INFO 27896 --- [gateway-service] [reactor-http-nio-2] com.cly.gateway.filter.GlobalLogFilter   : ========== 网关请求结束 ==========
2026-04-01T10:39:48.003+08:00  INFO 27896 --- [gateway-service] [reactor-http-nio-2] com.cly.gateway.filter.GlobalLogFilter   : 状态码：200
2026-04-01T10:39:48.003+08:00  INFO 27896 --- [gateway-service] [reactor-http-nio-2] com.cly.gateway.filter.GlobalLogFilter   : 耗时：1774ms
2026-04-01T10:39:48.003+08:00  INFO 27896 --- [gateway-service] [reactor-http-nio-2] com.cly.gateway.filter.GlobalLogFilter   : 成功：是
2026-04-01T10:39:51.973+08:00  INFO 27896 --- [gateway-service] [reactor-http-nio-2] com.cly.gateway.filter.GlobalLogFilter   : ========== 网关请求开始 ==========
2026-04-01T10:39:51.973+08:00  INFO 27896 --- [gateway-service] [reactor-http-nio-2] com.cly.gateway.filter.GlobalLogFilter   : 时间：2026-04-01 10:39:51.973
2026-04-01T10:39:51.973+08:00  INFO 27896 --- [gateway-service] [reactor-http-nio-2] com.cly.gateway.filter.GlobalLogFilter   : 路径：POST /ai/chat
2026-04-01T10:39:51.973+08:00  INFO 27896 --- [gateway-service] [reactor-http-nio-2] com.cly.gateway.filter.GlobalLogFilter   : 用户 ID: 13542748103
2026-04-01T10:39:54.447+08:00  INFO 27896 --- [gateway-service] [reactor-http-nio-2] com.cly.gateway.filter.GlobalLogFilter   : ========== 网关请求结束 ==========
2026-04-01T10:39:54.447+08:00  INFO 27896 --- [gateway-service] [reactor-http-nio-2] com.cly.gateway.filter.GlobalLogFilter   : 状态码：200
2026-04-01T10:39:54.447+08:00  INFO 27896 --- [gateway-service] [reactor-http-nio-2] com.cly.gateway.filter.GlobalLogFilter   : 耗时：2474ms
2026-04-01T10:39:54.447+08:00  INFO 27896 --- [gateway-service] [reactor-http-nio-2] com.cly.gateway.filter.GlobalLogFilter   : 成功：是
2026-04-01T10:40:02.229+08:00  INFO 27896 --- [gateway-service] [reactor-http-nio-2] com.cly.gateway.filter.GlobalLogFilter   : ========== 网关请求开始 ==========
2026-04-01T10:40:02.229+08:00  INFO 27896 --- [gateway-service] [reactor-http-nio-2] com.cly.gateway.filter.GlobalLogFilter   : 时间：2026-04-01 10:40:02.229
2026-04-01T10:40:02.229+08:00  INFO 27896 --- [gateway-service] [reactor-http-nio-2] com.cly.gateway.filter.GlobalLogFilter   : 路径：POST /ai/chat
2026-04-01T10:40:02.229+08:00  INFO 27896 --- [gateway-service] [reactor-http-nio-2] com.cly.gateway.filter.GlobalLogFilter   : 用户 ID: 13542748103
2026-04-01T10:40:06.055+08:00  INFO 27896 --- [gateway-service] [reactor-http-nio-2] com.cly.gateway.filter.GlobalLogFilter   : ========== 网关请求结束 ==========
2026-04-01T10:40:06.055+08:00  INFO 27896 --- [gateway-service] [reactor-http-nio-2] com.cly.gateway.filter.GlobalLogFilter   : 状态码：200
2026-04-01T10:40:06.055+08:00  INFO 27896 --- [gateway-service] [reactor-http-nio-2] com.cly.gateway.filter.GlobalLogFilter   : 耗时：3826ms
2026-04-01T10:40:06.055+08:00  INFO 27896 --- [gateway-service] [reactor-http-nio-2] com.cly.gateway.filter.GlobalLogFilter   : 成功：是
2026-04-01T10:40:25.225+08:00  INFO 27896 --- [gateway-service] [reactor-http-nio-2] com.cly.gateway.filter.GlobalLogFilter   : ========== 网关请求开始 ==========
2026-04-01T10:40:25.225+08:00  INFO 27896 --- [gateway-service] [reactor-http-nio-2] com.cly.gateway.filter.GlobalLogFilter   : 时间：2026-04-01 10:40:25.225
2026-04-01T10:40:25.225+08:00  INFO 27896 --- [gateway-service] [reactor-http-nio-2] com.cly.gateway.filter.GlobalLogFilter   : 路径：POST /ai/chat
2026-04-01T10:40:25.225+08:00  INFO 27896 --- [gateway-service] [reactor-http-nio-2] com.cly.gateway.filter.GlobalLogFilter   : 用户 ID: 13542748103
2026-04-01T10:44:48.914+08:00  INFO 21076 --- [gateway-service] [reactor-http-nio-2] com.cly.gateway.filter.GlobalLogFilter   : ========== 网关请求开始 ==========
2026-04-01T10:44:48.914+08:00  INFO 21076 --- [gateway-service] [reactor-http-nio-2] com.cly.gateway.filter.GlobalLogFilter   : 时间：2026-04-01 10:44:48.914
2026-04-01T10:44:48.914+08:00  INFO 21076 --- [gateway-service] [reactor-http-nio-2] com.cly.gateway.filter.GlobalLogFilter   : 路径：POST /ai/chat
2026-04-01T10:44:48.914+08:00  INFO 21076 --- [gateway-service] [reactor-http-nio-2] com.cly.gateway.filter.GlobalLogFilter   : 用户 ID: 13542748103
2026-04-01T10:44:53.848+08:00  INFO 21076 --- [gateway-service] [reactor-http-nio-2] com.cly.gateway.filter.GlobalLogFilter   : ========== 网关请求结束 ==========
2026-04-01T10:44:53.848+08:00  INFO 21076 --- [gateway-service] [reactor-http-nio-2] com.cly.gateway.filter.GlobalLogFilter   : 状态码：200
2026-04-01T10:44:53.849+08:00  INFO 21076 --- [gateway-service] [reactor-http-nio-2] com.cly.gateway.filter.GlobalLogFilter   : 耗时：4934ms
2026-04-01T10:44:53.849+08:00  INFO 21076 --- [gateway-service] [reactor-http-nio-2] com.cly.gateway.filter.GlobalLogFilter   : 成功：是
2026-04-01T10:45:00.519+08:00  INFO 21076 --- [gateway-service] [reactor-http-nio-2] com.cly.gateway.filter.GlobalLogFilter   : ========== 网关请求开始 ==========
2026-04-01T10:45:00.519+08:00  INFO 21076 --- [gateway-service] [reactor-http-nio-2] com.cly.gateway.filter.GlobalLogFilter   : 时间：2026-04-01 10:45:00.519
2026-04-01T10:45:00.519+08:00  INFO 21076 --- [gateway-service] [reactor-http-nio-2] com.cly.gateway.filter.GlobalLogFilter   : 路径：POST /ai/chat
2026-04-01T10:45:00.519+08:00  INFO 21076 --- [gateway-service] [reactor-http-nio-2] com.cly.gateway.filter.GlobalLogFilter   : 用户 ID: 13542748103
2026-04-01T10:45:02.382+08:00  INFO 21076 --- [gateway-service] [reactor-http-nio-2] com.cly.gateway.filter.GlobalLogFilter   : ========== 网关请求结束 ==========
2026-04-01T10:45:02.382+08:00  INFO 21076 --- [gateway-service] [reactor-http-nio-2] com.cly.gateway.filter.GlobalLogFilter   : 状态码：200
2026-04-01T10:45:02.382+08:00  INFO 21076 --- [gateway-service] [reactor-http-nio-2] com.cly.gateway.filter.GlobalLogFilter   : 耗时：1863ms
2026-04-01T10:45:02.382+08:00  INFO 21076 --- [gateway-service] [reactor-http-nio-2] com.cly.gateway.filter.GlobalLogFilter   : 成功：是
2026-04-01T10:45:11.209+08:00  INFO 21076 --- [gateway-service] [reactor-http-nio-2] com.cly.gateway.filter.GlobalLogFilter   : ========== 网关请求开始 ==========
2026-04-01T10:45:11.209+08:00  INFO 21076 --- [gateway-service] [reactor-http-nio-2] com.cly.gateway.filter.GlobalLogFilter   : 时间：2026-04-01 10:45:11.209
2026-04-01T10:45:11.209+08:00  INFO 21076 --- [gateway-service] [reactor-http-nio-2] com.cly.gateway.filter.GlobalLogFilter   : 路径：POST /ai/chat
2026-04-01T10:45:11.209+08:00  INFO 21076 --- [gateway-service] [reactor-http-nio-2] com.cly.gateway.filter.GlobalLogFilter   : 用户 ID: 13542748103
2026-04-01T10:45:13.015+08:00  INFO 21076 --- [gateway-service] [reactor-http-nio-2] com.cly.gateway.filter.GlobalLogFilter   : ========== 网关请求结束 ==========
2026-04-01T10:45:13.015+08:00  INFO 21076 --- [gateway-service] [reactor-http-nio-2] com.cly.gateway.filter.GlobalLogFilter   : 状态码：200
2026-04-01T10:45:13.015+08:00  INFO 21076 --- [gateway-service] [reactor-http-nio-2] com.cly.gateway.filter.GlobalLogFilter   : 耗时：1806ms
2026-04-01T10:45:13.015+08:00  INFO 21076 --- [gateway-service] [reactor-http-nio-2] com.cly.gateway.filter.GlobalLogFilter   : 成功：是
2026-04-01T10:51:18.541+08:00  INFO 21076 --- [gateway-service] [reactor-http-nio-8] com.cly.gateway.filter.GlobalLogFilter   : ========== 网关请求开始 ==========
2026-04-01T10:51:18.541+08:00  INFO 21076 --- [gateway-service] [reactor-http-nio-8] com.cly.gateway.filter.GlobalLogFilter   : 时间：2026-04-01 10:51:18.541
2026-04-01T10:51:18.541+08:00  INFO 21076 --- [gateway-service] [reactor-http-nio-8] com.cly.gateway.filter.GlobalLogFilter   : 路径：POST /ai/chat
2026-04-01T10:51:18.541+08:00  INFO 21076 --- [gateway-service] [reactor-http-nio-8] com.cly.gateway.filter.GlobalLogFilter   : 用户 ID: 13542748103
2026-04-01T10:51:23.263+08:00  INFO 21076 --- [gateway-service] [reactor-http-nio-8] com.cly.gateway.filter.GlobalLogFilter   : ========== 网关请求结束 ==========
2026-04-01T10:51:23.263+08:00  INFO 21076 --- [gateway-service] [reactor-http-nio-8] com.cly.gateway.filter.GlobalLogFilter   : 状态码：200
2026-04-01T10:51:23.263+08:00  INFO 21076 --- [gateway-service] [reactor-http-nio-8] com.cly.gateway.filter.GlobalLogFilter   : 耗时：4722ms
2026-04-01T10:51:23.263+08:00  INFO 21076 --- [gateway-service] [reactor-http-nio-8] com.cly.gateway.filter.GlobalLogFilter   : 成功：是
2026-04-01T10:51:27.889+08:00  INFO 21076 --- [gateway-service] [reactor-http-nio-8] com.cly.gateway.filter.GlobalLogFilter   : ========== 网关请求开始 ==========
2026-04-01T10:51:27.889+08:00  INFO 21076 --- [gateway-service] [reactor-http-nio-8] com.cly.gateway.filter.GlobalLogFilter   : 时间：2026-04-01 10:51:27.889
2026-04-01T10:51:27.889+08:00  INFO 21076 --- [gateway-service] [reactor-http-nio-8] com.cly.gateway.filter.GlobalLogFilter   : 路径：POST /ai/chat
2026-04-01T10:51:27.889+08:00  INFO 21076 --- [gateway-service] [reactor-http-nio-8] com.cly.gateway.filter.GlobalLogFilter   : 用户 ID: 13542748103
2026-04-01T10:51:29.627+08:00  INFO 21076 --- [gateway-service] [reactor-http-nio-8] com.cly.gateway.filter.GlobalLogFilter   : ========== 网关请求结束 ==========
2026-04-01T10:51:29.627+08:00  INFO 21076 --- [gateway-service] [reactor-http-nio-8] com.cly.gateway.filter.GlobalLogFilter   : 状态码：200
2026-04-01T10:51:29.627+08:00  INFO 21076 --- [gateway-service] [reactor-http-nio-8] com.cly.gateway.filter.GlobalLogFilter   : 耗时：1738ms
2026-04-01T10:51:29.627+08:00  INFO 21076 --- [gateway-service] [reactor-http-nio-8] com.cly.gateway.filter.GlobalLogFilter   : 成功：是
2026-04-01T10:51:37.067+08:00  INFO 21076 --- [gateway-service] [reactor-http-nio-8] com.cly.gateway.filter.GlobalLogFilter   : ========== 网关请求开始 ==========
2026-04-01T10:51:37.067+08:00  INFO 21076 --- [gateway-service] [reactor-http-nio-8] com.cly.gateway.filter.GlobalLogFilter   : 时间：2026-04-01 10:51:37.067
2026-04-01T10:51:37.067+08:00  INFO 21076 --- [gateway-service] [reactor-http-nio-8] com.cly.gateway.filter.GlobalLogFilter   : 路径：POST /ai/chat
2026-04-01T10:51:37.067+08:00  INFO 21076 --- [gateway-service] [reactor-http-nio-8] com.cly.gateway.filter.GlobalLogFilter   : 用户 ID: 13542748103
2026-04-01T10:51:39.572+08:00  INFO 21076 --- [gateway-service] [reactor-http-nio-8] com.cly.gateway.filter.GlobalLogFilter   : ========== 网关请求结束 ==========
2026-04-01T10:51:39.572+08:00  INFO 21076 --- [gateway-service] [reactor-http-nio-8] com.cly.gateway.filter.GlobalLogFilter   : 状态码：200
2026-04-01T10:51:39.572+08:00  INFO 21076 --- [gateway-service] [reactor-http-nio-8] com.cly.gateway.filter.GlobalLogFilter   : 耗时：2505ms
2026-04-01T10:51:39.572+08:00  INFO 21076 --- [gateway-service] [reactor-http-nio-8] com.cly.gateway.filter.GlobalLogFilter   : 成功：是
2026-04-01T10:51:45.153+08:00  INFO 21076 --- [gateway-service] [reactor-http-nio-8] com.cly.gateway.filter.GlobalLogFilter   : ========== 网关请求开始 ==========
2026-04-01T10:51:45.153+08:00  INFO 21076 --- [gateway-service] [reactor-http-nio-8] com.cly.gateway.filter.GlobalLogFilter   : 时间：2026-04-01 10:51:45.153
2026-04-01T10:51:45.153+08:00  INFO 21076 --- [gateway-service] [reactor-http-nio-8] com.cly.gateway.filter.GlobalLogFilter   : 路径：POST /ai/chat
2026-04-01T10:51:45.153+08:00  INFO 21076 --- [gateway-service] [reactor-http-nio-8] com.cly.gateway.filter.GlobalLogFilter   : 用户 ID: 13542748103
2026-04-01T10:51:47.535+08:00  INFO 21076 --- [gateway-service] [reactor-http-nio-8] com.cly.gateway.filter.GlobalLogFilter   : ========== 网关请求结束 ==========
2026-04-01T10:51:47.535+08:00  INFO 21076 --- [gateway-service] [reactor-http-nio-8] com.cly.gateway.filter.GlobalLogFilter   : 状态码：200
2026-04-01T10:51:47.535+08:00  INFO 21076 --- [gateway-service] [reactor-http-nio-8] com.cly.gateway.filter.GlobalLogFilter   : 耗时：2382ms
2026-04-01T10:51:47.535+08:00  INFO 21076 --- [gateway-service] [reactor-http-nio-8] com.cly.gateway.filter.GlobalLogFilter   : 成功：是
2026-04-01T10:51:53.529+08:00  INFO 21076 --- [gateway-service] [reactor-http-nio-8] com.cly.gateway.filter.GlobalLogFilter   : ========== 网关请求开始 ==========
2026-04-01T10:51:53.529+08:00  INFO 21076 --- [gateway-service] [reactor-http-nio-8] com.cly.gateway.filter.GlobalLogFilter   : 时间：2026-04-01 10:51:53.529
2026-04-01T10:51:53.529+08:00  INFO 21076 --- [gateway-service] [reactor-http-nio-8] com.cly.gateway.filter.GlobalLogFilter   : 路径：POST /ai/chat
2026-04-01T10:51:53.529+08:00  INFO 21076 --- [gateway-service] [reactor-http-nio-8] com.cly.gateway.filter.GlobalLogFilter   : 用户 ID: 13542748103
2026-04-01T10:51:55.213+08:00  INFO 21076 --- [gateway-service] [reactor-http-nio-8] com.cly.gateway.filter.GlobalLogFilter   : ========== 网关请求结束 ==========
2026-04-01T10:51:55.213+08:00  INFO 21076 --- [gateway-service] [reactor-http-nio-8] com.cly.gateway.filter.GlobalLogFilter   : 状态码：200
2026-04-01T10:51:55.213+08:00  INFO 21076 --- [gateway-service] [reactor-http-nio-8] com.cly.gateway.filter.GlobalLogFilter   : 耗时：1684ms
2026-04-01T10:51:55.213+08:00  INFO 21076 --- [gateway-service] [reactor-http-nio-8] com.cly.gateway.filter.GlobalLogFilter   : 成功：是
2026-04-01T10:54:00.897+08:00  INFO 21076 --- [gateway-service] [reactor-http-nio-8] com.cly.gateway.filter.GlobalLogFilter   : ========== 网关请求开始 ==========
2026-04-01T10:54:00.897+08:00  INFO 21076 --- [gateway-service] [reactor-http-nio-8] com.cly.gateway.filter.GlobalLogFilter   : 时间：2026-04-01 10:54:00.897
2026-04-01T10:54:00.897+08:00  INFO 21076 --- [gateway-service] [reactor-http-nio-8] com.cly.gateway.filter.GlobalLogFilter   : 路径：POST /ai/chat
2026-04-01T10:54:00.897+08:00  INFO 21076 --- [gateway-service] [reactor-http-nio-8] com.cly.gateway.filter.GlobalLogFilter   : 用户 ID: 13542748103
2026-04-01T10:54:04.549+08:00  INFO 21076 --- [gateway-service] [reactor-http-nio-8] com.cly.gateway.filter.GlobalLogFilter   : ========== 网关请求结束 ==========
2026-04-01T10:54:04.549+08:00  INFO 21076 --- [gateway-service] [reactor-http-nio-8] com.cly.gateway.filter.GlobalLogFilter   : 状态码：200
2026-04-01T10:54:04.549+08:00  INFO 21076 --- [gateway-service] [reactor-http-nio-8] com.cly.gateway.filter.GlobalLogFilter   : 耗时：3652ms
2026-04-01T10:54:04.549+08:00  INFO 21076 --- [gateway-service] [reactor-http-nio-8] com.cly.gateway.filter.GlobalLogFilter   : 成功：是
2026-04-01T11:02:22.954+08:00  INFO 21076 --- [gateway-service] [reactor-http-nio-2] com.cly.gateway.filter.GlobalLogFilter   : ========== 网关请求开始 ==========
2026-04-01T11:02:22.954+08:00  INFO 21076 --- [gateway-service] [reactor-http-nio-2] com.cly.gateway.filter.GlobalLogFilter   : 时间：2026-04-01 11:02:22.954
2026-04-01T11:02:22.954+08:00  INFO 21076 --- [gateway-service] [reactor-http-nio-2] com.cly.gateway.filter.GlobalLogFilter   : 路径：POST /ai/chat
2026-04-01T11:02:22.954+08:00  INFO 21076 --- [gateway-service] [reactor-http-nio-2] com.cly.gateway.filter.GlobalLogFilter   : 用户 ID: 13542748103
2026-04-01T11:02:28.520+08:00  INFO 21076 --- [gateway-service] [reactor-http-nio-2] com.cly.gateway.filter.GlobalLogFilter   : ========== 网关请求结束 ==========
2026-04-01T11:02:28.521+08:00  INFO 21076 --- [gateway-service] [reactor-http-nio-2] com.cly.gateway.filter.GlobalLogFilter   : 状态码：200
2026-04-01T11:02:28.521+08:00  INFO 21076 --- [gateway-service] [reactor-http-nio-2] com.cly.gateway.filter.GlobalLogFilter   : 耗时：5566ms
2026-04-01T11:02:28.521+08:00  INFO 21076 --- [gateway-service] [reactor-http-nio-2] com.cly.gateway.filter.GlobalLogFilter   : 成功：是
2026-04-01T11:02:39.121+08:00  INFO 21076 --- [gateway-service] [reactor-http-nio-2] com.cly.gateway.filter.GlobalLogFilter   : ========== 网关请求开始 ==========
2026-04-01T11:02:39.121+08:00  INFO 21076 --- [gateway-service] [reactor-http-nio-2] com.cly.gateway.filter.GlobalLogFilter   : 时间：2026-04-01 11:02:39.121
2026-04-01T11:02:39.121+08:00  INFO 21076 --- [gateway-service] [reactor-http-nio-2] com.cly.gateway.filter.GlobalLogFilter   : 路径：POST /ai/chat
2026-04-01T11:02:39.121+08:00  INFO 21076 --- [gateway-service] [reactor-http-nio-2] com.cly.gateway.filter.GlobalLogFilter   : 用户 ID: 13542748103
2026-04-01T11:02:43.528+08:00  INFO 21076 --- [gateway-service] [reactor-http-nio-2] com.cly.gateway.filter.GlobalLogFilter   : ========== 网关请求结束 ==========
2026-04-01T11:02:43.529+08:00  INFO 21076 --- [gateway-service] [reactor-http-nio-2] com.cly.gateway.filter.GlobalLogFilter   : 状态码：200
2026-04-01T11:02:43.529+08:00  INFO 21076 --- [gateway-service] [reactor-http-nio-2] com.cly.gateway.filter.GlobalLogFilter   : 耗时：4407ms
2026-04-01T11:02:43.529+08:00  INFO 21076 --- [gateway-service] [reactor-http-nio-2] com.cly.gateway.filter.GlobalLogFilter   : 成功：是
2026-04-01T11:06:53.302+08:00  INFO 21076 --- [gateway-service] [reactor-http-nio-2] com.cly.gateway.filter.GlobalLogFilter   : ========== 网关请求开始 ==========
2026-04-01T11:06:53.303+08:00  INFO 21076 --- [gateway-service] [reactor-http-nio-2] com.cly.gateway.filter.GlobalLogFilter   : 时间：2026-04-01 11:06:53.302
2026-04-01T11:06:53.303+08:00  INFO 21076 --- [gateway-service] [reactor-http-nio-2] com.cly.gateway.filter.GlobalLogFilter   : 路径：POST /ai/chat
2026-04-01T11:06:53.303+08:00  INFO 21076 --- [gateway-service] [reactor-http-nio-2] com.cly.gateway.filter.GlobalLogFilter   : 用户 ID: 13542748103
2026-04-01T11:06:58.408+08:00  INFO 21076 --- [gateway-service] [reactor-http-nio-2] com.cly.gateway.filter.GlobalLogFilter   : ========== 网关请求结束 ==========
2026-04-01T11:06:58.408+08:00  INFO 21076 --- [gateway-service] [reactor-http-nio-2] com.cly.gateway.filter.GlobalLogFilter   : 状态码：200
2026-04-01T11:06:58.408+08:00  INFO 21076 --- [gateway-service] [reactor-http-nio-2] com.cly.gateway.filter.GlobalLogFilter   : 耗时：5105ms
2026-04-01T11:06:58.408+08:00  INFO 21076 --- [gateway-service] [reactor-http-nio-2] com.cly.gateway.filter.GlobalLogFilter   : 成功：是
2026-04-01T11:10:00.508+08:00  INFO 21076 --- [gateway-service] [reactor-http-nio-2] com.cly.gateway.filter.GlobalLogFilter   : ========== 网关请求开始 ==========
2026-04-01T11:10:00.508+08:00  INFO 21076 --- [gateway-service] [reactor-http-nio-2] com.cly.gateway.filter.GlobalLogFilter   : 时间：2026-04-01 11:10:00.508
2026-04-01T11:10:00.508+08:00  INFO 21076 --- [gateway-service] [reactor-http-nio-2] com.cly.gateway.filter.GlobalLogFilter   : 路径：POST /ai/chat
2026-04-01T11:10:00.508+08:00  INFO 21076 --- [gateway-service] [reactor-http-nio-2] com.cly.gateway.filter.GlobalLogFilter   : 用户 ID: 13542748103
2026-04-01T11:10:06.130+08:00  INFO 21076 --- [gateway-service] [reactor-http-nio-2] com.cly.gateway.filter.GlobalLogFilter   : ========== 网关请求结束 ==========
2026-04-01T11:10:06.130+08:00  INFO 21076 --- [gateway-service] [reactor-http-nio-2] com.cly.gateway.filter.GlobalLogFilter   : 状态码：200
2026-04-01T11:10:06.130+08:00  INFO 21076 --- [gateway-service] [reactor-http-nio-2] com.cly.gateway.filter.GlobalLogFilter   : 耗时：5622ms
2026-04-01T11:10:06.130+08:00  INFO 21076 --- [gateway-service] [reactor-http-nio-2] com.cly.gateway.filter.GlobalLogFilter   : 成功：是
2026-04-01T11:10:15.022+08:00  INFO 21076 --- [gateway-service] [reactor-http-nio-2] com.cly.gateway.filter.GlobalLogFilter   : ========== 网关请求开始 ==========
2026-04-01T11:10:15.022+08:00  INFO 21076 --- [gateway-service] [reactor-http-nio-2] com.cly.gateway.filter.GlobalLogFilter   : 时间：2026-04-01 11:10:15.021
2026-04-01T11:10:15.022+08:00  INFO 21076 --- [gateway-service] [reactor-http-nio-2] com.cly.gateway.filter.GlobalLogFilter   : 路径：POST /ai/chat
2026-04-01T11:10:15.022+08:00  INFO 21076 --- [gateway-service] [reactor-http-nio-2] com.cly.gateway.filter.GlobalLogFilter   : 用户 ID: 13542748103
2026-04-01T11:10:18.250+08:00  INFO 21076 --- [gateway-service] [reactor-http-nio-2] com.cly.gateway.filter.GlobalLogFilter   : ========== 网关请求结束 ==========
2026-04-01T11:10:18.250+08:00  INFO 21076 --- [gateway-service] [reactor-http-nio-2] com.cly.gateway.filter.GlobalLogFilter   : 状态码：200
2026-04-01T11:10:18.250+08:00  INFO 21076 --- [gateway-service] [reactor-http-nio-2] com.cly.gateway.filter.GlobalLogFilter   : 耗时：3228ms
2026-04-01T11:10:18.250+08:00  INFO 21076 --- [gateway-service] [reactor-http-nio-2] com.cly.gateway.filter.GlobalLogFilter   : 成功：是
2026-04-01T11:10:42.895+08:00  INFO 21076 --- [gateway-service] [reactor-http-nio-2] com.cly.gateway.filter.GlobalLogFilter   : ========== 网关请求开始 ==========
2026-04-01T11:10:42.895+08:00  INFO 21076 --- [gateway-service] [reactor-http-nio-2] com.cly.gateway.filter.GlobalLogFilter   : 时间：2026-04-01 11:10:42.895
2026-04-01T11:10:42.895+08:00  INFO 21076 --- [gateway-service] [reactor-http-nio-2] com.cly.gateway.filter.GlobalLogFilter   : 路径：POST /ai/chat
2026-04-01T11:10:42.895+08:00  INFO 21076 --- [gateway-service] [reactor-http-nio-2] com.cly.gateway.filter.GlobalLogFilter   : 用户 ID: 13542748103
2026-04-01T11:10:45.069+08:00  INFO 21076 --- [gateway-service] [reactor-http-nio-2] com.cly.gateway.filter.GlobalLogFilter   : ========== 网关请求结束 ==========
2026-04-01T11:10:45.070+08:00  INFO 21076 --- [gateway-service] [reactor-http-nio-2] com.cly.gateway.filter.GlobalLogFilter   : 状态码：200
2026-04-01T11:10:45.070+08:00  INFO 21076 --- [gateway-service] [reactor-http-nio-2] com.cly.gateway.filter.GlobalLogFilter   : 耗时：2174ms
2026-04-01T11:10:45.070+08:00  INFO 21076 --- [gateway-service] [reactor-http-nio-2] com.cly.gateway.filter.GlobalLogFilter   : 成功：是
2026-04-01T11:10:52.999+08:00  INFO 21076 --- [gateway-service] [reactor-http-nio-2] com.cly.gateway.filter.GlobalLogFilter   : ========== 网关请求开始 ==========
2026-04-01T11:10:52.999+08:00  INFO 21076 --- [gateway-service] [reactor-http-nio-2] com.cly.gateway.filter.GlobalLogFilter   : 时间：2026-04-01 11:10:52.999
2026-04-01T11:10:52.999+08:00  INFO 21076 --- [gateway-service] [reactor-http-nio-2] com.cly.gateway.filter.GlobalLogFilter   : 路径：POST /ai/chat
2026-04-01T11:10:52.999+08:00  INFO 21076 --- [gateway-service] [reactor-http-nio-2] com.cly.gateway.filter.GlobalLogFilter   : 用户 ID: 13542748103
2026-04-01T11:10:55.065+08:00  INFO 21076 --- [gateway-service] [reactor-http-nio-2] com.cly.gateway.filter.GlobalLogFilter   : ========== 网关请求结束 ==========
2026-04-01T11:10:55.065+08:00  INFO 21076 --- [gateway-service] [reactor-http-nio-2] com.cly.gateway.filter.GlobalLogFilter   : 状态码：200
2026-04-01T11:10:55.065+08:00  INFO 21076 --- [gateway-service] [reactor-http-nio-2] com.cly.gateway.filter.GlobalLogFilter   : 耗时：2066ms
2026-04-01T11:10:55.065+08:00  INFO 21076 --- [gateway-service] [reactor-http-nio-2] com.cly.gateway.filter.GlobalLogFilter   : 成功：是
2026-04-01T11:12:54.804+08:00  INFO 21076 --- [gateway-service] [reactor-http-nio-1] com.cly.gateway.filter.GlobalLogFilter   : ========== 网关请求开始 ==========
2026-04-01T11:12:54.804+08:00  INFO 21076 --- [gateway-service] [reactor-http-nio-1] com.cly.gateway.filter.GlobalLogFilter   : 时间：2026-04-01 11:12:54.804
2026-04-01T11:12:54.804+08:00  INFO 21076 --- [gateway-service] [reactor-http-nio-1] com.cly.gateway.filter.GlobalLogFilter   : 路径：POST /ai/chat
2026-04-01T11:12:54.804+08:00  INFO 21076 --- [gateway-service] [reactor-http-nio-1] com.cly.gateway.filter.GlobalLogFilter   : 用户 ID: 13542748103
2026-04-01T11:12:58.843+08:00  INFO 21076 --- [gateway-service] [reactor-http-nio-1] com.cly.gateway.filter.GlobalLogFilter   : ========== 网关请求结束 ==========
2026-04-01T11:12:58.843+08:00  INFO 21076 --- [gateway-service] [reactor-http-nio-1] com.cly.gateway.filter.GlobalLogFilter   : 状态码：200
2026-04-01T11:12:58.843+08:00  INFO 21076 --- [gateway-service] [reactor-http-nio-1] com.cly.gateway.filter.GlobalLogFilter   : 耗时：4039ms
2026-04-01T11:12:58.843+08:00  INFO 21076 --- [gateway-service] [reactor-http-nio-1] com.cly.gateway.filter.GlobalLogFilter   : 成功：是
2026-04-01T11:13:15.510+08:00  INFO 21076 --- [gateway-service] [reactor-http-nio-1] com.cly.gateway.filter.GlobalLogFilter   : ========== 网关请求开始 ==========
2026-04-01T11:13:15.510+08:00  INFO 21076 --- [gateway-service] [reactor-http-nio-1] com.cly.gateway.filter.GlobalLogFilter   : 时间：2026-04-01 11:13:15.510
2026-04-01T11:13:15.510+08:00  INFO 21076 --- [gateway-service] [reactor-http-nio-1] com.cly.gateway.filter.GlobalLogFilter   : 路径：POST /ai/chat
2026-04-01T11:13:15.510+08:00  INFO 21076 --- [gateway-service] [reactor-http-nio-1] com.cly.gateway.filter.GlobalLogFilter   : 用户 ID: 13542748103
2026-04-01T11:13:20.839+08:00  INFO 21076 --- [gateway-service] [reactor-http-nio-1] com.cly.gateway.filter.GlobalLogFilter   : ========== 网关请求结束 ==========
2026-04-01T11:13:20.839+08:00  INFO 21076 --- [gateway-service] [reactor-http-nio-1] com.cly.gateway.filter.GlobalLogFilter   : 状态码：200
2026-04-01T11:13:20.839+08:00  INFO 21076 --- [gateway-service] [reactor-http-nio-1] com.cly.gateway.filter.GlobalLogFilter   : 耗时：5329ms
2026-04-01T11:13:20.839+08:00  INFO 21076 --- [gateway-service] [reactor-http-nio-1] com.cly.gateway.filter.GlobalLogFilter   : 成功：是
2026-04-01T11:13:38.924+08:00  INFO 21076 --- [gateway-service] [reactor-http-nio-1] com.cly.gateway.filter.GlobalLogFilter   : ========== 网关请求开始 ==========
2026-04-01T11:13:38.924+08:00  INFO 21076 --- [gateway-service] [reactor-http-nio-1] com.cly.gateway.filter.GlobalLogFilter   : 时间：2026-04-01 11:13:38.924
2026-04-01T11:13:38.924+08:00  INFO 21076 --- [gateway-service] [reactor-http-nio-1] com.cly.gateway.filter.GlobalLogFilter   : 路径：POST /ai/chat
2026-04-01T11:13:38.924+08:00  INFO 21076 --- [gateway-service] [reactor-http-nio-1] com.cly.gateway.filter.GlobalLogFilter   : 用户 ID: 13542748103
2026-04-01T11:13:44.165+08:00  INFO 21076 --- [gateway-service] [reactor-http-nio-1] com.cly.gateway.filter.GlobalLogFilter   : ========== 网关请求结束 ==========
2026-04-01T11:13:44.165+08:00  INFO 21076 --- [gateway-service] [reactor-http-nio-1] com.cly.gateway.filter.GlobalLogFilter   : 状态码：200
2026-04-01T11:13:44.165+08:00  INFO 21076 --- [gateway-service] [reactor-http-nio-1] com.cly.gateway.filter.GlobalLogFilter   : 耗时：5241ms
2026-04-01T11:13:44.165+08:00  INFO 21076 --- [gateway-service] [reactor-http-nio-1] com.cly.gateway.filter.GlobalLogFilter   : 成功：是
2026-04-01T11:14:06.596+08:00  INFO 21076 --- [gateway-service] [reactor-http-nio-1] com.cly.gateway.filter.GlobalLogFilter   : ========== 网关请求开始 ==========
2026-04-01T11:14:06.597+08:00  INFO 21076 --- [gateway-service] [reactor-http-nio-1] com.cly.gateway.filter.GlobalLogFilter   : 时间：2026-04-01 11:14:06.596
2026-04-01T11:14:06.597+08:00  INFO 21076 --- [gateway-service] [reactor-http-nio-1] com.cly.gateway.filter.GlobalLogFilter   : 路径：POST /ai/chat
2026-04-01T11:14:06.597+08:00  INFO 21076 --- [gateway-service] [reactor-http-nio-1] com.cly.gateway.filter.GlobalLogFilter   : 用户 ID: 13542748103
2026-04-01T11:14:09.229+08:00  INFO 21076 --- [gateway-service] [reactor-http-nio-1] com.cly.gateway.filter.GlobalLogFilter   : ========== 网关请求结束 ==========
2026-04-01T11:14:09.229+08:00  INFO 21076 --- [gateway-service] [reactor-http-nio-1] com.cly.gateway.filter.GlobalLogFilter   : 状态码：200
2026-04-01T11:14:09.229+08:00  INFO 21076 --- [gateway-service] [reactor-http-nio-1] com.cly.gateway.filter.GlobalLogFilter   : 耗时：2632ms
2026-04-01T11:14:09.229+08:00  INFO 21076 --- [gateway-service] [reactor-http-nio-1] com.cly.gateway.filter.GlobalLogFilter   : 成功：是
2026-04-01T11:14:21.449+08:00  INFO 21076 --- [gateway-service] [reactor-http-nio-1] com.cly.gateway.filter.GlobalLogFilter   : ========== 网关请求开始 ==========
2026-04-01T11:14:21.449+08:00  INFO 21076 --- [gateway-service] [reactor-http-nio-1] com.cly.gateway.filter.GlobalLogFilter   : 时间：2026-04-01 11:14:21.449
2026-04-01T11:14:21.449+08:00  INFO 21076 --- [gateway-service] [reactor-http-nio-1] com.cly.gateway.filter.GlobalLogFilter   : 路径：POST /ai/chat
2026-04-01T11:14:21.449+08:00  INFO 21076 --- [gateway-service] [reactor-http-nio-1] com.cly.gateway.filter.GlobalLogFilter   : 用户 ID: 13542748103
2026-04-01T11:14:25.558+08:00  INFO 21076 --- [gateway-service] [reactor-http-nio-1] com.cly.gateway.filter.GlobalLogFilter   : ========== 网关请求结束 ==========
2026-04-01T11:14:25.558+08:00  INFO 21076 --- [gateway-service] [reactor-http-nio-1] com.cly.gateway.filter.GlobalLogFilter   : 状态码：200
2026-04-01T11:14:25.558+08:00  INFO 21076 --- [gateway-service] [reactor-http-nio-1] com.cly.gateway.filter.GlobalLogFilter   : 耗时：4109ms
2026-04-01T11:14:25.558+08:00  INFO 21076 --- [gateway-service] [reactor-http-nio-1] com.cly.gateway.filter.GlobalLogFilter   : 成功：是
2026-04-01T11:21:15.031+08:00  INFO 21076 --- [gateway-service] [reactor-http-nio-5] com.cly.gateway.filter.GlobalLogFilter   : ========== 网关请求开始 ==========
2026-04-01T11:21:15.031+08:00  INFO 21076 --- [gateway-service] [reactor-http-nio-5] com.cly.gateway.filter.GlobalLogFilter   : 时间：2026-04-01 11:21:15.031
2026-04-01T11:21:15.031+08:00  INFO 21076 --- [gateway-service] [reactor-http-nio-5] com.cly.gateway.filter.GlobalLogFilter   : 路径：POST /ai/chat
2026-04-01T11:21:15.031+08:00  INFO 21076 --- [gateway-service] [reactor-http-nio-5] com.cly.gateway.filter.GlobalLogFilter   : 用户 ID: 13542748103
2026-04-01T11:21:21.360+08:00  INFO 21076 --- [gateway-service] [reactor-http-nio-5] com.cly.gateway.filter.GlobalLogFilter   : ========== 网关请求结束 ==========
2026-04-01T11:21:21.360+08:00  INFO 21076 --- [gateway-service] [reactor-http-nio-5] com.cly.gateway.filter.GlobalLogFilter   : 状态码：200
2026-04-01T11:21:21.360+08:00  INFO 21076 --- [gateway-service] [reactor-http-nio-5] com.cly.gateway.filter.GlobalLogFilter   : 耗时：6329ms
2026-04-01T11:21:21.360+08:00  INFO 21076 --- [gateway-service] [reactor-http-nio-5] com.cly.gateway.filter.GlobalLogFilter   : 成功：是
2026-04-01T11:21:27.455+08:00  INFO 21076 --- [gateway-service] [reactor-http-nio-5] com.cly.gateway.filter.GlobalLogFilter   : ========== 网关请求开始 ==========
2026-04-01T11:21:27.455+08:00  INFO 21076 --- [gateway-service] [reactor-http-nio-5] com.cly.gateway.filter.GlobalLogFilter   : 时间：2026-04-01 11:21:27.455
2026-04-01T11:21:27.455+08:00  INFO 21076 --- [gateway-service] [reactor-http-nio-5] com.cly.gateway.filter.GlobalLogFilter   : 路径：POST /ai/chat
2026-04-01T11:21:27.455+08:00  INFO 21076 --- [gateway-service] [reactor-http-nio-5] com.cly.gateway.filter.GlobalLogFilter   : 用户 ID: 13542748103
2026-04-01T11:21:31.688+08:00  INFO 21076 --- [gateway-service] [reactor-http-nio-5] com.cly.gateway.filter.GlobalLogFilter   : ========== 网关请求结束 ==========
2026-04-01T11:21:31.688+08:00  INFO 21076 --- [gateway-service] [reactor-http-nio-5] com.cly.gateway.filter.GlobalLogFilter   : 状态码：200
2026-04-01T11:21:31.688+08:00  INFO 21076 --- [gateway-service] [reactor-http-nio-5] com.cly.gateway.filter.GlobalLogFilter   : 耗时：4233ms
2026-04-01T11:21:31.688+08:00  INFO 21076 --- [gateway-service] [reactor-http-nio-5] com.cly.gateway.filter.GlobalLogFilter   : 成功：是
2026-04-01T11:21:41.360+08:00  INFO 21076 --- [gateway-service] [reactor-http-nio-5] com.cly.gateway.filter.GlobalLogFilter   : ========== 网关请求开始 ==========
2026-04-01T11:21:41.360+08:00  INFO 21076 --- [gateway-service] [reactor-http-nio-5] com.cly.gateway.filter.GlobalLogFilter   : 时间：2026-04-01 11:21:41.360
2026-04-01T11:21:41.360+08:00  INFO 21076 --- [gateway-service] [reactor-http-nio-5] com.cly.gateway.filter.GlobalLogFilter   : 路径：POST /ai/chat
2026-04-01T11:21:41.360+08:00  INFO 21076 --- [gateway-service] [reactor-http-nio-5] com.cly.gateway.filter.GlobalLogFilter   : 用户 ID: 13542748103
2026-04-01T11:21:45.828+08:00  INFO 21076 --- [gateway-service] [reactor-http-nio-5] com.cly.gateway.filter.GlobalLogFilter   : ========== 网关请求结束 ==========
2026-04-01T11:21:45.828+08:00  INFO 21076 --- [gateway-service] [reactor-http-nio-5] com.cly.gateway.filter.GlobalLogFilter   : 状态码：200
2026-04-01T11:21:45.828+08:00  INFO 21076 --- [gateway-service] [reactor-http-nio-5] com.cly.gateway.filter.GlobalLogFilter   : 耗时：4468ms
2026-04-01T11:21:45.828+08:00  INFO 21076 --- [gateway-service] [reactor-http-nio-5] com.cly.gateway.filter.GlobalLogFilter   : 成功：是
2026-04-01T11:26:32.827+08:00  INFO 21076 --- [gateway-service] [reactor-http-nio-5] com.cly.gateway.filter.GlobalLogFilter   : ========== 网关请求开始 ==========
2026-04-01T11:26:32.827+08:00  INFO 21076 --- [gateway-service] [reactor-http-nio-5] com.cly.gateway.filter.GlobalLogFilter   : 时间：2026-04-01 11:26:32.827
2026-04-01T11:26:32.827+08:00  INFO 21076 --- [gateway-service] [reactor-http-nio-5] com.cly.gateway.filter.GlobalLogFilter   : 路径：POST /ai/chat
2026-04-01T11:26:32.827+08:00  INFO 21076 --- [gateway-service] [reactor-http-nio-5] com.cly.gateway.filter.GlobalLogFilter   : 用户 ID: 13542748103
2026-04-01T11:26:35.562+08:00  INFO 21076 --- [gateway-service] [reactor-http-nio-5] com.cly.gateway.filter.GlobalLogFilter   : ========== 网关请求结束 ==========
2026-04-01T11:26:35.562+08:00  INFO 21076 --- [gateway-service] [reactor-http-nio-5] com.cly.gateway.filter.GlobalLogFilter   : 状态码：200
2026-04-01T11:26:35.562+08:00  INFO 21076 --- [gateway-service] [reactor-http-nio-5] com.cly.gateway.filter.GlobalLogFilter   : 耗时：2735ms
2026-04-01T11:26:35.562+08:00  INFO 21076 --- [gateway-service] [reactor-http-nio-5] com.cly.gateway.filter.GlobalLogFilter   : 成功：是
2026-04-01T11:26:43.062+08:00  INFO 21076 --- [gateway-service] [reactor-http-nio-5] com.cly.gateway.filter.GlobalLogFilter   : ========== 网关请求开始 ==========
2026-04-01T11:26:43.062+08:00  INFO 21076 --- [gateway-service] [reactor-http-nio-5] com.cly.gateway.filter.GlobalLogFilter   : 时间：2026-04-01 11:26:43.062
2026-04-01T11:26:43.062+08:00  INFO 21076 --- [gateway-service] [reactor-http-nio-5] com.cly.gateway.filter.GlobalLogFilter   : 路径：POST /ai/chat
2026-04-01T11:26:43.062+08:00  INFO 21076 --- [gateway-service] [reactor-http-nio-5] com.cly.gateway.filter.GlobalLogFilter   : 用户 ID: 13542748103
2026-04-01T11:26:45.727+08:00  INFO 21076 --- [gateway-service] [reactor-http-nio-5] com.cly.gateway.filter.GlobalLogFilter   : ========== 网关请求结束 ==========
2026-04-01T11:26:45.727+08:00  INFO 21076 --- [gateway-service] [reactor-http-nio-5] com.cly.gateway.filter.GlobalLogFilter   : 状态码：200
2026-04-01T11:26:45.727+08:00  INFO 21076 --- [gateway-service] [reactor-http-nio-5] com.cly.gateway.filter.GlobalLogFilter   : 耗时：2665ms
2026-04-01T11:26:45.727+08:00  INFO 21076 --- [gateway-service] [reactor-http-nio-5] com.cly.gateway.filter.GlobalLogFilter   : 成功：是
2026-04-01T11:32:17.403+08:00  INFO 21076 --- [gateway-service] [reactor-http-nio-11] com.cly.gateway.filter.GlobalLogFilter   : ========== 网关请求开始 ==========
2026-04-01T11:32:17.403+08:00  INFO 21076 --- [gateway-service] [reactor-http-nio-11] com.cly.gateway.filter.GlobalLogFilter   : 时间：2026-04-01 11:32:17.403
2026-04-01T11:32:17.403+08:00  INFO 21076 --- [gateway-service] [reactor-http-nio-11] com.cly.gateway.filter.GlobalLogFilter   : 路径：POST /ai/chat
2026-04-01T11:32:17.403+08:00  INFO 21076 --- [gateway-service] [reactor-http-nio-11] com.cly.gateway.filter.GlobalLogFilter   : 用户 ID: 13542748103
2026-04-01T11:32:21.111+08:00  INFO 21076 --- [gateway-service] [reactor-http-nio-11] com.cly.gateway.filter.GlobalLogFilter   : ========== 网关请求结束 ==========
2026-04-01T11:32:21.111+08:00  INFO 21076 --- [gateway-service] [reactor-http-nio-11] com.cly.gateway.filter.GlobalLogFilter   : 状态码：200
2026-04-01T11:32:21.111+08:00  INFO 21076 --- [gateway-service] [reactor-http-nio-11] com.cly.gateway.filter.GlobalLogFilter   : 耗时：3708ms
2026-04-01T11:32:21.111+08:00  INFO 21076 --- [gateway-service] [reactor-http-nio-11] com.cly.gateway.filter.GlobalLogFilter   : 成功：是
2026-04-01T11:32:32.186+08:00  INFO 21076 --- [gateway-service] [reactor-http-nio-11] com.cly.gateway.filter.GlobalLogFilter   : ========== 网关请求开始 ==========
2026-04-01T11:32:32.186+08:00  INFO 21076 --- [gateway-service] [reactor-http-nio-11] com.cly.gateway.filter.GlobalLogFilter   : 时间：2026-04-01 11:32:32.186
2026-04-01T11:32:32.186+08:00  INFO 21076 --- [gateway-service] [reactor-http-nio-11] com.cly.gateway.filter.GlobalLogFilter   : 路径：POST /ai/chat
2026-04-01T11:32:32.186+08:00  INFO 21076 --- [gateway-service] [reactor-http-nio-11] com.cly.gateway.filter.GlobalLogFilter   : 用户 ID: 13542748103
2026-04-01T11:32:34.431+08:00  INFO 21076 --- [gateway-service] [reactor-http-nio-11] com.cly.gateway.filter.GlobalLogFilter   : ========== 网关请求结束 ==========
2026-04-01T11:32:34.431+08:00  INFO 21076 --- [gateway-service] [reactor-http-nio-11] com.cly.gateway.filter.GlobalLogFilter   : 状态码：200
2026-04-01T11:32:34.431+08:00  INFO 21076 --- [gateway-service] [reactor-http-nio-11] com.cly.gateway.filter.GlobalLogFilter   : 耗时：2245ms
2026-04-01T11:32:34.431+08:00  INFO 21076 --- [gateway-service] [reactor-http-nio-11] com.cly.gateway.filter.GlobalLogFilter   : 成功：是
2026-04-01T11:32:40.895+08:00  INFO 21076 --- [gateway-service] [reactor-http-nio-11] com.cly.gateway.filter.GlobalLogFilter   : ========== 网关请求开始 ==========
2026-04-01T11:32:40.895+08:00  INFO 21076 --- [gateway-service] [reactor-http-nio-11] com.cly.gateway.filter.GlobalLogFilter   : 时间：2026-04-01 11:32:40.895
2026-04-01T11:32:40.895+08:00  INFO 21076 --- [gateway-service] [reactor-http-nio-11] com.cly.gateway.filter.GlobalLogFilter   : 路径：POST /ai/chat
2026-04-01T11:32:40.895+08:00  INFO 21076 --- [gateway-service] [reactor-http-nio-11] com.cly.gateway.filter.GlobalLogFilter   : 用户 ID: 13542748103
2026-04-01T11:32:44.608+08:00  INFO 21076 --- [gateway-service] [reactor-http-nio-11] com.cly.gateway.filter.GlobalLogFilter   : ========== 网关请求结束 ==========
2026-04-01T11:32:44.608+08:00  INFO 21076 --- [gateway-service] [reactor-http-nio-11] com.cly.gateway.filter.GlobalLogFilter   : 状态码：200
2026-04-01T11:32:44.608+08:00  INFO 21076 --- [gateway-service] [reactor-http-nio-11] com.cly.gateway.filter.GlobalLogFilter   : 耗时：3713ms
2026-04-01T11:32:44.608+08:00  INFO 21076 --- [gateway-service] [reactor-http-nio-11] com.cly.gateway.filter.GlobalLogFilter   : 成功：是
2026-04-01T11:33:09.978+08:00  INFO 21076 --- [gateway-service] [reactor-http-nio-11] com.cly.gateway.filter.GlobalLogFilter   : ========== 网关请求开始 ==========
2026-04-01T11:33:09.978+08:00  INFO 21076 --- [gateway-service] [reactor-http-nio-11] com.cly.gateway.filter.GlobalLogFilter   : 时间：2026-04-01 11:33:09.978
2026-04-01T11:33:09.978+08:00  INFO 21076 --- [gateway-service] [reactor-http-nio-11] com.cly.gateway.filter.GlobalLogFilter   : 路径：POST /ai/chat
2026-04-01T11:33:09.978+08:00  INFO 21076 --- [gateway-service] [reactor-http-nio-11] com.cly.gateway.filter.GlobalLogFilter   : 用户 ID: 13542748103
2026-04-01T11:33:15.527+08:00  INFO 21076 --- [gateway-service] [reactor-http-nio-11] com.cly.gateway.filter.GlobalLogFilter   : ========== 网关请求结束 ==========
2026-04-01T11:33:15.527+08:00  INFO 21076 --- [gateway-service] [reactor-http-nio-11] com.cly.gateway.filter.GlobalLogFilter   : 状态码：200
2026-04-01T11:33:15.527+08:00  INFO 21076 --- [gateway-service] [reactor-http-nio-11] com.cly.gateway.filter.GlobalLogFilter   : 耗时：5549ms
2026-04-01T11:33:15.527+08:00  INFO 21076 --- [gateway-service] [reactor-http-nio-11] com.cly.gateway.filter.GlobalLogFilter   : 成功：是
2026-04-01T11:33:37.491+08:00  INFO 21076 --- [gateway-service] [reactor-http-nio-11] com.cly.gateway.filter.GlobalLogFilter   : ========== 网关请求开始 ==========
2026-04-01T11:33:37.491+08:00  INFO 21076 --- [gateway-service] [reactor-http-nio-11] com.cly.gateway.filter.GlobalLogFilter   : 时间：2026-04-01 11:33:37.490
2026-04-01T11:33:37.491+08:00  INFO 21076 --- [gateway-service] [reactor-http-nio-11] com.cly.gateway.filter.GlobalLogFilter   : 路径：POST /ai/chat
2026-04-01T11:33:37.491+08:00  INFO 21076 --- [gateway-service] [reactor-http-nio-11] com.cly.gateway.filter.GlobalLogFilter   : 用户 ID: 13542748103
2026-04-01T11:33:41.344+08:00  INFO 21076 --- [gateway-service] [reactor-http-nio-11] com.cly.gateway.filter.GlobalLogFilter   : ========== 网关请求结束 ==========
2026-04-01T11:33:41.344+08:00  INFO 21076 --- [gateway-service] [reactor-http-nio-11] com.cly.gateway.filter.GlobalLogFilter   : 状态码：200
2026-04-01T11:33:41.344+08:00  INFO 21076 --- [gateway-service] [reactor-http-nio-11] com.cly.gateway.filter.GlobalLogFilter   : 耗时：3853ms
2026-04-01T11:33:41.344+08:00  INFO 21076 --- [gateway-service] [reactor-http-nio-11] com.cly.gateway.filter.GlobalLogFilter   : 成功：是
2026-04-01T11:35:11.580+08:00  INFO 21076 --- [gateway-service] [reactor-http-nio-11] com.cly.gateway.filter.GlobalLogFilter   : ========== 网关请求开始 ==========
2026-04-01T11:35:11.580+08:00  INFO 21076 --- [gateway-service] [reactor-http-nio-11] com.cly.gateway.filter.GlobalLogFilter   : 时间：2026-04-01 11:35:11.580
2026-04-01T11:35:11.580+08:00  INFO 21076 --- [gateway-service] [reactor-http-nio-11] com.cly.gateway.filter.GlobalLogFilter   : 路径：POST /ai/chat
2026-04-01T11:35:11.580+08:00  INFO 21076 --- [gateway-service] [reactor-http-nio-11] com.cly.gateway.filter.GlobalLogFilter   : 用户 ID: 13542748103
2026-04-01T11:35:21.642+08:00  INFO 21076 --- [gateway-service] [reactor-http-nio-11] com.cly.gateway.filter.GlobalLogFilter   : ========== 网关请求结束 ==========
2026-04-01T11:35:21.642+08:00  INFO 21076 --- [gateway-service] [reactor-http-nio-11] com.cly.gateway.filter.GlobalLogFilter   : 状态码：200
2026-04-01T11:35:21.642+08:00  INFO 21076 --- [gateway-service] [reactor-http-nio-11] com.cly.gateway.filter.GlobalLogFilter   : 耗时：10062ms
2026-04-01T11:35:21.642+08:00  INFO 21076 --- [gateway-service] [reactor-http-nio-11] com.cly.gateway.filter.GlobalLogFilter   : 成功：是
2026-04-01T11:35:28.452+08:00  INFO 21076 --- [gateway-service] [reactor-http-nio-11] com.cly.gateway.filter.GlobalLogFilter   : ========== 网关请求开始 ==========
2026-04-01T11:35:28.452+08:00  INFO 21076 --- [gateway-service] [reactor-http-nio-11] com.cly.gateway.filter.GlobalLogFilter   : 时间：2026-04-01 11:35:28.452
2026-04-01T11:35:28.452+08:00  INFO 21076 --- [gateway-service] [reactor-http-nio-11] com.cly.gateway.filter.GlobalLogFilter   : 路径：POST /ai/chat
2026-04-01T11:35:28.452+08:00  INFO 21076 --- [gateway-service] [reactor-http-nio-11] com.cly.gateway.filter.GlobalLogFilter   : 用户 ID: 13542748103
2026-04-01T11:35:37.974+08:00  INFO 21076 --- [gateway-service] [reactor-http-nio-11] com.cly.gateway.filter.GlobalLogFilter   : ========== 网关请求结束 ==========
2026-04-01T11:35:37.974+08:00  INFO 21076 --- [gateway-service] [reactor-http-nio-11] com.cly.gateway.filter.GlobalLogFilter   : 状态码：200
2026-04-01T11:35:37.974+08:00  INFO 21076 --- [gateway-service] [reactor-http-nio-11] com.cly.gateway.filter.GlobalLogFilter   : 耗时：9522ms
2026-04-01T11:35:37.974+08:00  INFO 21076 --- [gateway-service] [reactor-http-nio-11] com.cly.gateway.filter.GlobalLogFilter   : 成功：是
2026-04-01T11:36:13.020+08:00  INFO 21076 --- [gateway-service] [reactor-http-nio-11] com.cly.gateway.filter.GlobalLogFilter   : ========== 网关请求开始 ==========
2026-04-01T11:36:13.020+08:00  INFO 21076 --- [gateway-service] [reactor-http-nio-11] com.cly.gateway.filter.GlobalLogFilter   : 时间：2026-04-01 11:36:13.020
2026-04-01T11:36:13.020+08:00  INFO 21076 --- [gateway-service] [reactor-http-nio-11] com.cly.gateway.filter.GlobalLogFilter   : 路径：POST /ai/chat
2026-04-01T11:36:13.020+08:00  INFO 21076 --- [gateway-service] [reactor-http-nio-11] com.cly.gateway.filter.GlobalLogFilter   : 用户 ID: 13542748103
2026-04-01T11:36:15.069+08:00  INFO 21076 --- [gateway-service] [reactor-http-nio-11] com.cly.gateway.filter.GlobalLogFilter   : ========== 网关请求结束 ==========
2026-04-01T11:36:15.070+08:00  INFO 21076 --- [gateway-service] [reactor-http-nio-11] com.cly.gateway.filter.GlobalLogFilter   : 状态码：200
2026-04-01T11:36:15.070+08:00  INFO 21076 --- [gateway-service] [reactor-http-nio-11] com.cly.gateway.filter.GlobalLogFilter   : 耗时：2049ms
2026-04-01T11:36:15.070+08:00  INFO 21076 --- [gateway-service] [reactor-http-nio-11] com.cly.gateway.filter.GlobalLogFilter   : 成功：是
2026-04-01T11:36:37.428+08:00  INFO 21076 --- [gateway-service] [reactor-http-nio-11] com.cly.gateway.filter.GlobalLogFilter   : ========== 网关请求开始 ==========
2026-04-01T11:36:37.428+08:00  INFO 21076 --- [gateway-service] [reactor-http-nio-11] com.cly.gateway.filter.GlobalLogFilter   : 时间：2026-04-01 11:36:37.428
2026-04-01T11:36:37.428+08:00  INFO 21076 --- [gateway-service] [reactor-http-nio-11] com.cly.gateway.filter.GlobalLogFilter   : 路径：POST /ai/chat
2026-04-01T11:36:37.428+08:00  INFO 21076 --- [gateway-service] [reactor-http-nio-11] com.cly.gateway.filter.GlobalLogFilter   : 用户 ID: 13542748103
2026-04-01T11:36:41.555+08:00  INFO 21076 --- [gateway-service] [reactor-http-nio-11] com.cly.gateway.filter.GlobalLogFilter   : ========== 网关请求结束 ==========
2026-04-01T11:36:41.555+08:00  INFO 21076 --- [gateway-service] [reactor-http-nio-11] com.cly.gateway.filter.GlobalLogFilter   : 状态码：200
2026-04-01T11:36:41.555+08:00  INFO 21076 --- [gateway-service] [reactor-http-nio-11] com.cly.gateway.filter.GlobalLogFilter   : 耗时：4127ms
2026-04-01T11:36:41.555+08:00  INFO 21076 --- [gateway-service] [reactor-http-nio-11] com.cly.gateway.filter.GlobalLogFilter   : 成功：是
2026-04-01T11:36:51.859+08:00  INFO 21076 --- [gateway-service] [reactor-http-nio-11] com.cly.gateway.filter.GlobalLogFilter   : ========== 网关请求开始 ==========
2026-04-01T11:36:51.859+08:00  INFO 21076 --- [gateway-service] [reactor-http-nio-11] com.cly.gateway.filter.GlobalLogFilter   : 时间：2026-04-01 11:36:51.859
2026-04-01T11:36:51.859+08:00  INFO 21076 --- [gateway-service] [reactor-http-nio-11] com.cly.gateway.filter.GlobalLogFilter   : 路径：POST /ai/chat
2026-04-01T11:36:51.859+08:00  INFO 21076 --- [gateway-service] [reactor-http-nio-11] com.cly.gateway.filter.GlobalLogFilter   : 用户 ID: 13542748103
2026-04-01T11:36:54.429+08:00  INFO 21076 --- [gateway-service] [reactor-http-nio-11] com.cly.gateway.filter.GlobalLogFilter   : ========== 网关请求结束 ==========
2026-04-01T11:36:54.429+08:00  INFO 21076 --- [gateway-service] [reactor-http-nio-11] com.cly.gateway.filter.GlobalLogFilter   : 状态码：200
2026-04-01T11:36:54.429+08:00  INFO 21076 --- [gateway-service] [reactor-http-nio-11] com.cly.gateway.filter.GlobalLogFilter   : 耗时：2570ms
2026-04-01T11:36:54.429+08:00  INFO 21076 --- [gateway-service] [reactor-http-nio-11] com.cly.gateway.filter.GlobalLogFilter   : 成功：是
2026-04-01T11:37:16.738+08:00  INFO 21076 --- [gateway-service] [reactor-http-nio-4] com.cly.gateway.filter.GlobalLogFilter   : ========== 网关请求开始 ==========
2026-04-01T11:37:16.738+08:00  INFO 21076 --- [gateway-service] [reactor-http-nio-4] com.cly.gateway.filter.GlobalLogFilter   : 时间：2026-04-01 11:37:16.738
2026-04-01T11:37:16.738+08:00  INFO 21076 --- [gateway-service] [reactor-http-nio-4] com.cly.gateway.filter.GlobalLogFilter   : 路径：GET /user/patient/list
2026-04-01T11:37:16.743+08:00  INFO 21076 --- [gateway-service] [reactor-http-nio-4] com.cly.gateway.filter.GlobalLogFilter   : ========== 网关请求结束 ==========
2026-04-01T11:37:16.743+08:00  INFO 21076 --- [gateway-service] [reactor-http-nio-4] com.cly.gateway.filter.GlobalLogFilter   : 状态码：401
2026-04-01T11:37:16.743+08:00  INFO 21076 --- [gateway-service] [reactor-http-nio-4] com.cly.gateway.filter.GlobalLogFilter   : 耗时：5ms
2026-04-01T11:37:16.743+08:00  INFO 21076 --- [gateway-service] [reactor-http-nio-4] com.cly.gateway.filter.GlobalLogFilter   : 成功：否
2026-04-01T11:37:20.852+08:00  INFO 21076 --- [gateway-service] [reactor-http-nio-5] com.cly.gateway.filter.GlobalLogFilter   : ========== 网关请求开始 ==========
2026-04-01T11:37:20.852+08:00  INFO 21076 --- [gateway-service] [reactor-http-nio-5] com.cly.gateway.filter.GlobalLogFilter   : 时间：2026-04-01 11:37:20.852
2026-04-01T11:37:20.852+08:00  INFO 21076 --- [gateway-service] [reactor-http-nio-5] com.cly.gateway.filter.GlobalLogFilter   : 路径：POST /user/register
2026-04-01T11:37:21.701+08:00  INFO 21076 --- [gateway-service] [reactor-http-nio-5] com.cly.gateway.filter.GlobalLogFilter   : ========== 网关请求结束 ==========
2026-04-01T11:37:21.701+08:00  INFO 21076 --- [gateway-service] [reactor-http-nio-5] com.cly.gateway.filter.GlobalLogFilter   : 状态码：500
2026-04-01T11:37:21.701+08:00  INFO 21076 --- [gateway-service] [reactor-http-nio-5] com.cly.gateway.filter.GlobalLogFilter   : 耗时：849ms
2026-04-01T11:37:21.701+08:00  INFO 21076 --- [gateway-service] [reactor-http-nio-5] com.cly.gateway.filter.GlobalLogFilter   : 成功：否
2026-04-01T11:37:22.541+08:00  INFO 21076 --- [gateway-service] [reactor-http-nio-8] com.cly.gateway.filter.GlobalLogFilter   : ========== 网关请求开始 ==========
2026-04-01T11:37:22.541+08:00  INFO 21076 --- [gateway-service] [reactor-http-nio-8] com.cly.gateway.filter.GlobalLogFilter   : 时间：2026-04-01 11:37:22.541
2026-04-01T11:37:22.541+08:00  INFO 21076 --- [gateway-service] [reactor-http-nio-8] com.cly.gateway.filter.GlobalLogFilter   : 路径：POST /user/login
2026-04-01T11:37:22.562+08:00  INFO 21076 --- [gateway-service] [reactor-http-nio-8] com.cly.gateway.filter.GlobalLogFilter   : ========== 网关请求结束 ==========
2026-04-01T11:37:22.562+08:00  INFO 21076 --- [gateway-service] [reactor-http-nio-8] com.cly.gateway.filter.GlobalLogFilter   : 状态码：500
2026-04-01T11:37:22.562+08:00  INFO 21076 --- [gateway-service] [reactor-http-nio-8] com.cly.gateway.filter.GlobalLogFilter   : 耗时：21ms
2026-04-01T11:37:22.562+08:00  INFO 21076 --- [gateway-service] [reactor-http-nio-8] com.cly.gateway.filter.GlobalLogFilter   : 成功：否
2026-04-01T11:37:27.475+08:00  INFO 21076 --- [gateway-service] [reactor-http-nio-11] com.cly.gateway.filter.GlobalLogFilter   : ========== 网关请求开始 ==========
2026-04-01T11:37:27.475+08:00  INFO 21076 --- [gateway-service] [reactor-http-nio-11] com.cly.gateway.filter.GlobalLogFilter   : 时间：2026-04-01 11:37:27.475
2026-04-01T11:37:27.475+08:00  INFO 21076 --- [gateway-service] [reactor-http-nio-11] com.cly.gateway.filter.GlobalLogFilter   : 路径：POST /user/login
2026-04-01T11:37:27.489+08:00  INFO 21076 --- [gateway-service] [reactor-http-nio-11] com.cly.gateway.filter.GlobalLogFilter   : ========== 网关请求结束 ==========
2026-04-01T11:37:27.489+08:00  INFO 21076 --- [gateway-service] [reactor-http-nio-11] com.cly.gateway.filter.GlobalLogFilter   : 状态码：500
2026-04-01T11:37:27.489+08:00  INFO 21076 --- [gateway-service] [reactor-http-nio-11] com.cly.gateway.filter.GlobalLogFilter   : 耗时：14ms
2026-04-01T11:37:27.489+08:00  INFO 21076 --- [gateway-service] [reactor-http-nio-11] com.cly.gateway.filter.GlobalLogFilter   : 成功：否
2026-04-01T11:37:39.671+08:00  INFO 21076 --- [gateway-service] [reactor-http-nio-3] com.cly.gateway.filter.GlobalLogFilter   : ========== 网关请求开始 ==========
2026-04-01T11:37:39.671+08:00  INFO 21076 --- [gateway-service] [reactor-http-nio-3] com.cly.gateway.filter.GlobalLogFilter   : 时间：2026-04-01 11:37:39.671
2026-04-01T11:37:39.671+08:00  INFO 21076 --- [gateway-service] [reactor-http-nio-3] com.cly.gateway.filter.GlobalLogFilter   : 路径：POST /user/register
2026-04-01T11:37:39.685+08:00  INFO 21076 --- [gateway-service] [reactor-http-nio-3] com.cly.gateway.filter.GlobalLogFilter   : ========== 网关请求结束 ==========
2026-04-01T11:37:39.685+08:00  INFO 21076 --- [gateway-service] [reactor-http-nio-3] com.cly.gateway.filter.GlobalLogFilter   : 状态码：500
2026-04-01T11:37:39.685+08:00  INFO 21076 --- [gateway-service] [reactor-http-nio-3] com.cly.gateway.filter.GlobalLogFilter   : 耗时：14ms
2026-04-01T11:37:39.685+08:00  INFO 21076 --- [gateway-service] [reactor-http-nio-3] com.cly.gateway.filter.GlobalLogFilter   : 成功：否
2026-04-01T11:37:49.241+08:00  INFO 21076 --- [gateway-service] [reactor-http-nio-4] com.cly.gateway.filter.GlobalLogFilter   : ========== 网关请求开始 ==========
2026-04-01T11:37:49.241+08:00  INFO 21076 --- [gateway-service] [reactor-http-nio-4] com.cly.gateway.filter.GlobalLogFilter   : 时间：2026-04-01 11:37:49.241
2026-04-01T11:37:49.241+08:00  INFO 21076 --- [gateway-service] [reactor-http-nio-4] com.cly.gateway.filter.GlobalLogFilter   : 路径：POST /user/login
2026-04-01T11:37:49.258+08:00  INFO 21076 --- [gateway-service] [reactor-http-nio-4] com.cly.gateway.filter.GlobalLogFilter   : ========== 网关请求结束 ==========
2026-04-01T11:37:49.258+08:00  INFO 21076 --- [gateway-service] [reactor-http-nio-4] com.cly.gateway.filter.GlobalLogFilter   : 状态码：500
2026-04-01T11:37:49.258+08:00  INFO 21076 --- [gateway-service] [reactor-http-nio-4] com.cly.gateway.filter.GlobalLogFilter   : 耗时：16ms
2026-04-01T11:37:49.258+08:00  INFO 21076 --- [gateway-service] [reactor-http-nio-4] com.cly.gateway.filter.GlobalLogFilter   : 成功：否
2026-04-01T11:38:04.204+08:00  INFO 21076 --- [gateway-service] [reactor-http-nio-6] com.cly.gateway.filter.GlobalLogFilter   : ========== 网关请求开始 ==========
2026-04-01T11:38:04.204+08:00  INFO 21076 --- [gateway-service] [reactor-http-nio-6] com.cly.gateway.filter.GlobalLogFilter   : 时间：2026-04-01 11:38:04.204
2026-04-01T11:38:04.204+08:00  INFO 21076 --- [gateway-service] [reactor-http-nio-6] com.cly.gateway.filter.GlobalLogFilter   : 路径：POST /user/register
2026-04-01T11:38:04.218+08:00  INFO 21076 --- [gateway-service] [reactor-http-nio-6] com.cly.gateway.filter.GlobalLogFilter   : ========== 网关请求结束 ==========
2026-04-01T11:38:04.218+08:00  INFO 21076 --- [gateway-service] [reactor-http-nio-6] com.cly.gateway.filter.GlobalLogFilter   : 状态码：500
2026-04-01T11:38:04.218+08:00  INFO 21076 --- [gateway-service] [reactor-http-nio-6] com.cly.gateway.filter.GlobalLogFilter   : 耗时：14ms
2026-04-01T11:38:04.218+08:00  INFO 21076 --- [gateway-service] [reactor-http-nio-6] com.cly.gateway.filter.GlobalLogFilter   : 成功：否
2026-04-01T11:38:24.214+08:00  INFO 21076 --- [gateway-service] [reactor-http-nio-9] com.cly.gateway.filter.GlobalLogFilter   : ========== 网关请求开始 ==========
2026-04-01T11:38:24.214+08:00  INFO 21076 --- [gateway-service] [reactor-http-nio-9] com.cly.gateway.filter.GlobalLogFilter   : 时间：2026-04-01 11:38:24.214
2026-04-01T11:38:24.214+08:00  INFO 21076 --- [gateway-service] [reactor-http-nio-9] com.cly.gateway.filter.GlobalLogFilter   : 路径：POST /user/register
2026-04-01T11:38:24.246+08:00  INFO 21076 --- [gateway-service] [reactor-http-nio-9] com.cly.gateway.filter.GlobalLogFilter   : ========== 网关请求结束 ==========
2026-04-01T11:38:24.246+08:00  INFO 21076 --- [gateway-service] [reactor-http-nio-9] com.cly.gateway.filter.GlobalLogFilter   : 状态码：200
2026-04-01T11:38:24.246+08:00  INFO 21076 --- [gateway-service] [reactor-http-nio-9] com.cly.gateway.filter.GlobalLogFilter   : 耗时：32ms
2026-04-01T11:38:24.246+08:00  INFO 21076 --- [gateway-service] [reactor-http-nio-9] com.cly.gateway.filter.GlobalLogFilter   : 成功：是
2026-04-01T11:38:25.685+08:00  INFO 21076 --- [gateway-service] [reactor-http-nio-11] com.cly.gateway.filter.GlobalLogFilter   : ========== 网关请求开始 ==========
2026-04-01T11:38:25.685+08:00  INFO 21076 --- [gateway-service] [reactor-http-nio-11] com.cly.gateway.filter.GlobalLogFilter   : 时间：2026-04-01 11:38:25.685
2026-04-01T11:38:25.685+08:00  INFO 21076 --- [gateway-service] [reactor-http-nio-11] com.cly.gateway.filter.GlobalLogFilter   : 路径：POST /user/login
2026-04-01T11:38:25.729+08:00  INFO 21076 --- [gateway-service] [reactor-http-nio-11] com.cly.gateway.filter.GlobalLogFilter   : ========== 网关请求结束 ==========
2026-04-01T11:38:25.729+08:00  INFO 21076 --- [gateway-service] [reactor-http-nio-11] com.cly.gateway.filter.GlobalLogFilter   : 状态码：200
2026-04-01T11:38:25.729+08:00  INFO 21076 --- [gateway-service] [reactor-http-nio-11] com.cly.gateway.filter.GlobalLogFilter   : 耗时：44ms
2026-04-01T11:38:25.729+08:00  INFO 21076 --- [gateway-service] [reactor-http-nio-11] com.cly.gateway.filter.GlobalLogFilter   : 成功：是
2026-04-01T11:38:49.029+08:00  INFO 21076 --- [gateway-service] [reactor-http-nio-12] com.cly.gateway.filter.GlobalLogFilter   : ========== 网关请求开始 ==========
2026-04-01T11:38:49.029+08:00  INFO 21076 --- [gateway-service] [reactor-http-nio-12] com.cly.gateway.filter.GlobalLogFilter   : 时间：2026-04-01 11:38:49.029
2026-04-01T11:38:49.029+08:00  INFO 21076 --- [gateway-service] [reactor-http-nio-12] com.cly.gateway.filter.GlobalLogFilter   : 路径：GET /doctor/schedule/detail
2026-04-01T11:38:49.165+08:00  INFO 21076 --- [gateway-service] [reactor-http-nio-12] com.cly.gateway.filter.GlobalLogFilter   : ========== 网关请求结束 ==========
2026-04-01T11:38:49.165+08:00  INFO 21076 --- [gateway-service] [reactor-http-nio-12] com.cly.gateway.filter.GlobalLogFilter   : 状态码：200
2026-04-01T11:38:49.166+08:00  INFO 21076 --- [gateway-service] [reactor-http-nio-12] com.cly.gateway.filter.GlobalLogFilter   : 耗时：136ms
2026-04-01T11:38:49.166+08:00  INFO 21076 --- [gateway-service] [reactor-http-nio-12] com.cly.gateway.filter.GlobalLogFilter   : 成功：是
2026-04-01T11:42:43.728+08:00  INFO 21076 --- [gateway-service] [reactor-http-nio-4] com.cly.gateway.filter.GlobalLogFilter   : ========== 网关请求开始 ==========
2026-04-01T11:42:43.728+08:00  INFO 21076 --- [gateway-service] [reactor-http-nio-4] com.cly.gateway.filter.GlobalLogFilter   : 时间：2026-04-01 11:42:43.728
2026-04-01T11:42:43.728+08:00  INFO 21076 --- [gateway-service] [reactor-http-nio-4] com.cly.gateway.filter.GlobalLogFilter   : 路径：POST /ai/chat
2026-04-01T11:42:43.728+08:00  INFO 21076 --- [gateway-service] [reactor-http-nio-4] com.cly.gateway.filter.GlobalLogFilter   : 用户 ID: 13542748103
2026-04-01T11:42:46.199+08:00  INFO 21076 --- [gateway-service] [reactor-http-nio-4] com.cly.gateway.filter.GlobalLogFilter   : ========== 网关请求结束 ==========
2026-04-01T11:42:46.199+08:00  INFO 21076 --- [gateway-service] [reactor-http-nio-4] com.cly.gateway.filter.GlobalLogFilter   : 状态码：200
2026-04-01T11:42:46.199+08:00  INFO 21076 --- [gateway-service] [reactor-http-nio-4] com.cly.gateway.filter.GlobalLogFilter   : 耗时：2471ms
2026-04-01T11:42:46.199+08:00  INFO 21076 --- [gateway-service] [reactor-http-nio-4] com.cly.gateway.filter.GlobalLogFilter   : 成功：是
2026-04-01T11:42:56.738+08:00  INFO 21076 --- [gateway-service] [reactor-http-nio-4] com.cly.gateway.filter.GlobalLogFilter   : ========== 网关请求开始 ==========
2026-04-01T11:42:56.738+08:00  INFO 21076 --- [gateway-service] [reactor-http-nio-4] com.cly.gateway.filter.GlobalLogFilter   : 时间：2026-04-01 11:42:56.738
2026-04-01T11:42:56.738+08:00  INFO 21076 --- [gateway-service] [reactor-http-nio-4] com.cly.gateway.filter.GlobalLogFilter   : 路径：POST /ai/chat
2026-04-01T11:42:56.738+08:00  INFO 21076 --- [gateway-service] [reactor-http-nio-4] com.cly.gateway.filter.GlobalLogFilter   : 用户 ID: 13542748103
2026-04-01T11:42:58.170+08:00  INFO 21076 --- [gateway-service] [reactor-http-nio-4] com.cly.gateway.filter.GlobalLogFilter   : ========== 网关请求结束 ==========
2026-04-01T11:42:58.170+08:00  INFO 21076 --- [gateway-service] [reactor-http-nio-4] com.cly.gateway.filter.GlobalLogFilter   : 状态码：200
2026-04-01T11:42:58.170+08:00  INFO 21076 --- [gateway-service] [reactor-http-nio-4] com.cly.gateway.filter.GlobalLogFilter   : 耗时：1432ms
2026-04-01T11:42:58.170+08:00  INFO 21076 --- [gateway-service] [reactor-http-nio-4] com.cly.gateway.filter.GlobalLogFilter   : 成功：是
2026-04-01T11:43:14.810+08:00  INFO 21076 --- [gateway-service] [reactor-http-nio-4] com.cly.gateway.filter.GlobalLogFilter   : ========== 网关请求开始 ==========
2026-04-01T11:43:14.810+08:00  INFO 21076 --- [gateway-service] [reactor-http-nio-4] com.cly.gateway.filter.GlobalLogFilter   : 时间：2026-04-01 11:43:14.810
2026-04-01T11:43:14.810+08:00  INFO 21076 --- [gateway-service] [reactor-http-nio-4] com.cly.gateway.filter.GlobalLogFilter   : 路径：POST /ai/chat
2026-04-01T11:43:14.811+08:00  INFO 21076 --- [gateway-service] [reactor-http-nio-4] com.cly.gateway.filter.GlobalLogFilter   : 用户 ID: 13542748103
2026-04-01T11:43:17.792+08:00  INFO 21076 --- [gateway-service] [reactor-http-nio-4] com.cly.gateway.filter.GlobalLogFilter   : ========== 网关请求结束 ==========
2026-04-01T11:43:17.792+08:00  INFO 21076 --- [gateway-service] [reactor-http-nio-4] com.cly.gateway.filter.GlobalLogFilter   : 状态码：200
2026-04-01T11:43:17.792+08:00  INFO 21076 --- [gateway-service] [reactor-http-nio-4] com.cly.gateway.filter.GlobalLogFilter   : 耗时：2981ms
2026-04-01T11:43:17.792+08:00  INFO 21076 --- [gateway-service] [reactor-http-nio-4] com.cly.gateway.filter.GlobalLogFilter   : 成功：是
2026-04-01T11:43:28.580+08:00  INFO 21076 --- [gateway-service] [reactor-http-nio-4] com.cly.gateway.filter.GlobalLogFilter   : ========== 网关请求开始 ==========
2026-04-01T11:43:28.580+08:00  INFO 21076 --- [gateway-service] [reactor-http-nio-4] com.cly.gateway.filter.GlobalLogFilter   : 时间：2026-04-01 11:43:28.580
2026-04-01T11:43:28.580+08:00  INFO 21076 --- [gateway-service] [reactor-http-nio-4] com.cly.gateway.filter.GlobalLogFilter   : 路径：POST /ai/chat
2026-04-01T11:43:28.580+08:00  INFO 21076 --- [gateway-service] [reactor-http-nio-4] com.cly.gateway.filter.GlobalLogFilter   : 用户 ID: 13542748103
2026-04-01T11:43:30.427+08:00  INFO 21076 --- [gateway-service] [reactor-http-nio-4] com.cly.gateway.filter.GlobalLogFilter   : ========== 网关请求结束 ==========
2026-04-01T11:43:30.427+08:00  INFO 21076 --- [gateway-service] [reactor-http-nio-4] com.cly.gateway.filter.GlobalLogFilter   : 状态码：200
2026-04-01T11:43:30.427+08:00  INFO 21076 --- [gateway-service] [reactor-http-nio-4] com.cly.gateway.filter.GlobalLogFilter   : 耗时：1847ms
2026-04-01T11:43:30.427+08:00  INFO 21076 --- [gateway-service] [reactor-http-nio-4] com.cly.gateway.filter.GlobalLogFilter   : 成功：是
2026-04-01T11:44:21.134+08:00  INFO 21076 --- [gateway-service] [reactor-http-nio-4] com.cly.gateway.filter.GlobalLogFilter   : ========== 网关请求开始 ==========
2026-04-01T11:44:21.134+08:00  INFO 21076 --- [gateway-service] [reactor-http-nio-4] com.cly.gateway.filter.GlobalLogFilter   : 时间：2026-04-01 11:44:21.134
2026-04-01T11:44:21.134+08:00  INFO 21076 --- [gateway-service] [reactor-http-nio-4] com.cly.gateway.filter.GlobalLogFilter   : 路径：POST /ai/chat
2026-04-01T11:44:21.134+08:00  INFO 21076 --- [gateway-service] [reactor-http-nio-4] com.cly.gateway.filter.GlobalLogFilter   : 用户 ID: 13542748103
2026-04-01T11:44:31.096+08:00  INFO 21076 --- [gateway-service] [reactor-http-nio-4] com.cly.gateway.filter.GlobalLogFilter   : ========== 网关请求结束 ==========
2026-04-01T11:44:31.096+08:00  INFO 21076 --- [gateway-service] [reactor-http-nio-4] com.cly.gateway.filter.GlobalLogFilter   : 状态码：200
2026-04-01T11:44:31.096+08:00  INFO 21076 --- [gateway-service] [reactor-http-nio-4] com.cly.gateway.filter.GlobalLogFilter   : 耗时：9962ms
2026-04-01T11:44:31.097+08:00  INFO 21076 --- [gateway-service] [reactor-http-nio-4] com.cly.gateway.filter.GlobalLogFilter   : 成功：是
2026-04-01T14:23:14.162+08:00  INFO 21076 --- [gateway-service] [reactor-http-nio-9] com.cly.gateway.filter.GlobalLogFilter   : ========== 网关请求开始 ==========
2026-04-01T14:23:14.162+08:00  INFO 21076 --- [gateway-service] [reactor-http-nio-9] com.cly.gateway.filter.GlobalLogFilter   : 时间：2026-04-01 14:23:14.162
2026-04-01T14:23:14.162+08:00  INFO 21076 --- [gateway-service] [reactor-http-nio-9] com.cly.gateway.filter.GlobalLogFilter   : 路径：POST /ai/chat
2026-04-01T14:23:14.162+08:00  INFO 21076 --- [gateway-service] [reactor-http-nio-9] com.cly.gateway.filter.GlobalLogFilter   : 用户 ID: 13542748103
2026-04-01T14:23:18.837+08:00  INFO 21076 --- [gateway-service] [reactor-http-nio-9] com.cly.gateway.filter.GlobalLogFilter   : ========== 网关请求结束 ==========
2026-04-01T14:23:18.837+08:00  INFO 21076 --- [gateway-service] [reactor-http-nio-9] com.cly.gateway.filter.GlobalLogFilter   : 状态码：200
2026-04-01T14:23:18.837+08:00  INFO 21076 --- [gateway-service] [reactor-http-nio-9] com.cly.gateway.filter.GlobalLogFilter   : 耗时：4675ms
2026-04-01T14:23:18.837+08:00  INFO 21076 --- [gateway-service] [reactor-http-nio-9] com.cly.gateway.filter.GlobalLogFilter   : 成功：是
2026-04-01T14:23:38.263+08:00  INFO 21076 --- [gateway-service] [reactor-http-nio-9] com.cly.gateway.filter.GlobalLogFilter   : ========== 网关请求开始 ==========
2026-04-01T14:23:38.263+08:00  INFO 21076 --- [gateway-service] [reactor-http-nio-9] com.cly.gateway.filter.GlobalLogFilter   : 时间：2026-04-01 14:23:38.263
2026-04-01T14:23:38.263+08:00  INFO 21076 --- [gateway-service] [reactor-http-nio-9] com.cly.gateway.filter.GlobalLogFilter   : 路径：POST /ai/chat
2026-04-01T14:23:38.263+08:00  INFO 21076 --- [gateway-service] [reactor-http-nio-9] com.cly.gateway.filter.GlobalLogFilter   : 用户 ID: 13542748103
2026-04-01T14:23:41.309+08:00  INFO 21076 --- [gateway-service] [reactor-http-nio-9] com.cly.gateway.filter.GlobalLogFilter   : ========== 网关请求结束 ==========
2026-04-01T14:23:41.309+08:00  INFO 21076 --- [gateway-service] [reactor-http-nio-9] com.cly.gateway.filter.GlobalLogFilter   : 状态码：200
2026-04-01T14:23:41.309+08:00  INFO 21076 --- [gateway-service] [reactor-http-nio-9] com.cly.gateway.filter.GlobalLogFilter   : 耗时：3046ms
2026-04-01T14:23:41.309+08:00  INFO 21076 --- [gateway-service] [reactor-http-nio-9] com.cly.gateway.filter.GlobalLogFilter   : 成功：是
2026-04-01T14:23:51.049+08:00  INFO 21076 --- [gateway-service] [reactor-http-nio-9] com.cly.gateway.filter.GlobalLogFilter   : ========== 网关请求开始 ==========
2026-04-01T14:23:51.049+08:00  INFO 21076 --- [gateway-service] [reactor-http-nio-9] com.cly.gateway.filter.GlobalLogFilter   : 时间：2026-04-01 14:23:51.049
2026-04-01T14:23:51.049+08:00  INFO 21076 --- [gateway-service] [reactor-http-nio-9] com.cly.gateway.filter.GlobalLogFilter   : 路径：POST /ai/chat
2026-04-01T14:23:51.049+08:00  INFO 21076 --- [gateway-service] [reactor-http-nio-9] com.cly.gateway.filter.GlobalLogFilter   : 用户 ID: 13542748103
2026-04-01T14:23:54.416+08:00  INFO 21076 --- [gateway-service] [reactor-http-nio-9] com.cly.gateway.filter.GlobalLogFilter   : ========== 网关请求结束 ==========
2026-04-01T14:23:54.416+08:00  INFO 21076 --- [gateway-service] [reactor-http-nio-9] com.cly.gateway.filter.GlobalLogFilter   : 状态码：200
2026-04-01T14:23:54.416+08:00  INFO 21076 --- [gateway-service] [reactor-http-nio-9] com.cly.gateway.filter.GlobalLogFilter   : 耗时：3367ms
2026-04-01T14:23:54.416+08:00  INFO 21076 --- [gateway-service] [reactor-http-nio-9] com.cly.gateway.filter.GlobalLogFilter   : 成功：是
2026-04-01T14:24:03.822+08:00  INFO 21076 --- [gateway-service] [reactor-http-nio-9] com.cly.gateway.filter.GlobalLogFilter   : ========== 网关请求开始 ==========
2026-04-01T14:24:03.822+08:00  INFO 21076 --- [gateway-service] [reactor-http-nio-9] com.cly.gateway.filter.GlobalLogFilter   : 时间：2026-04-01 14:24:03.822
2026-04-01T14:24:03.822+08:00  INFO 21076 --- [gateway-service] [reactor-http-nio-9] com.cly.gateway.filter.GlobalLogFilter   : 路径：POST /ai/chat
2026-04-01T14:24:03.822+08:00  INFO 21076 --- [gateway-service] [reactor-http-nio-9] com.cly.gateway.filter.GlobalLogFilter   : 用户 ID: 13542748103
2026-04-01T14:24:06.250+08:00  INFO 21076 --- [gateway-service] [reactor-http-nio-9] com.cly.gateway.filter.GlobalLogFilter   : ========== 网关请求结束 ==========
2026-04-01T14:24:06.250+08:00  INFO 21076 --- [gateway-service] [reactor-http-nio-9] com.cly.gateway.filter.GlobalLogFilter   : 状态码：200
2026-04-01T14:24:06.250+08:00  INFO 21076 --- [gateway-service] [reactor-http-nio-9] com.cly.gateway.filter.GlobalLogFilter   : 耗时：2428ms
2026-04-01T14:24:06.250+08:00  INFO 21076 --- [gateway-service] [reactor-http-nio-9] com.cly.gateway.filter.GlobalLogFilter   : 成功：是
2026-04-01T14:24:53.523+08:00  INFO 21076 --- [gateway-service] [reactor-http-nio-9] com.cly.gateway.filter.GlobalLogFilter   : ========== 网关请求开始 ==========
2026-04-01T14:24:53.523+08:00  INFO 21076 --- [gateway-service] [reactor-http-nio-9] com.cly.gateway.filter.GlobalLogFilter   : 时间：2026-04-01 14:24:53.523
2026-04-01T14:24:53.523+08:00  INFO 21076 --- [gateway-service] [reactor-http-nio-9] com.cly.gateway.filter.GlobalLogFilter   : 路径：POST /ai/chat
2026-04-01T14:24:53.523+08:00  INFO 21076 --- [gateway-service] [reactor-http-nio-9] com.cly.gateway.filter.GlobalLogFilter   : 用户 ID: 13542748103
2026-04-01T14:24:55.792+08:00  INFO 21076 --- [gateway-service] [reactor-http-nio-9] com.cly.gateway.filter.GlobalLogFilter   : ========== 网关请求结束 ==========
2026-04-01T14:24:55.792+08:00  INFO 21076 --- [gateway-service] [reactor-http-nio-9] com.cly.gateway.filter.GlobalLogFilter   : 状态码：200
2026-04-01T14:24:55.792+08:00  INFO 21076 --- [gateway-service] [reactor-http-nio-9] com.cly.gateway.filter.GlobalLogFilter   : 耗时：2269ms
2026-04-01T14:24:55.792+08:00  INFO 21076 --- [gateway-service] [reactor-http-nio-9] com.cly.gateway.filter.GlobalLogFilter   : 成功：是
2026-04-01T14:28:58.841+08:00  INFO 21076 --- [gateway-service] [reactor-http-nio-9] com.cly.gateway.filter.GlobalLogFilter   : ========== 网关请求开始 ==========
2026-04-01T14:28:58.841+08:00  INFO 21076 --- [gateway-service] [reactor-http-nio-9] com.cly.gateway.filter.GlobalLogFilter   : 时间：2026-04-01 14:28:58.841
2026-04-01T14:28:58.841+08:00  INFO 21076 --- [gateway-service] [reactor-http-nio-9] com.cly.gateway.filter.GlobalLogFilter   : 路径：POST /ai/chat
2026-04-01T14:28:58.841+08:00  INFO 21076 --- [gateway-service] [reactor-http-nio-9] com.cly.gateway.filter.GlobalLogFilter   : 用户 ID: 13542748103
2026-04-01T14:29:05.260+08:00  INFO 21076 --- [gateway-service] [reactor-http-nio-9] com.cly.gateway.filter.GlobalLogFilter   : ========== 网关请求结束 ==========
2026-04-01T14:29:05.260+08:00  INFO 21076 --- [gateway-service] [reactor-http-nio-9] com.cly.gateway.filter.GlobalLogFilter   : 状态码：200
2026-04-01T14:29:05.260+08:00  INFO 21076 --- [gateway-service] [reactor-http-nio-9] com.cly.gateway.filter.GlobalLogFilter   : 耗时：6419ms
2026-04-01T14:29:05.260+08:00  INFO 21076 --- [gateway-service] [reactor-http-nio-9] com.cly.gateway.filter.GlobalLogFilter   : 成功：是
2026-04-01T14:30:11.334+08:00  INFO 21076 --- [gateway-service] [reactor-http-nio-9] com.cly.gateway.filter.GlobalLogFilter   : ========== 网关请求开始 ==========
2026-04-01T14:30:11.334+08:00  INFO 21076 --- [gateway-service] [reactor-http-nio-9] com.cly.gateway.filter.GlobalLogFilter   : 时间：2026-04-01 14:30:11.334
2026-04-01T14:30:11.334+08:00  INFO 21076 --- [gateway-service] [reactor-http-nio-9] com.cly.gateway.filter.GlobalLogFilter   : 路径：POST /ai/chat
2026-04-01T14:30:11.334+08:00  INFO 21076 --- [gateway-service] [reactor-http-nio-9] com.cly.gateway.filter.GlobalLogFilter   : 用户 ID: 13542748103
2026-04-01T14:30:16.254+08:00  INFO 21076 --- [gateway-service] [reactor-http-nio-9] com.cly.gateway.filter.GlobalLogFilter   : ========== 网关请求结束 ==========
2026-04-01T14:30:16.254+08:00  INFO 21076 --- [gateway-service] [reactor-http-nio-9] com.cly.gateway.filter.GlobalLogFilter   : 状态码：200
2026-04-01T14:30:16.254+08:00  INFO 21076 --- [gateway-service] [reactor-http-nio-9] com.cly.gateway.filter.GlobalLogFilter   : 耗时：4920ms
2026-04-01T14:30:16.254+08:00  INFO 21076 --- [gateway-service] [reactor-http-nio-9] com.cly.gateway.filter.GlobalLogFilter   : 成功：是
2026-04-01T14:32:59.459+08:00  INFO 21076 --- [gateway-service] [reactor-http-nio-9] com.cly.gateway.filter.GlobalLogFilter   : ========== 网关请求开始 ==========
2026-04-01T14:32:59.459+08:00  INFO 21076 --- [gateway-service] [reactor-http-nio-9] com.cly.gateway.filter.GlobalLogFilter   : 时间：2026-04-01 14:32:59.459
2026-04-01T14:32:59.459+08:00  INFO 21076 --- [gateway-service] [reactor-http-nio-9] com.cly.gateway.filter.GlobalLogFilter   : 路径：POST /ai/chat
2026-04-01T14:32:59.459+08:00  INFO 21076 --- [gateway-service] [reactor-http-nio-9] com.cly.gateway.filter.GlobalLogFilter   : 用户 ID: 13542748103
2026-04-01T14:33:04.231+08:00  INFO 21076 --- [gateway-service] [reactor-http-nio-9] com.cly.gateway.filter.GlobalLogFilter   : ========== 网关请求结束 ==========
2026-04-01T14:33:04.231+08:00  INFO 21076 --- [gateway-service] [reactor-http-nio-9] com.cly.gateway.filter.GlobalLogFilter   : 状态码：200
2026-04-01T14:33:04.231+08:00  INFO 21076 --- [gateway-service] [reactor-http-nio-9] com.cly.gateway.filter.GlobalLogFilter   : 耗时：4772ms
2026-04-01T14:33:04.231+08:00  INFO 21076 --- [gateway-service] [reactor-http-nio-9] com.cly.gateway.filter.GlobalLogFilter   : 成功：是
2026-04-01T14:33:12.748+08:00  INFO 21076 --- [gateway-service] [reactor-http-nio-9] com.cly.gateway.filter.GlobalLogFilter   : ========== 网关请求开始 ==========
2026-04-01T14:33:12.748+08:00  INFO 21076 --- [gateway-service] [reactor-http-nio-9] com.cly.gateway.filter.GlobalLogFilter   : 时间：2026-04-01 14:33:12.748
2026-04-01T14:33:12.748+08:00  INFO 21076 --- [gateway-service] [reactor-http-nio-9] com.cly.gateway.filter.GlobalLogFilter   : 路径：POST /ai/chat
2026-04-01T14:33:12.748+08:00  INFO 21076 --- [gateway-service] [reactor-http-nio-9] com.cly.gateway.filter.GlobalLogFilter   : 用户 ID: 13542748103
2026-04-01T14:33:16.094+08:00  INFO 21076 --- [gateway-service] [reactor-http-nio-9] com.cly.gateway.filter.GlobalLogFilter   : ========== 网关请求结束 ==========
2026-04-01T14:33:16.094+08:00  INFO 21076 --- [gateway-service] [reactor-http-nio-9] com.cly.gateway.filter.GlobalLogFilter   : 状态码：200
2026-04-01T14:33:16.094+08:00  INFO 21076 --- [gateway-service] [reactor-http-nio-9] com.cly.gateway.filter.GlobalLogFilter   : 耗时：3346ms
2026-04-01T14:33:16.094+08:00  INFO 21076 --- [gateway-service] [reactor-http-nio-9] com.cly.gateway.filter.GlobalLogFilter   : 成功：是
2026-04-01T14:33:19.673+08:00  INFO 21076 --- [gateway-service] [reactor-http-nio-9] com.cly.gateway.filter.GlobalLogFilter   : ========== 网关请求开始 ==========
2026-04-01T14:33:19.673+08:00  INFO 21076 --- [gateway-service] [reactor-http-nio-9] com.cly.gateway.filter.GlobalLogFilter   : 时间：2026-04-01 14:33:19.673
2026-04-01T14:33:19.673+08:00  INFO 21076 --- [gateway-service] [reactor-http-nio-9] com.cly.gateway.filter.GlobalLogFilter   : 路径：POST /ai/chat
2026-04-01T14:33:19.673+08:00  INFO 21076 --- [gateway-service] [reactor-http-nio-9] com.cly.gateway.filter.GlobalLogFilter   : 用户 ID: 13542748103
2026-04-01T14:33:22.183+08:00  INFO 21076 --- [gateway-service] [reactor-http-nio-9] com.cly.gateway.filter.GlobalLogFilter   : ========== 网关请求结束 ==========
2026-04-01T14:33:22.183+08:00  INFO 21076 --- [gateway-service] [reactor-http-nio-9] com.cly.gateway.filter.GlobalLogFilter   : 状态码：200
2026-04-01T14:33:22.183+08:00  INFO 21076 --- [gateway-service] [reactor-http-nio-9] com.cly.gateway.filter.GlobalLogFilter   : 耗时：2510ms
2026-04-01T14:33:22.183+08:00  INFO 21076 --- [gateway-service] [reactor-http-nio-9] com.cly.gateway.filter.GlobalLogFilter   : 成功：是
2026-04-01T14:40:25.267+08:00  INFO 21076 --- [gateway-service] [reactor-http-nio-6] com.cly.gateway.filter.GlobalLogFilter   : ========== 网关请求开始 ==========
2026-04-01T14:40:25.267+08:00  INFO 21076 --- [gateway-service] [reactor-http-nio-6] com.cly.gateway.filter.GlobalLogFilter   : 时间：2026-04-01 14:40:25.267
2026-04-01T14:40:25.267+08:00  INFO 21076 --- [gateway-service] [reactor-http-nio-6] com.cly.gateway.filter.GlobalLogFilter   : 路径：POST /ai/chat
2026-04-01T14:40:25.267+08:00  INFO 21076 --- [gateway-service] [reactor-http-nio-6] com.cly.gateway.filter.GlobalLogFilter   : 用户 ID: 13542748103
2026-04-01T14:40:27.881+08:00  INFO 21076 --- [gateway-service] [reactor-http-nio-6] com.cly.gateway.filter.GlobalLogFilter   : ========== 网关请求结束 ==========
2026-04-01T14:40:27.881+08:00  INFO 21076 --- [gateway-service] [reactor-http-nio-6] com.cly.gateway.filter.GlobalLogFilter   : 状态码：200
2026-04-01T14:40:27.881+08:00  INFO 21076 --- [gateway-service] [reactor-http-nio-6] com.cly.gateway.filter.GlobalLogFilter   : 耗时：2614ms
2026-04-01T14:40:27.881+08:00  INFO 21076 --- [gateway-service] [reactor-http-nio-6] com.cly.gateway.filter.GlobalLogFilter   : 成功：是
2026-04-01T14:40:42.900+08:00  INFO 21076 --- [gateway-service] [reactor-http-nio-6] com.cly.gateway.filter.GlobalLogFilter   : ========== 网关请求开始 ==========
2026-04-01T14:40:42.901+08:00  INFO 21076 --- [gateway-service] [reactor-http-nio-6] com.cly.gateway.filter.GlobalLogFilter   : 时间：2026-04-01 14:40:42.900
2026-04-01T14:40:42.901+08:00  INFO 21076 --- [gateway-service] [reactor-http-nio-6] com.cly.gateway.filter.GlobalLogFilter   : 路径：POST /ai/chat
2026-04-01T14:40:42.901+08:00  INFO 21076 --- [gateway-service] [reactor-http-nio-6] com.cly.gateway.filter.GlobalLogFilter   : 用户 ID: 13542748103
2026-04-01T14:40:47.028+08:00  INFO 21076 --- [gateway-service] [reactor-http-nio-6] com.cly.gateway.filter.GlobalLogFilter   : ========== 网关请求结束 ==========
2026-04-01T14:40:47.029+08:00  INFO 21076 --- [gateway-service] [reactor-http-nio-6] com.cly.gateway.filter.GlobalLogFilter   : 状态码：200
2026-04-01T14:40:47.029+08:00  INFO 21076 --- [gateway-service] [reactor-http-nio-6] com.cly.gateway.filter.GlobalLogFilter   : 耗时：4127ms
2026-04-01T14:40:47.029+08:00  INFO 21076 --- [gateway-service] [reactor-http-nio-6] com.cly.gateway.filter.GlobalLogFilter   : 成功：是
2026-04-01T14:41:06.021+08:00  INFO 21076 --- [gateway-service] [reactor-http-nio-6] com.cly.gateway.filter.GlobalLogFilter   : ========== 网关请求开始 ==========
2026-04-01T14:41:06.021+08:00  INFO 21076 --- [gateway-service] [reactor-http-nio-6] com.cly.gateway.filter.GlobalLogFilter   : 时间：2026-04-01 14:41:06.021
2026-04-01T14:41:06.021+08:00  INFO 21076 --- [gateway-service] [reactor-http-nio-6] com.cly.gateway.filter.GlobalLogFilter   : 路径：POST /ai/chat
2026-04-01T14:41:06.021+08:00  INFO 21076 --- [gateway-service] [reactor-http-nio-6] com.cly.gateway.filter.GlobalLogFilter   : 用户 ID: 13542748103
2026-04-01T14:41:08.412+08:00  INFO 21076 --- [gateway-service] [reactor-http-nio-6] com.cly.gateway.filter.GlobalLogFilter   : ========== 网关请求结束 ==========
2026-04-01T14:41:08.412+08:00  INFO 21076 --- [gateway-service] [reactor-http-nio-6] com.cly.gateway.filter.GlobalLogFilter   : 状态码：200
2026-04-01T14:41:08.412+08:00  INFO 21076 --- [gateway-service] [reactor-http-nio-6] com.cly.gateway.filter.GlobalLogFilter   : 耗时：2391ms
2026-04-01T14:41:08.412+08:00  INFO 21076 --- [gateway-service] [reactor-http-nio-6] com.cly.gateway.filter.GlobalLogFilter   : 成功：是
2026-04-01T14:41:57.382+08:00  INFO 21076 --- [gateway-service] [reactor-http-nio-6] com.cly.gateway.filter.GlobalLogFilter   : ========== 网关请求开始 ==========
2026-04-01T14:41:57.382+08:00  INFO 21076 --- [gateway-service] [reactor-http-nio-6] com.cly.gateway.filter.GlobalLogFilter   : 时间：2026-04-01 14:41:57.382
2026-04-01T14:41:57.382+08:00  INFO 21076 --- [gateway-service] [reactor-http-nio-6] com.cly.gateway.filter.GlobalLogFilter   : 路径：POST /ai/chat
2026-04-01T14:41:57.382+08:00  INFO 21076 --- [gateway-service] [reactor-http-nio-6] com.cly.gateway.filter.GlobalLogFilter   : 用户 ID: 13542748103
2026-04-01T14:41:59.137+08:00  INFO 21076 --- [gateway-service] [reactor-http-nio-6] com.cly.gateway.filter.GlobalLogFilter   : ========== 网关请求结束 ==========
2026-04-01T14:41:59.137+08:00  INFO 21076 --- [gateway-service] [reactor-http-nio-6] com.cly.gateway.filter.GlobalLogFilter   : 状态码：200
2026-04-01T14:41:59.137+08:00  INFO 21076 --- [gateway-service] [reactor-http-nio-6] com.cly.gateway.filter.GlobalLogFilter   : 耗时：1755ms
2026-04-01T14:41:59.137+08:00  INFO 21076 --- [gateway-service] [reactor-http-nio-6] com.cly.gateway.filter.GlobalLogFilter   : 成功：是
2026-04-01T14:42:08.235+08:00  INFO 21076 --- [gateway-service] [reactor-http-nio-6] com.cly.gateway.filter.GlobalLogFilter   : ========== 网关请求开始 ==========
2026-04-01T14:42:08.235+08:00  INFO 21076 --- [gateway-service] [reactor-http-nio-6] com.cly.gateway.filter.GlobalLogFilter   : 时间：2026-04-01 14:42:08.235
2026-04-01T14:42:08.235+08:00  INFO 21076 --- [gateway-service] [reactor-http-nio-6] com.cly.gateway.filter.GlobalLogFilter   : 路径：POST /ai/chat
2026-04-01T14:42:08.235+08:00  INFO 21076 --- [gateway-service] [reactor-http-nio-6] com.cly.gateway.filter.GlobalLogFilter   : 用户 ID: 13542748103
2026-04-01T14:42:11.036+08:00  INFO 21076 --- [gateway-service] [reactor-http-nio-6] com.cly.gateway.filter.GlobalLogFilter   : ========== 网关请求结束 ==========
2026-04-01T14:42:11.036+08:00  INFO 21076 --- [gateway-service] [reactor-http-nio-6] com.cly.gateway.filter.GlobalLogFilter   : 状态码：200
2026-04-01T14:42:11.036+08:00  INFO 21076 --- [gateway-service] [reactor-http-nio-6] com.cly.gateway.filter.GlobalLogFilter   : 耗时：2801ms
2026-04-01T14:42:11.036+08:00  INFO 21076 --- [gateway-service] [reactor-http-nio-6] com.cly.gateway.filter.GlobalLogFilter   : 成功：是
2026-04-01T14:44:57.970+08:00  INFO 21076 --- [gateway-service] [reactor-http-nio-9] com.cly.gateway.filter.GlobalLogFilter   : ========== 网关请求开始 ==========
2026-04-01T14:44:57.970+08:00  INFO 21076 --- [gateway-service] [reactor-http-nio-9] com.cly.gateway.filter.GlobalLogFilter   : 时间：2026-04-01 14:44:57.970
2026-04-01T14:44:57.970+08:00  INFO 21076 --- [gateway-service] [reactor-http-nio-9] com.cly.gateway.filter.GlobalLogFilter   : 路径：POST /ai/chat
2026-04-01T14:44:57.970+08:00  INFO 21076 --- [gateway-service] [reactor-http-nio-9] com.cly.gateway.filter.GlobalLogFilter   : 用户 ID: 13542748103
2026-04-01T14:45:00.435+08:00  INFO 21076 --- [gateway-service] [reactor-http-nio-9] com.cly.gateway.filter.GlobalLogFilter   : ========== 网关请求开始 ==========
2026-04-01T14:45:00.435+08:00  INFO 21076 --- [gateway-service] [reactor-http-nio-9] com.cly.gateway.filter.GlobalLogFilter   : 时间：2026-04-01 14:45:00.435
2026-04-01T14:45:00.435+08:00  INFO 21076 --- [gateway-service] [reactor-http-nio-9] com.cly.gateway.filter.GlobalLogFilter   : 路径：POST /ai/chat
2026-04-01T14:45:00.435+08:00  INFO 21076 --- [gateway-service] [reactor-http-nio-9] com.cly.gateway.filter.GlobalLogFilter   : 用户 ID: 13542748103
2026-04-01T14:45:02.236+08:00  INFO 21076 --- [gateway-service] [reactor-http-nio-9] com.cly.gateway.filter.GlobalLogFilter   : ========== 网关请求开始 ==========
2026-04-01T14:45:02.236+08:00  INFO 21076 --- [gateway-service] [reactor-http-nio-9] com.cly.gateway.filter.GlobalLogFilter   : 时间：2026-04-01 14:45:02.236
2026-04-01T14:45:02.236+08:00  INFO 21076 --- [gateway-service] [reactor-http-nio-9] com.cly.gateway.filter.GlobalLogFilter   : 路径：POST /ai/chat
2026-04-01T14:45:02.236+08:00  INFO 21076 --- [gateway-service] [reactor-http-nio-9] com.cly.gateway.filter.GlobalLogFilter   : 用户 ID: 13542748103
2026-04-01T14:45:04.029+08:00  INFO 21076 --- [gateway-service] [reactor-http-nio-9] com.cly.gateway.filter.GlobalLogFilter   : ========== 网关请求开始 ==========
2026-04-01T14:45:04.029+08:00  INFO 21076 --- [gateway-service] [reactor-http-nio-9] com.cly.gateway.filter.GlobalLogFilter   : 时间：2026-04-01 14:45:04.029
2026-04-01T14:45:04.029+08:00  INFO 21076 --- [gateway-service] [reactor-http-nio-9] com.cly.gateway.filter.GlobalLogFilter   : 路径：POST /ai/chat
2026-04-01T14:45:04.029+08:00  INFO 21076 --- [gateway-service] [reactor-http-nio-9] com.cly.gateway.filter.GlobalLogFilter   : 用户 ID: 13542748103
2026-04-01T14:45:05.794+08:00  INFO 21076 --- [gateway-service] [reactor-http-nio-9] com.cly.gateway.filter.GlobalLogFilter   : ========== 网关请求开始 ==========
2026-04-01T14:45:05.794+08:00  INFO 21076 --- [gateway-service] [reactor-http-nio-9] com.cly.gateway.filter.GlobalLogFilter   : 时间：2026-04-01 14:45:05.794
2026-04-01T14:45:05.794+08:00  INFO 21076 --- [gateway-service] [reactor-http-nio-9] com.cly.gateway.filter.GlobalLogFilter   : 路径：POST /ai/chat
2026-04-01T14:45:05.794+08:00  INFO 21076 --- [gateway-service] [reactor-http-nio-9] com.cly.gateway.filter.GlobalLogFilter   : 用户 ID: 13542748103
2026-04-01T14:45:08.074+08:00  INFO 21076 --- [gateway-service] [reactor-http-nio-9] com.cly.gateway.filter.GlobalLogFilter   : ========== 网关请求开始 ==========
2026-04-01T14:45:08.074+08:00  INFO 21076 --- [gateway-service] [reactor-http-nio-9] com.cly.gateway.filter.GlobalLogFilter   : 时间：2026-04-01 14:45:08.074
2026-04-01T14:45:08.074+08:00  INFO 21076 --- [gateway-service] [reactor-http-nio-9] com.cly.gateway.filter.GlobalLogFilter   : 路径：POST /ai/chat
2026-04-01T14:45:08.074+08:00  INFO 21076 --- [gateway-service] [reactor-http-nio-9] com.cly.gateway.filter.GlobalLogFilter   : 用户 ID: 13542748103
2026-04-01T14:45:09.958+08:00  INFO 21076 --- [gateway-service] [reactor-http-nio-9] com.cly.gateway.filter.GlobalLogFilter   : ========== 网关请求开始 ==========
2026-04-01T14:45:09.958+08:00  INFO 21076 --- [gateway-service] [reactor-http-nio-9] com.cly.gateway.filter.GlobalLogFilter   : 时间：2026-04-01 14:45:09.958
2026-04-01T14:45:09.958+08:00  INFO 21076 --- [gateway-service] [reactor-http-nio-9] com.cly.gateway.filter.GlobalLogFilter   : 路径：POST /ai/chat
2026-04-01T14:45:09.958+08:00  INFO 21076 --- [gateway-service] [reactor-http-nio-9] com.cly.gateway.filter.GlobalLogFilter   : 用户 ID: 13542748103
2026-04-01T14:45:16.046+08:00  INFO 21076 --- [gateway-service] [reactor-http-nio-9] com.cly.gateway.filter.GlobalLogFilter   : ========== 网关请求开始 ==========
2026-04-01T14:45:16.046+08:00  INFO 21076 --- [gateway-service] [reactor-http-nio-9] com.cly.gateway.filter.GlobalLogFilter   : 时间：2026-04-01 14:45:16.046
2026-04-01T14:45:16.046+08:00  INFO 21076 --- [gateway-service] [reactor-http-nio-9] com.cly.gateway.filter.GlobalLogFilter   : 路径：POST /ai/chat
2026-04-01T14:45:16.046+08:00  INFO 21076 --- [gateway-service] [reactor-http-nio-9] com.cly.gateway.filter.GlobalLogFilter   : 用户 ID: 13542748103
2026-04-01T14:45:22.209+08:00  INFO 21076 --- [gateway-service] [reactor-http-nio-9] com.cly.gateway.filter.GlobalLogFilter   : ========== 网关请求结束 ==========
2026-04-01T14:45:22.209+08:00  INFO 21076 --- [gateway-service] [reactor-http-nio-9] com.cly.gateway.filter.GlobalLogFilter   : 状态码：200
2026-04-01T14:45:22.209+08:00  INFO 21076 --- [gateway-service] [reactor-http-nio-9] com.cly.gateway.filter.GlobalLogFilter   : 耗时：6163ms
2026-04-01T14:45:22.209+08:00  INFO 21076 --- [gateway-service] [reactor-http-nio-9] com.cly.gateway.filter.GlobalLogFilter   : 成功：是
2026-04-01T14:45:43.815+08:00  INFO 21076 --- [gateway-service] [reactor-http-nio-9] com.cly.gateway.filter.GlobalLogFilter   : ========== 网关请求开始 ==========
2026-04-01T14:45:43.815+08:00  INFO 21076 --- [gateway-service] [reactor-http-nio-9] com.cly.gateway.filter.GlobalLogFilter   : 时间：2026-04-01 14:45:43.815
2026-04-01T14:45:43.815+08:00  INFO 21076 --- [gateway-service] [reactor-http-nio-9] com.cly.gateway.filter.GlobalLogFilter   : 路径：POST /ai/chat
2026-04-01T14:45:43.815+08:00  INFO 21076 --- [gateway-service] [reactor-http-nio-9] com.cly.gateway.filter.GlobalLogFilter   : 用户 ID: 13542748103
2026-04-01T14:45:45.975+08:00  INFO 21076 --- [gateway-service] [reactor-http-nio-9] com.cly.gateway.filter.GlobalLogFilter   : ========== 网关请求结束 ==========
2026-04-01T14:45:45.975+08:00  INFO 21076 --- [gateway-service] [reactor-http-nio-9] com.cly.gateway.filter.GlobalLogFilter   : 状态码：200
2026-04-01T14:45:45.975+08:00  INFO 21076 --- [gateway-service] [reactor-http-nio-9] com.cly.gateway.filter.GlobalLogFilter   : 耗时：2160ms
2026-04-01T14:45:45.975+08:00  INFO 21076 --- [gateway-service] [reactor-http-nio-9] com.cly.gateway.filter.GlobalLogFilter   : 成功：是
2026-04-01T14:46:00.352+08:00  INFO 21076 --- [gateway-service] [reactor-http-nio-9] com.cly.gateway.filter.GlobalLogFilter   : ========== 网关请求开始 ==========
2026-04-01T14:46:00.352+08:00  INFO 21076 --- [gateway-service] [reactor-http-nio-9] com.cly.gateway.filter.GlobalLogFilter   : 时间：2026-04-01 14:46:00.352
2026-04-01T14:46:00.352+08:00  INFO 21076 --- [gateway-service] [reactor-http-nio-9] com.cly.gateway.filter.GlobalLogFilter   : 路径：POST /ai/chat
2026-04-01T14:46:00.352+08:00  INFO 21076 --- [gateway-service] [reactor-http-nio-9] com.cly.gateway.filter.GlobalLogFilter   : 用户 ID: 13542748103
2026-04-01T14:46:04.569+08:00  INFO 21076 --- [gateway-service] [reactor-http-nio-9] com.cly.gateway.filter.GlobalLogFilter   : ========== 网关请求结束 ==========
2026-04-01T14:46:04.569+08:00  INFO 21076 --- [gateway-service] [reactor-http-nio-9] com.cly.gateway.filter.GlobalLogFilter   : 状态码：200
2026-04-01T14:46:04.569+08:00  INFO 21076 --- [gateway-service] [reactor-http-nio-9] com.cly.gateway.filter.GlobalLogFilter   : 耗时：4217ms
2026-04-01T14:46:04.569+08:00  INFO 21076 --- [gateway-service] [reactor-http-nio-9] com.cly.gateway.filter.GlobalLogFilter   : 成功：是
2026-04-01T14:46:26.670+08:00  INFO 21076 --- [gateway-service] [reactor-http-nio-9] com.cly.gateway.filter.GlobalLogFilter   : ========== 网关请求开始 ==========
2026-04-01T14:46:26.670+08:00  INFO 21076 --- [gateway-service] [reactor-http-nio-9] com.cly.gateway.filter.GlobalLogFilter   : 时间：2026-04-01 14:46:26.670
2026-04-01T14:46:26.670+08:00  INFO 21076 --- [gateway-service] [reactor-http-nio-9] com.cly.gateway.filter.GlobalLogFilter   : 路径：POST /ai/chat
2026-04-01T14:46:26.670+08:00  INFO 21076 --- [gateway-service] [reactor-http-nio-9] com.cly.gateway.filter.GlobalLogFilter   : 用户 ID: 13542748103
2026-04-01T14:46:28.798+08:00  INFO 21076 --- [gateway-service] [reactor-http-nio-9] com.cly.gateway.filter.GlobalLogFilter   : ========== 网关请求结束 ==========
2026-04-01T14:46:28.798+08:00  INFO 21076 --- [gateway-service] [reactor-http-nio-9] com.cly.gateway.filter.GlobalLogFilter   : 状态码：200
2026-04-01T14:46:28.798+08:00  INFO 21076 --- [gateway-service] [reactor-http-nio-9] com.cly.gateway.filter.GlobalLogFilter   : 耗时：2128ms
2026-04-01T14:46:28.798+08:00  INFO 21076 --- [gateway-service] [reactor-http-nio-9] com.cly.gateway.filter.GlobalLogFilter   : 成功：是
2026-04-01T14:46:34.566+08:00  INFO 21076 --- [gateway-service] [reactor-http-nio-9] com.cly.gateway.filter.GlobalLogFilter   : ========== 网关请求开始 ==========
2026-04-01T14:46:34.566+08:00  INFO 21076 --- [gateway-service] [reactor-http-nio-9] com.cly.gateway.filter.GlobalLogFilter   : 时间：2026-04-01 14:46:34.566
2026-04-01T14:46:34.566+08:00  INFO 21076 --- [gateway-service] [reactor-http-nio-9] com.cly.gateway.filter.GlobalLogFilter   : 路径：POST /ai/chat
2026-04-01T14:46:34.566+08:00  INFO 21076 --- [gateway-service] [reactor-http-nio-9] com.cly.gateway.filter.GlobalLogFilter   : 用户 ID: 13542748103
2026-04-01T14:46:40.232+08:00  INFO 21076 --- [gateway-service] [reactor-http-nio-9] com.cly.gateway.filter.GlobalLogFilter   : ========== 网关请求结束 ==========
2026-04-01T14:46:40.232+08:00  INFO 21076 --- [gateway-service] [reactor-http-nio-9] com.cly.gateway.filter.GlobalLogFilter   : 状态码：200
2026-04-01T14:46:40.232+08:00  INFO 21076 --- [gateway-service] [reactor-http-nio-9] com.cly.gateway.filter.GlobalLogFilter   : 耗时：5666ms
2026-04-01T14:46:40.232+08:00  INFO 21076 --- [gateway-service] [reactor-http-nio-9] com.cly.gateway.filter.GlobalLogFilter   : 成功：是
2026-04-01T14:46:46.275+08:00  INFO 21076 --- [gateway-service] [reactor-http-nio-9] com.cly.gateway.filter.GlobalLogFilter   : ========== 网关请求开始 ==========
2026-04-01T14:46:46.275+08:00  INFO 21076 --- [gateway-service] [reactor-http-nio-9] com.cly.gateway.filter.GlobalLogFilter   : 时间：2026-04-01 14:46:46.275
2026-04-01T14:46:46.275+08:00  INFO 21076 --- [gateway-service] [reactor-http-nio-9] com.cly.gateway.filter.GlobalLogFilter   : 路径：POST /ai/chat
2026-04-01T14:46:46.275+08:00  INFO 21076 --- [gateway-service] [reactor-http-nio-9] com.cly.gateway.filter.GlobalLogFilter   : 用户 ID: 13542748103
2026-04-01T14:46:48.088+08:00  INFO 21076 --- [gateway-service] [reactor-http-nio-9] com.cly.gateway.filter.GlobalLogFilter   : ========== 网关请求结束 ==========
2026-04-01T14:46:48.088+08:00  INFO 21076 --- [gateway-service] [reactor-http-nio-9] com.cly.gateway.filter.GlobalLogFilter   : 状态码：200
2026-04-01T14:46:48.088+08:00  INFO 21076 --- [gateway-service] [reactor-http-nio-9] com.cly.gateway.filter.GlobalLogFilter   : 耗时：1813ms
2026-04-01T14:46:48.088+08:00  INFO 21076 --- [gateway-service] [reactor-http-nio-9] com.cly.gateway.filter.GlobalLogFilter   : 成功：是
2026-04-01T14:46:55.694+08:00  INFO 21076 --- [gateway-service] [reactor-http-nio-9] com.cly.gateway.filter.GlobalLogFilter   : ========== 网关请求开始 ==========
2026-04-01T14:46:55.694+08:00  INFO 21076 --- [gateway-service] [reactor-http-nio-9] com.cly.gateway.filter.GlobalLogFilter   : 时间：2026-04-01 14:46:55.694
2026-04-01T14:46:55.694+08:00  INFO 21076 --- [gateway-service] [reactor-http-nio-9] com.cly.gateway.filter.GlobalLogFilter   : 路径：POST /ai/chat
2026-04-01T14:46:55.694+08:00  INFO 21076 --- [gateway-service] [reactor-http-nio-9] com.cly.gateway.filter.GlobalLogFilter   : 用户 ID: 13542748103
2026-04-01T14:46:57.838+08:00  INFO 21076 --- [gateway-service] [reactor-http-nio-9] com.cly.gateway.filter.GlobalLogFilter   : ========== 网关请求结束 ==========
2026-04-01T14:46:57.838+08:00  INFO 21076 --- [gateway-service] [reactor-http-nio-9] com.cly.gateway.filter.GlobalLogFilter   : 状态码：200
2026-04-01T14:46:57.838+08:00  INFO 21076 --- [gateway-service] [reactor-http-nio-9] com.cly.gateway.filter.GlobalLogFilter   : 耗时：2144ms
2026-04-01T14:46:57.838+08:00  INFO 21076 --- [gateway-service] [reactor-http-nio-9] com.cly.gateway.filter.GlobalLogFilter   : 成功：是
2026-04-01T14:47:03.450+08:00  INFO 21076 --- [gateway-service] [reactor-http-nio-9] com.cly.gateway.filter.GlobalLogFilter   : ========== 网关请求开始 ==========
2026-04-01T14:47:03.450+08:00  INFO 21076 --- [gateway-service] [reactor-http-nio-9] com.cly.gateway.filter.GlobalLogFilter   : 时间：2026-04-01 14:47:03.450
2026-04-01T14:47:03.450+08:00  INFO 21076 --- [gateway-service] [reactor-http-nio-9] com.cly.gateway.filter.GlobalLogFilter   : 路径：POST /ai/chat
2026-04-01T14:47:03.450+08:00  INFO 21076 --- [gateway-service] [reactor-http-nio-9] com.cly.gateway.filter.GlobalLogFilter   : 用户 ID: 13542748103
2026-04-01T14:47:08.164+08:00  INFO 21076 --- [gateway-service] [reactor-http-nio-9] com.cly.gateway.filter.GlobalLogFilter   : ========== 网关请求结束 ==========
2026-04-01T14:47:08.164+08:00  INFO 21076 --- [gateway-service] [reactor-http-nio-9] com.cly.gateway.filter.GlobalLogFilter   : 状态码：200
2026-04-01T14:47:08.164+08:00  INFO 21076 --- [gateway-service] [reactor-http-nio-9] com.cly.gateway.filter.GlobalLogFilter   : 耗时：4714ms
2026-04-01T14:47:08.164+08:00  INFO 21076 --- [gateway-service] [reactor-http-nio-9] com.cly.gateway.filter.GlobalLogFilter   : 成功：是
2026-04-01T14:47:50.568+08:00  INFO 21076 --- [gateway-service] [reactor-http-nio-9] com.cly.gateway.filter.GlobalLogFilter   : ========== 网关请求开始 ==========
2026-04-01T14:47:50.569+08:00  INFO 21076 --- [gateway-service] [reactor-http-nio-9] com.cly.gateway.filter.GlobalLogFilter   : 时间：2026-04-01 14:47:50.568
2026-04-01T14:47:50.569+08:00  INFO 21076 --- [gateway-service] [reactor-http-nio-9] com.cly.gateway.filter.GlobalLogFilter   : 路径：GET /order/list
2026-04-01T14:47:50.569+08:00  INFO 21076 --- [gateway-service] [reactor-http-nio-9] com.cly.gateway.filter.GlobalLogFilter   : 用户 ID: 13542748103
2026-04-01T14:47:50.838+08:00  INFO 21076 --- [gateway-service] [reactor-http-nio-9] com.cly.gateway.filter.GlobalLogFilter   : ========== 网关请求结束 ==========
2026-04-01T14:47:50.838+08:00  INFO 21076 --- [gateway-service] [reactor-http-nio-9] com.cly.gateway.filter.GlobalLogFilter   : 状态码：200
2026-04-01T14:47:50.838+08:00  INFO 21076 --- [gateway-service] [reactor-http-nio-9] com.cly.gateway.filter.GlobalLogFilter   : 耗时：269ms
2026-04-01T14:47:50.838+08:00  INFO 21076 --- [gateway-service] [reactor-http-nio-9] com.cly.gateway.filter.GlobalLogFilter   : 成功：是
2026-04-01T14:56:01.182+08:00  INFO 21076 --- [gateway-service] [reactor-http-nio-3] com.cly.gateway.filter.GlobalLogFilter   : ========== 网关请求开始 ==========
2026-04-01T14:56:01.182+08:00  INFO 21076 --- [gateway-service] [reactor-http-nio-3] com.cly.gateway.filter.GlobalLogFilter   : 时间：2026-04-01 14:56:01.182
2026-04-01T14:56:01.182+08:00  INFO 21076 --- [gateway-service] [reactor-http-nio-3] com.cly.gateway.filter.GlobalLogFilter   : 路径：GET /order/list
2026-04-01T14:56:01.182+08:00  INFO 21076 --- [gateway-service] [reactor-http-nio-3] com.cly.gateway.filter.GlobalLogFilter   : 用户 ID: 13542748103
2026-04-01T14:56:01.215+08:00  INFO 21076 --- [gateway-service] [reactor-http-nio-3] com.cly.gateway.filter.GlobalLogFilter   : ========== 网关请求结束 ==========
2026-04-01T14:56:01.215+08:00  INFO 21076 --- [gateway-service] [reactor-http-nio-3] com.cly.gateway.filter.GlobalLogFilter   : 状态码：200
2026-04-01T14:56:01.215+08:00  INFO 21076 --- [gateway-service] [reactor-http-nio-3] com.cly.gateway.filter.GlobalLogFilter   : 耗时：33ms
2026-04-01T14:56:01.215+08:00  INFO 21076 --- [gateway-service] [reactor-http-nio-3] com.cly.gateway.filter.GlobalLogFilter   : 成功：是
2026-04-01T14:56:01.896+08:00  INFO 21076 --- [gateway-service] [reactor-http-nio-3] com.cly.gateway.filter.GlobalLogFilter   : ========== 网关请求开始 ==========
2026-04-01T14:56:01.896+08:00  INFO 21076 --- [gateway-service] [reactor-http-nio-3] com.cly.gateway.filter.GlobalLogFilter   : 时间：2026-04-01 14:56:01.896
2026-04-01T14:56:01.896+08:00  INFO 21076 --- [gateway-service] [reactor-http-nio-3] com.cly.gateway.filter.GlobalLogFilter   : 路径：GET /doctor/schedule/detail
2026-04-01T14:56:01.896+08:00  INFO 21076 --- [gateway-service] [reactor-http-nio-3] com.cly.gateway.filter.GlobalLogFilter   : 用户 ID: 13542748103
2026-04-01T14:56:01.974+08:00  INFO 21076 --- [gateway-service] [reactor-http-nio-3] com.cly.gateway.filter.GlobalLogFilter   : ========== 网关请求结束 ==========
2026-04-01T14:56:01.974+08:00  INFO 21076 --- [gateway-service] [reactor-http-nio-3] com.cly.gateway.filter.GlobalLogFilter   : 状态码：200
2026-04-01T14:56:01.974+08:00  INFO 21076 --- [gateway-service] [reactor-http-nio-3] com.cly.gateway.filter.GlobalLogFilter   : 耗时：78ms
2026-04-01T14:56:01.974+08:00  INFO 21076 --- [gateway-service] [reactor-http-nio-3] com.cly.gateway.filter.GlobalLogFilter   : 成功：是
2026-04-01T14:56:03.179+08:00  INFO 21076 --- [gateway-service] [reactor-http-nio-3] com.cly.gateway.filter.GlobalLogFilter   : ========== 网关请求开始 ==========
2026-04-01T14:56:03.179+08:00  INFO 21076 --- [gateway-service] [reactor-http-nio-3] com.cly.gateway.filter.GlobalLogFilter   : 时间：2026-04-01 14:56:03.179
2026-04-01T14:56:03.179+08:00  INFO 21076 --- [gateway-service] [reactor-http-nio-3] com.cly.gateway.filter.GlobalLogFilter   : 路径：GET /order/list
2026-04-01T14:56:03.179+08:00  INFO 21076 --- [gateway-service] [reactor-http-nio-3] com.cly.gateway.filter.GlobalLogFilter   : 用户 ID: 13542748103
2026-04-01T14:56:03.194+08:00  INFO 21076 --- [gateway-service] [reactor-http-nio-3] com.cly.gateway.filter.GlobalLogFilter   : ========== 网关请求结束 ==========
2026-04-01T14:56:03.194+08:00  INFO 21076 --- [gateway-service] [reactor-http-nio-3] com.cly.gateway.filter.GlobalLogFilter   : 状态码：200
2026-04-01T14:56:03.194+08:00  INFO 21076 --- [gateway-service] [reactor-http-nio-3] com.cly.gateway.filter.GlobalLogFilter   : 耗时：15ms
2026-04-01T14:56:03.194+08:00  INFO 21076 --- [gateway-service] [reactor-http-nio-3] com.cly.gateway.filter.GlobalLogFilter   : 成功：是
2026-04-01T14:56:03.535+08:00  INFO 21076 --- [gateway-service] [reactor-http-nio-3] com.cly.gateway.filter.GlobalLogFilter   : ========== 网关请求开始 ==========
2026-04-01T14:56:03.535+08:00  INFO 21076 --- [gateway-service] [reactor-http-nio-3] com.cly.gateway.filter.GlobalLogFilter   : 时间：2026-04-01 14:56:03.535
2026-04-01T14:56:03.535+08:00  INFO 21076 --- [gateway-service] [reactor-http-nio-3] com.cly.gateway.filter.GlobalLogFilter   : 路径：GET /user/patient/list
2026-04-01T14:56:03.535+08:00  INFO 21076 --- [gateway-service] [reactor-http-nio-3] com.cly.gateway.filter.GlobalLogFilter   : 用户 ID: 13542748103
2026-04-01T14:56:03.551+08:00  INFO 21076 --- [gateway-service] [reactor-http-nio-3] com.cly.gateway.filter.GlobalLogFilter   : ========== 网关请求结束 ==========
2026-04-01T14:56:03.551+08:00  INFO 21076 --- [gateway-service] [reactor-http-nio-3] com.cly.gateway.filter.GlobalLogFilter   : 状态码：200
2026-04-01T14:56:03.551+08:00  INFO 21076 --- [gateway-service] [reactor-http-nio-3] com.cly.gateway.filter.GlobalLogFilter   : 耗时：16ms
2026-04-01T14:56:03.551+08:00  INFO 21076 --- [gateway-service] [reactor-http-nio-3] com.cly.gateway.filter.GlobalLogFilter   : 成功：是
2026-04-01T14:56:04.996+08:00  INFO 21076 --- [gateway-service] [reactor-http-nio-3] com.cly.gateway.filter.GlobalLogFilter   : ========== 网关请求开始 ==========
2026-04-01T14:56:04.996+08:00  INFO 21076 --- [gateway-service] [reactor-http-nio-3] com.cly.gateway.filter.GlobalLogFilter   : 时间：2026-04-01 14:56:04.996
2026-04-01T14:56:04.996+08:00  INFO 21076 --- [gateway-service] [reactor-http-nio-3] com.cly.gateway.filter.GlobalLogFilter   : 路径：POST /ai/chat
2026-04-01T14:56:04.996+08:00  INFO 21076 --- [gateway-service] [reactor-http-nio-3] com.cly.gateway.filter.GlobalLogFilter   : 用户 ID: 13542748103
2026-04-01T14:56:11.481+08:00  INFO 21076 --- [gateway-service] [reactor-http-nio-3] com.cly.gateway.filter.GlobalLogFilter   : ========== 网关请求结束 ==========
2026-04-01T14:56:11.481+08:00  INFO 21076 --- [gateway-service] [reactor-http-nio-3] com.cly.gateway.filter.GlobalLogFilter   : 状态码：200
2026-04-01T14:56:11.481+08:00  INFO 21076 --- [gateway-service] [reactor-http-nio-3] com.cly.gateway.filter.GlobalLogFilter   : 耗时：6485ms
2026-04-01T14:56:11.481+08:00  INFO 21076 --- [gateway-service] [reactor-http-nio-3] com.cly.gateway.filter.GlobalLogFilter   : 成功：是
2026-04-01T14:56:20.094+08:00  INFO 21076 --- [gateway-service] [reactor-http-nio-3] com.cly.gateway.filter.GlobalLogFilter   : ========== 网关请求开始 ==========
2026-04-01T14:56:20.094+08:00  INFO 21076 --- [gateway-service] [reactor-http-nio-3] com.cly.gateway.filter.GlobalLogFilter   : 时间：2026-04-01 14:56:20.094
2026-04-01T14:56:20.094+08:00  INFO 21076 --- [gateway-service] [reactor-http-nio-3] com.cly.gateway.filter.GlobalLogFilter   : 路径：POST /ai/chat
2026-04-01T14:56:20.094+08:00  INFO 21076 --- [gateway-service] [reactor-http-nio-3] com.cly.gateway.filter.GlobalLogFilter   : 用户 ID: 13542748103
2026-04-01T14:56:22.590+08:00  INFO 21076 --- [gateway-service] [reactor-http-nio-3] com.cly.gateway.filter.GlobalLogFilter   : ========== 网关请求结束 ==========
2026-04-01T14:56:22.590+08:00  INFO 21076 --- [gateway-service] [reactor-http-nio-3] com.cly.gateway.filter.GlobalLogFilter   : 状态码：200
2026-04-01T14:56:22.590+08:00  INFO 21076 --- [gateway-service] [reactor-http-nio-3] com.cly.gateway.filter.GlobalLogFilter   : 耗时：2496ms
2026-04-01T14:56:22.590+08:00  INFO 21076 --- [gateway-service] [reactor-http-nio-3] com.cly.gateway.filter.GlobalLogFilter   : 成功：是
2026-04-01T14:56:27.512+08:00  INFO 21076 --- [gateway-service] [reactor-http-nio-3] com.cly.gateway.filter.GlobalLogFilter   : ========== 网关请求开始 ==========
2026-04-01T14:56:27.512+08:00  INFO 21076 --- [gateway-service] [reactor-http-nio-3] com.cly.gateway.filter.GlobalLogFilter   : 时间：2026-04-01 14:56:27.512
2026-04-01T14:56:27.512+08:00  INFO 21076 --- [gateway-service] [reactor-http-nio-3] com.cly.gateway.filter.GlobalLogFilter   : 路径：POST /ai/chat
2026-04-01T14:56:27.512+08:00  INFO 21076 --- [gateway-service] [reactor-http-nio-3] com.cly.gateway.filter.GlobalLogFilter   : 用户 ID: 13542748103
2026-04-01T14:56:30.537+08:00  INFO 21076 --- [gateway-service] [reactor-http-nio-3] com.cly.gateway.filter.GlobalLogFilter   : ========== 网关请求结束 ==========
2026-04-01T14:56:30.537+08:00  INFO 21076 --- [gateway-service] [reactor-http-nio-3] com.cly.gateway.filter.GlobalLogFilter   : 状态码：200
2026-04-01T14:56:30.537+08:00  INFO 21076 --- [gateway-service] [reactor-http-nio-3] com.cly.gateway.filter.GlobalLogFilter   : 耗时：3025ms
2026-04-01T14:56:30.537+08:00  INFO 21076 --- [gateway-service] [reactor-http-nio-3] com.cly.gateway.filter.GlobalLogFilter   : 成功：是
2026-04-01T14:56:34.271+08:00  INFO 21076 --- [gateway-service] [reactor-http-nio-3] com.cly.gateway.filter.GlobalLogFilter   : ========== 网关请求开始 ==========
2026-04-01T14:56:34.271+08:00  INFO 21076 --- [gateway-service] [reactor-http-nio-3] com.cly.gateway.filter.GlobalLogFilter   : 时间：2026-04-01 14:56:34.271
2026-04-01T14:56:34.271+08:00  INFO 21076 --- [gateway-service] [reactor-http-nio-3] com.cly.gateway.filter.GlobalLogFilter   : 路径：POST /ai/chat
2026-04-01T14:56:34.271+08:00  INFO 21076 --- [gateway-service] [reactor-http-nio-3] com.cly.gateway.filter.GlobalLogFilter   : 用户 ID: 13542748103
2026-04-01T14:56:36.383+08:00  INFO 21076 --- [gateway-service] [reactor-http-nio-3] com.cly.gateway.filter.GlobalLogFilter   : ========== 网关请求结束 ==========
2026-04-01T14:56:36.383+08:00  INFO 21076 --- [gateway-service] [reactor-http-nio-3] com.cly.gateway.filter.GlobalLogFilter   : 状态码：200
2026-04-01T14:56:36.383+08:00  INFO 21076 --- [gateway-service] [reactor-http-nio-3] com.cly.gateway.filter.GlobalLogFilter   : 耗时：2112ms
2026-04-01T14:56:36.383+08:00  INFO 21076 --- [gateway-service] [reactor-http-nio-3] com.cly.gateway.filter.GlobalLogFilter   : 成功：是
2026-04-01T14:56:44.004+08:00  INFO 21076 --- [gateway-service] [reactor-http-nio-3] com.cly.gateway.filter.GlobalLogFilter   : ========== 网关请求开始 ==========
2026-04-01T14:56:44.004+08:00  INFO 21076 --- [gateway-service] [reactor-http-nio-3] com.cly.gateway.filter.GlobalLogFilter   : 时间：2026-04-01 14:56:44.004
2026-04-01T14:56:44.004+08:00  INFO 21076 --- [gateway-service] [reactor-http-nio-3] com.cly.gateway.filter.GlobalLogFilter   : 路径：POST /ai/chat
2026-04-01T14:56:44.004+08:00  INFO 21076 --- [gateway-service] [reactor-http-nio-3] com.cly.gateway.filter.GlobalLogFilter   : 用户 ID: 13542748103
2026-04-01T14:56:48.850+08:00  INFO 21076 --- [gateway-service] [reactor-http-nio-3] com.cly.gateway.filter.GlobalLogFilter   : ========== 网关请求结束 ==========
2026-04-01T14:56:48.850+08:00  INFO 21076 --- [gateway-service] [reactor-http-nio-3] com.cly.gateway.filter.GlobalLogFilter   : 状态码：200
2026-04-01T14:56:48.850+08:00  INFO 21076 --- [gateway-service] [reactor-http-nio-3] com.cly.gateway.filter.GlobalLogFilter   : 耗时：4846ms
2026-04-01T14:56:48.850+08:00  INFO 21076 --- [gateway-service] [reactor-http-nio-3] com.cly.gateway.filter.GlobalLogFilter   : 成功：是
2026-04-01T14:56:59.702+08:00  INFO 21076 --- [gateway-service] [reactor-http-nio-3] com.cly.gateway.filter.GlobalLogFilter   : ========== 网关请求开始 ==========
2026-04-01T14:56:59.702+08:00  INFO 21076 --- [gateway-service] [reactor-http-nio-3] com.cly.gateway.filter.GlobalLogFilter   : 时间：2026-04-01 14:56:59.702
2026-04-01T14:56:59.702+08:00  INFO 21076 --- [gateway-service] [reactor-http-nio-3] com.cly.gateway.filter.GlobalLogFilter   : 路径：POST /ai/chat
2026-04-01T14:56:59.702+08:00  INFO 21076 --- [gateway-service] [reactor-http-nio-3] com.cly.gateway.filter.GlobalLogFilter   : 用户 ID: 13542748103
2026-04-01T14:57:02.429+08:00  INFO 21076 --- [gateway-service] [reactor-http-nio-3] com.cly.gateway.filter.GlobalLogFilter   : ========== 网关请求结束 ==========
2026-04-01T14:57:02.429+08:00  INFO 21076 --- [gateway-service] [reactor-http-nio-3] com.cly.gateway.filter.GlobalLogFilter   : 状态码：200
2026-04-01T14:57:02.429+08:00  INFO 21076 --- [gateway-service] [reactor-http-nio-3] com.cly.gateway.filter.GlobalLogFilter   : 耗时：2727ms
2026-04-01T14:57:02.429+08:00  INFO 21076 --- [gateway-service] [reactor-http-nio-3] com.cly.gateway.filter.GlobalLogFilter   : 成功：是
2026-04-01T14:57:08.558+08:00  INFO 21076 --- [gateway-service] [reactor-http-nio-3] com.cly.gateway.filter.GlobalLogFilter   : ========== 网关请求开始 ==========
2026-04-01T14:57:08.558+08:00  INFO 21076 --- [gateway-service] [reactor-http-nio-3] com.cly.gateway.filter.GlobalLogFilter   : 时间：2026-04-01 14:57:08.558
2026-04-01T14:57:08.558+08:00  INFO 21076 --- [gateway-service] [reactor-http-nio-3] com.cly.gateway.filter.GlobalLogFilter   : 路径：POST /ai/chat
2026-04-01T14:57:08.558+08:00  INFO 21076 --- [gateway-service] [reactor-http-nio-3] com.cly.gateway.filter.GlobalLogFilter   : 用户 ID: 13542748103
2026-04-01T14:57:15.125+08:00  INFO 21076 --- [gateway-service] [reactor-http-nio-3] com.cly.gateway.filter.GlobalLogFilter   : ========== 网关请求结束 ==========
2026-04-01T14:57:15.125+08:00  INFO 21076 --- [gateway-service] [reactor-http-nio-3] com.cly.gateway.filter.GlobalLogFilter   : 状态码：200
2026-04-01T14:57:15.125+08:00  INFO 21076 --- [gateway-service] [reactor-http-nio-3] com.cly.gateway.filter.GlobalLogFilter   : 耗时：6567ms
2026-04-01T14:57:15.125+08:00  INFO 21076 --- [gateway-service] [reactor-http-nio-3] com.cly.gateway.filter.GlobalLogFilter   : 成功：是
2026-04-01T14:57:27.152+08:00  INFO 21076 --- [gateway-service] [reactor-http-nio-3] com.cly.gateway.filter.GlobalLogFilter   : ========== 网关请求开始 ==========
2026-04-01T14:57:27.152+08:00  INFO 21076 --- [gateway-service] [reactor-http-nio-3] com.cly.gateway.filter.GlobalLogFilter   : 时间：2026-04-01 14:57:27.152
2026-04-01T14:57:27.152+08:00  INFO 21076 --- [gateway-service] [reactor-http-nio-3] com.cly.gateway.filter.GlobalLogFilter   : 路径：POST /ai/chat
2026-04-01T14:57:27.152+08:00  INFO 21076 --- [gateway-service] [reactor-http-nio-3] com.cly.gateway.filter.GlobalLogFilter   : 用户 ID: 13542748103
2026-04-01T14:57:29.306+08:00  INFO 21076 --- [gateway-service] [reactor-http-nio-3] com.cly.gateway.filter.GlobalLogFilter   : ========== 网关请求结束 ==========
2026-04-01T14:57:29.306+08:00  INFO 21076 --- [gateway-service] [reactor-http-nio-3] com.cly.gateway.filter.GlobalLogFilter   : 状态码：200
2026-04-01T14:57:29.306+08:00  INFO 21076 --- [gateway-service] [reactor-http-nio-3] com.cly.gateway.filter.GlobalLogFilter   : 耗时：2154ms
2026-04-01T14:57:29.306+08:00  INFO 21076 --- [gateway-service] [reactor-http-nio-3] com.cly.gateway.filter.GlobalLogFilter   : 成功：是
2026-04-01T14:57:34.374+08:00  INFO 21076 --- [gateway-service] [reactor-http-nio-3] com.cly.gateway.filter.GlobalLogFilter   : ========== 网关请求开始 ==========
2026-04-01T14:57:34.374+08:00  INFO 21076 --- [gateway-service] [reactor-http-nio-3] com.cly.gateway.filter.GlobalLogFilter   : 时间：2026-04-01 14:57:34.374
2026-04-01T14:57:34.374+08:00  INFO 21076 --- [gateway-service] [reactor-http-nio-3] com.cly.gateway.filter.GlobalLogFilter   : 路径：POST /ai/chat
2026-04-01T14:57:34.374+08:00  INFO 21076 --- [gateway-service] [reactor-http-nio-3] com.cly.gateway.filter.GlobalLogFilter   : 用户 ID: 13542748103
2026-04-01T14:57:40.100+08:00  INFO 21076 --- [gateway-service] [reactor-http-nio-3] com.cly.gateway.filter.GlobalLogFilter   : ========== 网关请求结束 ==========
2026-04-01T14:57:40.100+08:00  INFO 21076 --- [gateway-service] [reactor-http-nio-3] com.cly.gateway.filter.GlobalLogFilter   : 状态码：200
2026-04-01T14:57:40.100+08:00  INFO 21076 --- [gateway-service] [reactor-http-nio-3] com.cly.gateway.filter.GlobalLogFilter   : 耗时：5726ms
2026-04-01T14:57:40.100+08:00  INFO 21076 --- [gateway-service] [reactor-http-nio-3] com.cly.gateway.filter.GlobalLogFilter   : 成功：是
2026-04-01T14:57:54.680+08:00  INFO 21076 --- [gateway-service] [reactor-http-nio-3] com.cly.gateway.filter.GlobalLogFilter   : ========== 网关请求开始 ==========
2026-04-01T14:57:54.680+08:00  INFO 21076 --- [gateway-service] [reactor-http-nio-3] com.cly.gateway.filter.GlobalLogFilter   : 时间：2026-04-01 14:57:54.680
2026-04-01T14:57:54.680+08:00  INFO 21076 --- [gateway-service] [reactor-http-nio-3] com.cly.gateway.filter.GlobalLogFilter   : 路径：GET /doctor/schedule/detail
2026-04-01T14:57:54.680+08:00  INFO 21076 --- [gateway-service] [reactor-http-nio-3] com.cly.gateway.filter.GlobalLogFilter   : 用户 ID: 13542748103
2026-04-01T14:57:54.702+08:00  INFO 21076 --- [gateway-service] [reactor-http-nio-3] com.cly.gateway.filter.GlobalLogFilter   : ========== 网关请求结束 ==========
2026-04-01T14:57:54.702+08:00  INFO 21076 --- [gateway-service] [reactor-http-nio-3] com.cly.gateway.filter.GlobalLogFilter   : 状态码：200
2026-04-01T14:57:54.702+08:00  INFO 21076 --- [gateway-service] [reactor-http-nio-3] com.cly.gateway.filter.GlobalLogFilter   : 耗时：22ms
2026-04-01T14:57:54.702+08:00  INFO 21076 --- [gateway-service] [reactor-http-nio-3] com.cly.gateway.filter.GlobalLogFilter   : 成功：是
2026-04-01T14:57:55.730+08:00  INFO 21076 --- [gateway-service] [reactor-http-nio-3] com.cly.gateway.filter.GlobalLogFilter   : ========== 网关请求开始 ==========
2026-04-01T14:57:55.730+08:00  INFO 21076 --- [gateway-service] [reactor-http-nio-3] com.cly.gateway.filter.GlobalLogFilter   : 时间：2026-04-01 14:57:55.730
2026-04-01T14:57:55.730+08:00  INFO 21076 --- [gateway-service] [reactor-http-nio-3] com.cly.gateway.filter.GlobalLogFilter   : 路径：GET /order/list
2026-04-01T14:57:55.730+08:00  INFO 21076 --- [gateway-service] [reactor-http-nio-3] com.cly.gateway.filter.GlobalLogFilter   : 用户 ID: 13542748103
2026-04-01T14:57:55.824+08:00  INFO 21076 --- [gateway-service] [reactor-http-nio-3] com.cly.gateway.filter.GlobalLogFilter   : ========== 网关请求结束 ==========
2026-04-01T14:57:55.824+08:00  INFO 21076 --- [gateway-service] [reactor-http-nio-3] com.cly.gateway.filter.GlobalLogFilter   : 状态码：200
2026-04-01T14:57:55.824+08:00  INFO 21076 --- [gateway-service] [reactor-http-nio-3] com.cly.gateway.filter.GlobalLogFilter   : 耗时：94ms
2026-04-01T14:57:55.824+08:00  INFO 21076 --- [gateway-service] [reactor-http-nio-3] com.cly.gateway.filter.GlobalLogFilter   : 成功：是
2026-04-01T14:57:58.064+08:00  INFO 21076 --- [gateway-service] [reactor-http-nio-3] com.cly.gateway.filter.GlobalLogFilter   : ========== 网关请求开始 ==========
2026-04-01T14:57:58.064+08:00  INFO 21076 --- [gateway-service] [reactor-http-nio-3] com.cly.gateway.filter.GlobalLogFilter   : 时间：2026-04-01 14:57:58.064
2026-04-01T14:57:58.065+08:00  INFO 21076 --- [gateway-service] [reactor-http-nio-3] com.cly.gateway.filter.GlobalLogFilter   : 路径：GET /order/list
2026-04-01T14:57:58.065+08:00  INFO 21076 --- [gateway-service] [reactor-http-nio-3] com.cly.gateway.filter.GlobalLogFilter   : 用户 ID: 13542748103
2026-04-01T14:57:58.078+08:00  INFO 21076 --- [gateway-service] [reactor-http-nio-3] com.cly.gateway.filter.GlobalLogFilter   : ========== 网关请求结束 ==========
2026-04-01T14:57:58.078+08:00  INFO 21076 --- [gateway-service] [reactor-http-nio-3] com.cly.gateway.filter.GlobalLogFilter   : 状态码：200
2026-04-01T14:57:58.078+08:00  INFO 21076 --- [gateway-service] [reactor-http-nio-3] com.cly.gateway.filter.GlobalLogFilter   : 耗时：13ms
2026-04-01T14:57:58.078+08:00  INFO 21076 --- [gateway-service] [reactor-http-nio-3] com.cly.gateway.filter.GlobalLogFilter   : 成功：是
2026-04-01T14:57:58.648+08:00  INFO 21076 --- [gateway-service] [reactor-http-nio-3] com.cly.gateway.filter.GlobalLogFilter   : ========== 网关请求开始 ==========
2026-04-01T14:57:58.648+08:00  INFO 21076 --- [gateway-service] [reactor-http-nio-3] com.cly.gateway.filter.GlobalLogFilter   : 时间：2026-04-01 14:57:58.648
2026-04-01T14:57:58.648+08:00  INFO 21076 --- [gateway-service] [reactor-http-nio-3] com.cly.gateway.filter.GlobalLogFilter   : 路径：GET /order/list
2026-04-01T14:57:58.648+08:00  INFO 21076 --- [gateway-service] [reactor-http-nio-3] com.cly.gateway.filter.GlobalLogFilter   : 用户 ID: 13542748103
2026-04-01T14:57:58.663+08:00  INFO 21076 --- [gateway-service] [reactor-http-nio-3] com.cly.gateway.filter.GlobalLogFilter   : ========== 网关请求结束 ==========
2026-04-01T14:57:58.663+08:00  INFO 21076 --- [gateway-service] [reactor-http-nio-3] com.cly.gateway.filter.GlobalLogFilter   : 状态码：200
2026-04-01T14:57:58.663+08:00  INFO 21076 --- [gateway-service] [reactor-http-nio-3] com.cly.gateway.filter.GlobalLogFilter   : 耗时：15ms
2026-04-01T14:57:58.663+08:00  INFO 21076 --- [gateway-service] [reactor-http-nio-3] com.cly.gateway.filter.GlobalLogFilter   : 成功：是
2026-04-01T14:57:59.141+08:00  INFO 21076 --- [gateway-service] [reactor-http-nio-3] com.cly.gateway.filter.GlobalLogFilter   : ========== 网关请求开始 ==========
2026-04-01T14:57:59.141+08:00  INFO 21076 --- [gateway-service] [reactor-http-nio-3] com.cly.gateway.filter.GlobalLogFilter   : 时间：2026-04-01 14:57:59.141
2026-04-01T14:57:59.141+08:00  INFO 21076 --- [gateway-service] [reactor-http-nio-3] com.cly.gateway.filter.GlobalLogFilter   : 路径：GET /order/list
2026-04-01T14:57:59.141+08:00  INFO 21076 --- [gateway-service] [reactor-http-nio-3] com.cly.gateway.filter.GlobalLogFilter   : 用户 ID: 13542748103
2026-04-01T14:57:59.154+08:00  INFO 21076 --- [gateway-service] [reactor-http-nio-3] com.cly.gateway.filter.GlobalLogFilter   : ========== 网关请求结束 ==========
2026-04-01T14:57:59.154+08:00  INFO 21076 --- [gateway-service] [reactor-http-nio-3] com.cly.gateway.filter.GlobalLogFilter   : 状态码：200
2026-04-01T14:57:59.154+08:00  INFO 21076 --- [gateway-service] [reactor-http-nio-3] com.cly.gateway.filter.GlobalLogFilter   : 耗时：13ms
2026-04-01T14:57:59.154+08:00  INFO 21076 --- [gateway-service] [reactor-http-nio-3] com.cly.gateway.filter.GlobalLogFilter   : 成功：是
2026-04-01T14:58:36.049+08:00  INFO 21076 --- [gateway-service] [reactor-http-nio-3] com.cly.gateway.filter.GlobalLogFilter   : ========== 网关请求开始 ==========
2026-04-01T14:58:36.049+08:00  INFO 21076 --- [gateway-service] [reactor-http-nio-3] com.cly.gateway.filter.GlobalLogFilter   : 时间：2026-04-01 14:58:36.049
2026-04-01T14:58:36.049+08:00  INFO 21076 --- [gateway-service] [reactor-http-nio-3] com.cly.gateway.filter.GlobalLogFilter   : 路径：GET /doctor/schedule/detail
2026-04-01T14:58:36.049+08:00  INFO 21076 --- [gateway-service] [reactor-http-nio-3] com.cly.gateway.filter.GlobalLogFilter   : 用户 ID: 13542748103
2026-04-01T14:58:36.067+08:00  INFO 21076 --- [gateway-service] [reactor-http-nio-3] com.cly.gateway.filter.GlobalLogFilter   : ========== 网关请求结束 ==========
2026-04-01T14:58:36.067+08:00  INFO 21076 --- [gateway-service] [reactor-http-nio-3] com.cly.gateway.filter.GlobalLogFilter   : 状态码：200
2026-04-01T14:58:36.067+08:00  INFO 21076 --- [gateway-service] [reactor-http-nio-3] com.cly.gateway.filter.GlobalLogFilter   : 耗时：18ms
2026-04-01T14:58:36.067+08:00  INFO 21076 --- [gateway-service] [reactor-http-nio-3] com.cly.gateway.filter.GlobalLogFilter   : 成功：是
2026-04-01T14:58:37.247+08:00  INFO 21076 --- [gateway-service] [reactor-http-nio-3] com.cly.gateway.filter.GlobalLogFilter   : ========== 网关请求开始 ==========
2026-04-01T14:58:37.247+08:00  INFO 21076 --- [gateway-service] [reactor-http-nio-3] com.cly.gateway.filter.GlobalLogFilter   : 时间：2026-04-01 14:58:37.247
2026-04-01T14:58:37.247+08:00  INFO 21076 --- [gateway-service] [reactor-http-nio-3] com.cly.gateway.filter.GlobalLogFilter   : 路径：GET /user/patient/list
2026-04-01T14:58:37.247+08:00  INFO 21076 --- [gateway-service] [reactor-http-nio-3] com.cly.gateway.filter.GlobalLogFilter   : 用户 ID: 13542748103
2026-04-01T14:58:37.261+08:00  INFO 21076 --- [gateway-service] [reactor-http-nio-3] com.cly.gateway.filter.GlobalLogFilter   : ========== 网关请求结束 ==========
2026-04-01T14:58:37.261+08:00  INFO 21076 --- [gateway-service] [reactor-http-nio-3] com.cly.gateway.filter.GlobalLogFilter   : 状态码：200
2026-04-01T14:58:37.261+08:00  INFO 21076 --- [gateway-service] [reactor-http-nio-3] com.cly.gateway.filter.GlobalLogFilter   : 耗时：14ms
2026-04-01T14:58:37.261+08:00  INFO 21076 --- [gateway-service] [reactor-http-nio-3] com.cly.gateway.filter.GlobalLogFilter   : 成功：是
2026-04-01T14:58:38.369+08:00  INFO 21076 --- [gateway-service] [reactor-http-nio-3] com.cly.gateway.filter.GlobalLogFilter   : ========== 网关请求开始 ==========
2026-04-01T14:58:38.370+08:00  INFO 21076 --- [gateway-service] [reactor-http-nio-3] com.cly.gateway.filter.GlobalLogFilter   : 时间：2026-04-01 14:58:38.369
2026-04-01T14:58:38.370+08:00  INFO 21076 --- [gateway-service] [reactor-http-nio-3] com.cly.gateway.filter.GlobalLogFilter   : 路径：POST /order/create
2026-04-01T14:58:38.370+08:00  INFO 21076 --- [gateway-service] [reactor-http-nio-3] com.cly.gateway.filter.GlobalLogFilter   : 用户 ID: 13542748103
2026-04-01T14:58:38.841+08:00  INFO 21076 --- [gateway-service] [reactor-http-nio-3] com.cly.gateway.filter.GlobalLogFilter   : ========== 网关请求结束 ==========
2026-04-01T14:58:38.841+08:00  INFO 21076 --- [gateway-service] [reactor-http-nio-3] com.cly.gateway.filter.GlobalLogFilter   : 状态码：200
2026-04-01T14:58:38.841+08:00  INFO 21076 --- [gateway-service] [reactor-http-nio-3] com.cly.gateway.filter.GlobalLogFilter   : 耗时：471ms
2026-04-01T14:58:38.841+08:00  INFO 21076 --- [gateway-service] [reactor-http-nio-3] com.cly.gateway.filter.GlobalLogFilter   : 成功：是
2026-04-01T14:58:39.510+08:00  INFO 21076 --- [gateway-service] [reactor-http-nio-3] com.cly.gateway.filter.GlobalLogFilter   : ========== 网关请求开始 ==========
2026-04-01T14:58:39.510+08:00  INFO 21076 --- [gateway-service] [reactor-http-nio-3] com.cly.gateway.filter.GlobalLogFilter   : 时间：2026-04-01 14:58:39.510
2026-04-01T14:58:39.510+08:00  INFO 21076 --- [gateway-service] [reactor-http-nio-3] com.cly.gateway.filter.GlobalLogFilter   : 路径：GET /doctor/schedule/detail
2026-04-01T14:58:39.510+08:00  INFO 21076 --- [gateway-service] [reactor-http-nio-3] com.cly.gateway.filter.GlobalLogFilter   : 用户 ID: 13542748103
2026-04-01T14:58:39.535+08:00  INFO 21076 --- [gateway-service] [reactor-http-nio-3] com.cly.gateway.filter.GlobalLogFilter   : ========== 网关请求结束 ==========
2026-04-01T14:58:39.535+08:00  INFO 21076 --- [gateway-service] [reactor-http-nio-3] com.cly.gateway.filter.GlobalLogFilter   : 状态码：200
2026-04-01T14:58:39.535+08:00  INFO 21076 --- [gateway-service] [reactor-http-nio-3] com.cly.gateway.filter.GlobalLogFilter   : 耗时：25ms
2026-04-01T14:58:39.535+08:00  INFO 21076 --- [gateway-service] [reactor-http-nio-3] com.cly.gateway.filter.GlobalLogFilter   : 成功：是
2026-04-01T15:01:14.839+08:00  INFO 34724 --- [gateway-service] [reactor-http-nio-2] com.cly.gateway.filter.GlobalLogFilter   : ========== 网关请求开始 ==========
2026-04-01T15:01:14.839+08:00  INFO 34724 --- [gateway-service] [reactor-http-nio-2] com.cly.gateway.filter.GlobalLogFilter   : 时间：2026-04-01 15:01:14.839
2026-04-01T15:01:14.839+08:00  INFO 34724 --- [gateway-service] [reactor-http-nio-2] com.cly.gateway.filter.GlobalLogFilter   : 路径：POST /ai/chat
2026-04-01T15:01:14.839+08:00  INFO 34724 --- [gateway-service] [reactor-http-nio-2] com.cly.gateway.filter.GlobalLogFilter   : 用户 ID: 13542748103
2026-04-01T15:01:20.606+08:00  INFO 34724 --- [gateway-service] [reactor-http-nio-2] com.cly.gateway.filter.GlobalLogFilter   : ========== 网关请求结束 ==========
2026-04-01T15:01:20.606+08:00  INFO 34724 --- [gateway-service] [reactor-http-nio-2] com.cly.gateway.filter.GlobalLogFilter   : 状态码：200
2026-04-01T15:01:20.606+08:00  INFO 34724 --- [gateway-service] [reactor-http-nio-2] com.cly.gateway.filter.GlobalLogFilter   : 耗时：5767ms
2026-04-01T15:01:20.606+08:00  INFO 34724 --- [gateway-service] [reactor-http-nio-2] com.cly.gateway.filter.GlobalLogFilter   : 成功：是
2026-04-01T15:01:29.356+08:00  INFO 34724 --- [gateway-service] [reactor-http-nio-2] com.cly.gateway.filter.GlobalLogFilter   : ========== 网关请求开始 ==========
2026-04-01T15:01:29.356+08:00  INFO 34724 --- [gateway-service] [reactor-http-nio-2] com.cly.gateway.filter.GlobalLogFilter   : 时间：2026-04-01 15:01:29.356
2026-04-01T15:01:29.356+08:00  INFO 34724 --- [gateway-service] [reactor-http-nio-2] com.cly.gateway.filter.GlobalLogFilter   : 路径：POST /ai/chat
2026-04-01T15:01:29.356+08:00  INFO 34724 --- [gateway-service] [reactor-http-nio-2] com.cly.gateway.filter.GlobalLogFilter   : 用户 ID: 13542748103
2026-04-01T15:01:31.603+08:00  INFO 34724 --- [gateway-service] [reactor-http-nio-2] com.cly.gateway.filter.GlobalLogFilter   : ========== 网关请求结束 ==========
2026-04-01T15:01:31.603+08:00  INFO 34724 --- [gateway-service] [reactor-http-nio-2] com.cly.gateway.filter.GlobalLogFilter   : 状态码：200
2026-04-01T15:01:31.603+08:00  INFO 34724 --- [gateway-service] [reactor-http-nio-2] com.cly.gateway.filter.GlobalLogFilter   : 耗时：2247ms
2026-04-01T15:01:31.603+08:00  INFO 34724 --- [gateway-service] [reactor-http-nio-2] com.cly.gateway.filter.GlobalLogFilter   : 成功：是
2026-04-01T15:01:37.637+08:00  INFO 34724 --- [gateway-service] [reactor-http-nio-2] com.cly.gateway.filter.GlobalLogFilter   : ========== 网关请求开始 ==========
2026-04-01T15:01:37.637+08:00  INFO 34724 --- [gateway-service] [reactor-http-nio-2] com.cly.gateway.filter.GlobalLogFilter   : 时间：2026-04-01 15:01:37.637
2026-04-01T15:01:37.637+08:00  INFO 34724 --- [gateway-service] [reactor-http-nio-2] com.cly.gateway.filter.GlobalLogFilter   : 路径：POST /ai/chat
2026-04-01T15:01:37.637+08:00  INFO 34724 --- [gateway-service] [reactor-http-nio-2] com.cly.gateway.filter.GlobalLogFilter   : 用户 ID: 13542748103
2026-04-01T15:01:42.825+08:00  INFO 34724 --- [gateway-service] [reactor-http-nio-2] com.cly.gateway.filter.GlobalLogFilter   : ========== 网关请求结束 ==========
2026-04-01T15:01:42.825+08:00  INFO 34724 --- [gateway-service] [reactor-http-nio-2] com.cly.gateway.filter.GlobalLogFilter   : 状态码：200
2026-04-01T15:01:42.825+08:00  INFO 34724 --- [gateway-service] [reactor-http-nio-2] com.cly.gateway.filter.GlobalLogFilter   : 耗时：5188ms
2026-04-01T15:01:42.825+08:00  INFO 34724 --- [gateway-service] [reactor-http-nio-2] com.cly.gateway.filter.GlobalLogFilter   : 成功：是
2026-04-01T15:01:58.029+08:00  INFO 34724 --- [gateway-service] [reactor-http-nio-2] com.cly.gateway.filter.GlobalLogFilter   : ========== 网关请求开始 ==========
2026-04-01T15:01:58.029+08:00  INFO 34724 --- [gateway-service] [reactor-http-nio-2] com.cly.gateway.filter.GlobalLogFilter   : 时间：2026-04-01 15:01:58.029
2026-04-01T15:01:58.029+08:00  INFO 34724 --- [gateway-service] [reactor-http-nio-2] com.cly.gateway.filter.GlobalLogFilter   : 路径：POST /ai/chat
2026-04-01T15:01:58.029+08:00  INFO 34724 --- [gateway-service] [reactor-http-nio-2] com.cly.gateway.filter.GlobalLogFilter   : 用户 ID: 13542748103
2026-04-01T15:02:00.725+08:00  INFO 34724 --- [gateway-service] [reactor-http-nio-2] com.cly.gateway.filter.GlobalLogFilter   : ========== 网关请求结束 ==========
2026-04-01T15:02:00.725+08:00  INFO 34724 --- [gateway-service] [reactor-http-nio-2] com.cly.gateway.filter.GlobalLogFilter   : 状态码：200
2026-04-01T15:02:00.725+08:00  INFO 34724 --- [gateway-service] [reactor-http-nio-2] com.cly.gateway.filter.GlobalLogFilter   : 耗时：2696ms
2026-04-01T15:02:00.725+08:00  INFO 34724 --- [gateway-service] [reactor-http-nio-2] com.cly.gateway.filter.GlobalLogFilter   : 成功：是
2026-04-01T15:02:08.124+08:00  INFO 34724 --- [gateway-service] [reactor-http-nio-2] com.cly.gateway.filter.GlobalLogFilter   : ========== 网关请求开始 ==========
2026-04-01T15:02:08.124+08:00  INFO 34724 --- [gateway-service] [reactor-http-nio-2] com.cly.gateway.filter.GlobalLogFilter   : 时间：2026-04-01 15:02:08.124
2026-04-01T15:02:08.124+08:00  INFO 34724 --- [gateway-service] [reactor-http-nio-2] com.cly.gateway.filter.GlobalLogFilter   : 路径：POST /ai/chat
2026-04-01T15:02:08.124+08:00  INFO 34724 --- [gateway-service] [reactor-http-nio-2] com.cly.gateway.filter.GlobalLogFilter   : 用户 ID: 13542748103
2026-04-01T15:02:13.979+08:00  INFO 34724 --- [gateway-service] [reactor-http-nio-2] com.cly.gateway.filter.GlobalLogFilter   : ========== 网关请求结束 ==========
2026-04-01T15:02:13.979+08:00  INFO 34724 --- [gateway-service] [reactor-http-nio-2] com.cly.gateway.filter.GlobalLogFilter   : 状态码：200
2026-04-01T15:02:13.979+08:00  INFO 34724 --- [gateway-service] [reactor-http-nio-2] com.cly.gateway.filter.GlobalLogFilter   : 耗时：5855ms
2026-04-01T15:02:13.979+08:00  INFO 34724 --- [gateway-service] [reactor-http-nio-2] com.cly.gateway.filter.GlobalLogFilter   : 成功：是
2026-04-01T15:02:23.312+08:00  INFO 34724 --- [gateway-service] [reactor-http-nio-2] com.cly.gateway.filter.GlobalLogFilter   : ========== 网关请求开始 ==========
2026-04-01T15:02:23.312+08:00  INFO 34724 --- [gateway-service] [reactor-http-nio-2] com.cly.gateway.filter.GlobalLogFilter   : 时间：2026-04-01 15:02:23.312
2026-04-01T15:02:23.312+08:00  INFO 34724 --- [gateway-service] [reactor-http-nio-2] com.cly.gateway.filter.GlobalLogFilter   : 路径：POST /ai/chat
2026-04-01T15:02:23.312+08:00  INFO 34724 --- [gateway-service] [reactor-http-nio-2] com.cly.gateway.filter.GlobalLogFilter   : 用户 ID: 13542748103
2026-04-01T15:02:26.480+08:00  INFO 34724 --- [gateway-service] [reactor-http-nio-2] com.cly.gateway.filter.GlobalLogFilter   : ========== 网关请求结束 ==========
2026-04-01T15:02:26.480+08:00  INFO 34724 --- [gateway-service] [reactor-http-nio-2] com.cly.gateway.filter.GlobalLogFilter   : 状态码：200
2026-04-01T15:02:26.480+08:00  INFO 34724 --- [gateway-service] [reactor-http-nio-2] com.cly.gateway.filter.GlobalLogFilter   : 耗时：3168ms
2026-04-01T15:02:26.480+08:00  INFO 34724 --- [gateway-service] [reactor-http-nio-2] com.cly.gateway.filter.GlobalLogFilter   : 成功：是
2026-04-01T15:02:35.229+08:00  INFO 34724 --- [gateway-service] [reactor-http-nio-2] com.cly.gateway.filter.GlobalLogFilter   : ========== 网关请求开始 ==========
2026-04-01T15:02:35.229+08:00  INFO 34724 --- [gateway-service] [reactor-http-nio-2] com.cly.gateway.filter.GlobalLogFilter   : 时间：2026-04-01 15:02:35.229
2026-04-01T15:02:35.229+08:00  INFO 34724 --- [gateway-service] [reactor-http-nio-2] com.cly.gateway.filter.GlobalLogFilter   : 路径：POST /ai/chat
2026-04-01T15:02:35.229+08:00  INFO 34724 --- [gateway-service] [reactor-http-nio-2] com.cly.gateway.filter.GlobalLogFilter   : 用户 ID: 13542748103
2026-04-01T15:02:40.536+08:00  INFO 34724 --- [gateway-service] [reactor-http-nio-2] com.cly.gateway.filter.GlobalLogFilter   : ========== 网关请求结束 ==========
2026-04-01T15:02:40.537+08:00  INFO 34724 --- [gateway-service] [reactor-http-nio-2] com.cly.gateway.filter.GlobalLogFilter   : 状态码：200
2026-04-01T15:02:40.537+08:00  INFO 34724 --- [gateway-service] [reactor-http-nio-2] com.cly.gateway.filter.GlobalLogFilter   : 耗时：5307ms
2026-04-01T15:02:40.537+08:00  INFO 34724 --- [gateway-service] [reactor-http-nio-2] com.cly.gateway.filter.GlobalLogFilter   : 成功：是
2026-04-01T15:02:45.215+08:00  INFO 34724 --- [gateway-service] [reactor-http-nio-2] com.cly.gateway.filter.GlobalLogFilter   : ========== 网关请求开始 ==========
2026-04-01T15:02:45.215+08:00  INFO 34724 --- [gateway-service] [reactor-http-nio-2] com.cly.gateway.filter.GlobalLogFilter   : 时间：2026-04-01 15:02:45.215
2026-04-01T15:02:45.215+08:00  INFO 34724 --- [gateway-service] [reactor-http-nio-2] com.cly.gateway.filter.GlobalLogFilter   : 路径：GET /order/list
2026-04-01T15:02:45.215+08:00  INFO 34724 --- [gateway-service] [reactor-http-nio-2] com.cly.gateway.filter.GlobalLogFilter   : 用户 ID: 13542748103
2026-04-01T15:02:45.472+08:00  INFO 34724 --- [gateway-service] [reactor-http-nio-2] com.cly.gateway.filter.GlobalLogFilter   : ========== 网关请求结束 ==========
2026-04-01T15:02:45.472+08:00  INFO 34724 --- [gateway-service] [reactor-http-nio-2] com.cly.gateway.filter.GlobalLogFilter   : 状态码：200
2026-04-01T15:02:45.472+08:00  INFO 34724 --- [gateway-service] [reactor-http-nio-2] com.cly.gateway.filter.GlobalLogFilter   : 耗时：257ms
2026-04-01T15:02:45.472+08:00  INFO 34724 --- [gateway-service] [reactor-http-nio-2] com.cly.gateway.filter.GlobalLogFilter   : 成功：是
2026-04-01T15:02:49.089+08:00  INFO 34724 --- [gateway-service] [reactor-http-nio-2] com.cly.gateway.filter.GlobalLogFilter   : ========== 网关请求开始 ==========
2026-04-01T15:02:49.089+08:00  INFO 34724 --- [gateway-service] [reactor-http-nio-2] com.cly.gateway.filter.GlobalLogFilter   : 时间：2026-04-01 15:02:49.089
2026-04-01T15:02:49.089+08:00  INFO 34724 --- [gateway-service] [reactor-http-nio-2] com.cly.gateway.filter.GlobalLogFilter   : 路径：GET /order/list
2026-04-01T15:02:49.089+08:00  INFO 34724 --- [gateway-service] [reactor-http-nio-2] com.cly.gateway.filter.GlobalLogFilter   : 用户 ID: 13542748103
2026-04-01T15:02:49.115+08:00  INFO 34724 --- [gateway-service] [reactor-http-nio-2] com.cly.gateway.filter.GlobalLogFilter   : ========== 网关请求结束 ==========
2026-04-01T15:02:49.115+08:00  INFO 34724 --- [gateway-service] [reactor-http-nio-2] com.cly.gateway.filter.GlobalLogFilter   : 状态码：200
2026-04-01T15:02:49.115+08:00  INFO 34724 --- [gateway-service] [reactor-http-nio-2] com.cly.gateway.filter.GlobalLogFilter   : 耗时：25ms
2026-04-01T15:02:49.115+08:00  INFO 34724 --- [gateway-service] [reactor-http-nio-2] com.cly.gateway.filter.GlobalLogFilter   : 成功：是
2026-04-01T15:02:49.746+08:00  INFO 34724 --- [gateway-service] [reactor-http-nio-2] com.cly.gateway.filter.GlobalLogFilter   : ========== 网关请求开始 ==========
2026-04-01T15:02:49.746+08:00  INFO 34724 --- [gateway-service] [reactor-http-nio-2] com.cly.gateway.filter.GlobalLogFilter   : 时间：2026-04-01 15:02:49.746
2026-04-01T15:02:49.746+08:00  INFO 34724 --- [gateway-service] [reactor-http-nio-2] com.cly.gateway.filter.GlobalLogFilter   : 路径：GET /order/list
2026-04-01T15:02:49.746+08:00  INFO 34724 --- [gateway-service] [reactor-http-nio-2] com.cly.gateway.filter.GlobalLogFilter   : 用户 ID: 13542748103
2026-04-01T15:02:49.764+08:00  INFO 34724 --- [gateway-service] [reactor-http-nio-2] com.cly.gateway.filter.GlobalLogFilter   : ========== 网关请求结束 ==========
2026-04-01T15:02:49.764+08:00  INFO 34724 --- [gateway-service] [reactor-http-nio-2] com.cly.gateway.filter.GlobalLogFilter   : 状态码：200
2026-04-01T15:02:49.764+08:00  INFO 34724 --- [gateway-service] [reactor-http-nio-2] com.cly.gateway.filter.GlobalLogFilter   : 耗时：18ms
2026-04-01T15:02:49.764+08:00  INFO 34724 --- [gateway-service] [reactor-http-nio-2] com.cly.gateway.filter.GlobalLogFilter   : 成功：是
2026-04-01T15:04:15.582+08:00  INFO 34724 --- [gateway-service] [reactor-http-nio-2] com.cly.gateway.filter.GlobalLogFilter   : ========== 网关请求开始 ==========
2026-04-01T15:04:15.582+08:00  INFO 34724 --- [gateway-service] [reactor-http-nio-2] com.cly.gateway.filter.GlobalLogFilter   : 时间：2026-04-01 15:04:15.582
2026-04-01T15:04:15.582+08:00  INFO 34724 --- [gateway-service] [reactor-http-nio-2] com.cly.gateway.filter.GlobalLogFilter   : 路径：POST /ai/chat
2026-04-01T15:04:15.582+08:00  INFO 34724 --- [gateway-service] [reactor-http-nio-2] com.cly.gateway.filter.GlobalLogFilter   : 用户 ID: 13542748103
2026-04-01T15:04:21.616+08:00  INFO 34724 --- [gateway-service] [reactor-http-nio-2] com.cly.gateway.filter.GlobalLogFilter   : ========== 网关请求结束 ==========
2026-04-01T15:04:21.616+08:00  INFO 34724 --- [gateway-service] [reactor-http-nio-2] com.cly.gateway.filter.GlobalLogFilter   : 状态码：200
2026-04-01T15:04:21.616+08:00  INFO 34724 --- [gateway-service] [reactor-http-nio-2] com.cly.gateway.filter.GlobalLogFilter   : 耗时：6034ms
2026-04-01T15:04:21.616+08:00  INFO 34724 --- [gateway-service] [reactor-http-nio-2] com.cly.gateway.filter.GlobalLogFilter   : 成功：是
2026-04-01T15:04:31.494+08:00  INFO 34724 --- [gateway-service] [reactor-http-nio-2] com.cly.gateway.filter.GlobalLogFilter   : ========== 网关请求开始 ==========
2026-04-01T15:04:31.494+08:00  INFO 34724 --- [gateway-service] [reactor-http-nio-2] com.cly.gateway.filter.GlobalLogFilter   : 时间：2026-04-01 15:04:31.494
2026-04-01T15:04:31.494+08:00  INFO 34724 --- [gateway-service] [reactor-http-nio-2] com.cly.gateway.filter.GlobalLogFilter   : 路径：POST /ai/chat
2026-04-01T15:04:31.494+08:00  INFO 34724 --- [gateway-service] [reactor-http-nio-2] com.cly.gateway.filter.GlobalLogFilter   : 用户 ID: 13542748103
2026-04-01T15:04:35.541+08:00  INFO 34724 --- [gateway-service] [reactor-http-nio-2] com.cly.gateway.filter.GlobalLogFilter   : ========== 网关请求结束 ==========
2026-04-01T15:04:35.541+08:00  INFO 34724 --- [gateway-service] [reactor-http-nio-2] com.cly.gateway.filter.GlobalLogFilter   : 状态码：200
2026-04-01T15:04:35.541+08:00  INFO 34724 --- [gateway-service] [reactor-http-nio-2] com.cly.gateway.filter.GlobalLogFilter   : 耗时：4047ms
2026-04-01T15:04:35.541+08:00  INFO 34724 --- [gateway-service] [reactor-http-nio-2] com.cly.gateway.filter.GlobalLogFilter   : 成功：是
2026-04-01T15:04:41.914+08:00  INFO 34724 --- [gateway-service] [reactor-http-nio-2] com.cly.gateway.filter.GlobalLogFilter   : ========== 网关请求开始 ==========
2026-04-01T15:04:41.914+08:00  INFO 34724 --- [gateway-service] [reactor-http-nio-2] com.cly.gateway.filter.GlobalLogFilter   : 时间：2026-04-01 15:04:41.914
2026-04-01T15:04:41.914+08:00  INFO 34724 --- [gateway-service] [reactor-http-nio-2] com.cly.gateway.filter.GlobalLogFilter   : 路径：POST /ai/chat
2026-04-01T15:04:41.914+08:00  INFO 34724 --- [gateway-service] [reactor-http-nio-2] com.cly.gateway.filter.GlobalLogFilter   : 用户 ID: 13542748103
2026-04-01T15:04:45.967+08:00  INFO 34724 --- [gateway-service] [reactor-http-nio-2] com.cly.gateway.filter.GlobalLogFilter   : ========== 网关请求结束 ==========
2026-04-01T15:04:45.967+08:00  INFO 34724 --- [gateway-service] [reactor-http-nio-2] com.cly.gateway.filter.GlobalLogFilter   : 状态码：200
2026-04-01T15:04:45.967+08:00  INFO 34724 --- [gateway-service] [reactor-http-nio-2] com.cly.gateway.filter.GlobalLogFilter   : 耗时：4053ms
2026-04-01T15:04:45.967+08:00  INFO 34724 --- [gateway-service] [reactor-http-nio-2] com.cly.gateway.filter.GlobalLogFilter   : 成功：是
2026-04-01T15:04:51.098+08:00  INFO 34724 --- [gateway-service] [reactor-http-nio-2] com.cly.gateway.filter.GlobalLogFilter   : ========== 网关请求开始 ==========
2026-04-01T15:04:51.098+08:00  INFO 34724 --- [gateway-service] [reactor-http-nio-2] com.cly.gateway.filter.GlobalLogFilter   : 时间：2026-04-01 15:04:51.098
2026-04-01T15:04:51.098+08:00  INFO 34724 --- [gateway-service] [reactor-http-nio-2] com.cly.gateway.filter.GlobalLogFilter   : 路径：POST /ai/chat
2026-04-01T15:04:51.098+08:00  INFO 34724 --- [gateway-service] [reactor-http-nio-2] com.cly.gateway.filter.GlobalLogFilter   : 用户 ID: 13542748103
2026-04-01T15:04:55.283+08:00  INFO 34724 --- [gateway-service] [reactor-http-nio-2] com.cly.gateway.filter.GlobalLogFilter   : ========== 网关请求结束 ==========
2026-04-01T15:04:55.283+08:00  INFO 34724 --- [gateway-service] [reactor-http-nio-2] com.cly.gateway.filter.GlobalLogFilter   : 状态码：200
2026-04-01T15:04:55.283+08:00  INFO 34724 --- [gateway-service] [reactor-http-nio-2] com.cly.gateway.filter.GlobalLogFilter   : 耗时：4185ms
2026-04-01T15:04:55.283+08:00  INFO 34724 --- [gateway-service] [reactor-http-nio-2] com.cly.gateway.filter.GlobalLogFilter   : 成功：是
2026-04-01T15:05:11.787+08:00  INFO 34724 --- [gateway-service] [reactor-http-nio-2] com.cly.gateway.filter.GlobalLogFilter   : ========== 网关请求开始 ==========
2026-04-01T15:05:11.787+08:00  INFO 34724 --- [gateway-service] [reactor-http-nio-2] com.cly.gateway.filter.GlobalLogFilter   : 时间：2026-04-01 15:05:11.787
2026-04-01T15:05:11.787+08:00  INFO 34724 --- [gateway-service] [reactor-http-nio-2] com.cly.gateway.filter.GlobalLogFilter   : 路径：POST /ai/chat
2026-04-01T15:05:11.787+08:00  INFO 34724 --- [gateway-service] [reactor-http-nio-2] com.cly.gateway.filter.GlobalLogFilter   : 用户 ID: 13542748103
2026-04-01T15:05:14.945+08:00  INFO 34724 --- [gateway-service] [reactor-http-nio-2] com.cly.gateway.filter.GlobalLogFilter   : ========== 网关请求结束 ==========
2026-04-01T15:05:14.945+08:00  INFO 34724 --- [gateway-service] [reactor-http-nio-2] com.cly.gateway.filter.GlobalLogFilter   : 状态码：200
2026-04-01T15:05:14.945+08:00  INFO 34724 --- [gateway-service] [reactor-http-nio-2] com.cly.gateway.filter.GlobalLogFilter   : 耗时：3158ms
2026-04-01T15:05:14.945+08:00  INFO 34724 --- [gateway-service] [reactor-http-nio-2] com.cly.gateway.filter.GlobalLogFilter   : 成功：是
2026-04-01T15:05:20.087+08:00  INFO 34724 --- [gateway-service] [reactor-http-nio-2] com.cly.gateway.filter.GlobalLogFilter   : ========== 网关请求开始 ==========
2026-04-01T15:05:20.087+08:00  INFO 34724 --- [gateway-service] [reactor-http-nio-2] com.cly.gateway.filter.GlobalLogFilter   : 时间：2026-04-01 15:05:20.087
2026-04-01T15:05:20.087+08:00  INFO 34724 --- [gateway-service] [reactor-http-nio-2] com.cly.gateway.filter.GlobalLogFilter   : 路径：POST /ai/chat
2026-04-01T15:05:20.087+08:00  INFO 34724 --- [gateway-service] [reactor-http-nio-2] com.cly.gateway.filter.GlobalLogFilter   : 用户 ID: 13542748103
2026-04-01T15:05:27.290+08:00  INFO 34724 --- [gateway-service] [reactor-http-nio-2] com.cly.gateway.filter.GlobalLogFilter   : ========== 网关请求结束 ==========
2026-04-01T15:05:27.290+08:00  INFO 34724 --- [gateway-service] [reactor-http-nio-2] com.cly.gateway.filter.GlobalLogFilter   : 状态码：200
2026-04-01T15:05:27.290+08:00  INFO 34724 --- [gateway-service] [reactor-http-nio-2] com.cly.gateway.filter.GlobalLogFilter   : 耗时：7203ms
2026-04-01T15:05:27.290+08:00  INFO 34724 --- [gateway-service] [reactor-http-nio-2] com.cly.gateway.filter.GlobalLogFilter   : 成功：是
2026-04-01T15:05:32.273+08:00  INFO 34724 --- [gateway-service] [reactor-http-nio-2] com.cly.gateway.filter.GlobalLogFilter   : ========== 网关请求开始 ==========
2026-04-01T15:05:32.273+08:00  INFO 34724 --- [gateway-service] [reactor-http-nio-2] com.cly.gateway.filter.GlobalLogFilter   : 时间：2026-04-01 15:05:32.273
2026-04-01T15:05:32.273+08:00  INFO 34724 --- [gateway-service] [reactor-http-nio-2] com.cly.gateway.filter.GlobalLogFilter   : 路径：POST /ai/chat
2026-04-01T15:05:32.273+08:00  INFO 34724 --- [gateway-service] [reactor-http-nio-2] com.cly.gateway.filter.GlobalLogFilter   : 用户 ID: 13542748103
2026-04-01T15:05:37.479+08:00  INFO 34724 --- [gateway-service] [reactor-http-nio-2] com.cly.gateway.filter.GlobalLogFilter   : ========== 网关请求结束 ==========
2026-04-01T15:05:37.479+08:00  INFO 34724 --- [gateway-service] [reactor-http-nio-2] com.cly.gateway.filter.GlobalLogFilter   : 状态码：200
2026-04-01T15:05:37.479+08:00  INFO 34724 --- [gateway-service] [reactor-http-nio-2] com.cly.gateway.filter.GlobalLogFilter   : 耗时：5206ms
2026-04-01T15:05:37.479+08:00  INFO 34724 --- [gateway-service] [reactor-http-nio-2] com.cly.gateway.filter.GlobalLogFilter   : 成功：是
2026-04-01T15:05:43.719+08:00  INFO 34724 --- [gateway-service] [reactor-http-nio-2] com.cly.gateway.filter.GlobalLogFilter   : ========== 网关请求开始 ==========
2026-04-01T15:05:43.719+08:00  INFO 34724 --- [gateway-service] [reactor-http-nio-2] com.cly.gateway.filter.GlobalLogFilter   : 时间：2026-04-01 15:05:43.719
2026-04-01T15:05:43.719+08:00  INFO 34724 --- [gateway-service] [reactor-http-nio-2] com.cly.gateway.filter.GlobalLogFilter   : 路径：POST /ai/chat
2026-04-01T15:05:43.719+08:00  INFO 34724 --- [gateway-service] [reactor-http-nio-2] com.cly.gateway.filter.GlobalLogFilter   : 用户 ID: 13542748103
2026-04-01T15:05:50.481+08:00  INFO 34724 --- [gateway-service] [reactor-http-nio-2] com.cly.gateway.filter.GlobalLogFilter   : ========== 网关请求结束 ==========
2026-04-01T15:05:50.481+08:00  INFO 34724 --- [gateway-service] [reactor-http-nio-2] com.cly.gateway.filter.GlobalLogFilter   : 状态码：200
2026-04-01T15:05:50.481+08:00  INFO 34724 --- [gateway-service] [reactor-http-nio-2] com.cly.gateway.filter.GlobalLogFilter   : 耗时：6762ms
2026-04-01T15:05:50.481+08:00  INFO 34724 --- [gateway-service] [reactor-http-nio-2] com.cly.gateway.filter.GlobalLogFilter   : 成功：是
2026-04-01T15:06:07.027+08:00  INFO 34724 --- [gateway-service] [reactor-http-nio-2] com.cly.gateway.filter.GlobalLogFilter   : ========== 网关请求开始 ==========
2026-04-01T15:06:07.027+08:00  INFO 34724 --- [gateway-service] [reactor-http-nio-2] com.cly.gateway.filter.GlobalLogFilter   : 时间：2026-04-01 15:06:07.027
2026-04-01T15:06:07.027+08:00  INFO 34724 --- [gateway-service] [reactor-http-nio-2] com.cly.gateway.filter.GlobalLogFilter   : 路径：GET /order/list
2026-04-01T15:06:07.027+08:00  INFO 34724 --- [gateway-service] [reactor-http-nio-2] com.cly.gateway.filter.GlobalLogFilter   : 用户 ID: 13542748103
2026-04-01T15:06:07.113+08:00  INFO 34724 --- [gateway-service] [reactor-http-nio-2] com.cly.gateway.filter.GlobalLogFilter   : ========== 网关请求结束 ==========
2026-04-01T15:06:07.113+08:00  INFO 34724 --- [gateway-service] [reactor-http-nio-2] com.cly.gateway.filter.GlobalLogFilter   : 状态码：200
2026-04-01T15:06:07.113+08:00  INFO 34724 --- [gateway-service] [reactor-http-nio-2] com.cly.gateway.filter.GlobalLogFilter   : 耗时：86ms
2026-04-01T15:06:07.113+08:00  INFO 34724 --- [gateway-service] [reactor-http-nio-2] com.cly.gateway.filter.GlobalLogFilter   : 成功：是
2026-04-01T15:06:07.892+08:00  INFO 34724 --- [gateway-service] [reactor-http-nio-2] com.cly.gateway.filter.GlobalLogFilter   : ========== 网关请求开始 ==========
2026-04-01T15:06:07.892+08:00  INFO 34724 --- [gateway-service] [reactor-http-nio-2] com.cly.gateway.filter.GlobalLogFilter   : 时间：2026-04-01 15:06:07.892
2026-04-01T15:06:07.892+08:00  INFO 34724 --- [gateway-service] [reactor-http-nio-2] com.cly.gateway.filter.GlobalLogFilter   : 路径：GET /order/list
2026-04-01T15:06:07.892+08:00  INFO 34724 --- [gateway-service] [reactor-http-nio-2] com.cly.gateway.filter.GlobalLogFilter   : 用户 ID: 13542748103
2026-04-01T15:06:07.907+08:00  INFO 34724 --- [gateway-service] [reactor-http-nio-2] com.cly.gateway.filter.GlobalLogFilter   : ========== 网关请求结束 ==========
2026-04-01T15:06:07.907+08:00  INFO 34724 --- [gateway-service] [reactor-http-nio-2] com.cly.gateway.filter.GlobalLogFilter   : 状态码：200
2026-04-01T15:06:07.907+08:00  INFO 34724 --- [gateway-service] [reactor-http-nio-2] com.cly.gateway.filter.GlobalLogFilter   : 耗时：15ms
2026-04-01T15:06:07.907+08:00  INFO 34724 --- [gateway-service] [reactor-http-nio-2] com.cly.gateway.filter.GlobalLogFilter   : 成功：是
2026-04-01T15:06:08.349+08:00  INFO 34724 --- [gateway-service] [reactor-http-nio-2] com.cly.gateway.filter.GlobalLogFilter   : ========== 网关请求开始 ==========
2026-04-01T15:06:08.349+08:00  INFO 34724 --- [gateway-service] [reactor-http-nio-2] com.cly.gateway.filter.GlobalLogFilter   : 时间：2026-04-01 15:06:08.349
2026-04-01T15:06:08.349+08:00  INFO 34724 --- [gateway-service] [reactor-http-nio-2] com.cly.gateway.filter.GlobalLogFilter   : 路径：GET /order/list
2026-04-01T15:06:08.349+08:00  INFO 34724 --- [gateway-service] [reactor-http-nio-2] com.cly.gateway.filter.GlobalLogFilter   : 用户 ID: 13542748103
2026-04-01T15:06:08.369+08:00  INFO 34724 --- [gateway-service] [reactor-http-nio-2] com.cly.gateway.filter.GlobalLogFilter   : ========== 网关请求结束 ==========
2026-04-01T15:06:08.369+08:00  INFO 34724 --- [gateway-service] [reactor-http-nio-2] com.cly.gateway.filter.GlobalLogFilter   : 状态码：200
2026-04-01T15:06:08.369+08:00  INFO 34724 --- [gateway-service] [reactor-http-nio-2] com.cly.gateway.filter.GlobalLogFilter   : 耗时：20ms
2026-04-01T15:06:08.369+08:00  INFO 34724 --- [gateway-service] [reactor-http-nio-2] com.cly.gateway.filter.GlobalLogFilter   : 成功：是
2026-04-01T15:06:08.497+08:00  INFO 34724 --- [gateway-service] [reactor-http-nio-2] com.cly.gateway.filter.GlobalLogFilter   : ========== 网关请求开始 ==========
2026-04-01T15:06:08.497+08:00  INFO 34724 --- [gateway-service] [reactor-http-nio-2] com.cly.gateway.filter.GlobalLogFilter   : 时间：2026-04-01 15:06:08.497
2026-04-01T15:06:08.497+08:00  INFO 34724 --- [gateway-service] [reactor-http-nio-2] com.cly.gateway.filter.GlobalLogFilter   : 路径：GET /order/list
2026-04-01T15:06:08.497+08:00  INFO 34724 --- [gateway-service] [reactor-http-nio-2] com.cly.gateway.filter.GlobalLogFilter   : 用户 ID: 13542748103
2026-04-01T15:06:08.513+08:00  INFO 34724 --- [gateway-service] [reactor-http-nio-2] com.cly.gateway.filter.GlobalLogFilter   : ========== 网关请求结束 ==========
2026-04-01T15:06:08.513+08:00  INFO 34724 --- [gateway-service] [reactor-http-nio-2] com.cly.gateway.filter.GlobalLogFilter   : 状态码：200
2026-04-01T15:06:08.513+08:00  INFO 34724 --- [gateway-service] [reactor-http-nio-2] com.cly.gateway.filter.GlobalLogFilter   : 耗时：16ms
2026-04-01T15:06:08.513+08:00  INFO 34724 --- [gateway-service] [reactor-http-nio-2] com.cly.gateway.filter.GlobalLogFilter   : 成功：是
2026-04-01T15:06:08.669+08:00  INFO 34724 --- [gateway-service] [reactor-http-nio-2] com.cly.gateway.filter.GlobalLogFilter   : ========== 网关请求开始 ==========
2026-04-01T15:06:08.669+08:00  INFO 34724 --- [gateway-service] [reactor-http-nio-2] com.cly.gateway.filter.GlobalLogFilter   : 时间：2026-04-01 15:06:08.669
2026-04-01T15:06:08.669+08:00  INFO 34724 --- [gateway-service] [reactor-http-nio-2] com.cly.gateway.filter.GlobalLogFilter   : 路径：GET /order/list
2026-04-01T15:06:08.669+08:00  INFO 34724 --- [gateway-service] [reactor-http-nio-2] com.cly.gateway.filter.GlobalLogFilter   : 用户 ID: 13542748103
2026-04-01T15:06:08.683+08:00  INFO 34724 --- [gateway-service] [reactor-http-nio-2] com.cly.gateway.filter.GlobalLogFilter   : ========== 网关请求结束 ==========
2026-04-01T15:06:08.683+08:00  INFO 34724 --- [gateway-service] [reactor-http-nio-2] com.cly.gateway.filter.GlobalLogFilter   : 状态码：200
2026-04-01T15:06:08.683+08:00  INFO 34724 --- [gateway-service] [reactor-http-nio-2] com.cly.gateway.filter.GlobalLogFilter   : 耗时：14ms
2026-04-01T15:06:08.683+08:00  INFO 34724 --- [gateway-service] [reactor-http-nio-2] com.cly.gateway.filter.GlobalLogFilter   : 成功：是
2026-04-01T15:06:08.957+08:00  INFO 34724 --- [gateway-service] [reactor-http-nio-2] com.cly.gateway.filter.GlobalLogFilter   : ========== 网关请求开始 ==========
2026-04-01T15:06:08.957+08:00  INFO 34724 --- [gateway-service] [reactor-http-nio-2] com.cly.gateway.filter.GlobalLogFilter   : 时间：2026-04-01 15:06:08.957
2026-04-01T15:06:08.957+08:00  INFO 34724 --- [gateway-service] [reactor-http-nio-2] com.cly.gateway.filter.GlobalLogFilter   : 路径：GET /order/list
2026-04-01T15:06:08.957+08:00  INFO 34724 --- [gateway-service] [reactor-http-nio-2] com.cly.gateway.filter.GlobalLogFilter   : 用户 ID: 13542748103
2026-04-01T15:06:08.973+08:00  INFO 34724 --- [gateway-service] [reactor-http-nio-2] com.cly.gateway.filter.GlobalLogFilter   : ========== 网关请求结束 ==========
2026-04-01T15:06:08.973+08:00  INFO 34724 --- [gateway-service] [reactor-http-nio-2] com.cly.gateway.filter.GlobalLogFilter   : 状态码：200
2026-04-01T15:06:08.973+08:00  INFO 34724 --- [gateway-service] [reactor-http-nio-2] com.cly.gateway.filter.GlobalLogFilter   : 耗时：16ms
2026-04-01T15:06:08.973+08:00  INFO 34724 --- [gateway-service] [reactor-http-nio-2] com.cly.gateway.filter.GlobalLogFilter   : 成功：是
2026-04-01T15:06:54.859+08:00  INFO 34724 --- [gateway-service] [reactor-http-nio-2] com.cly.gateway.filter.GlobalLogFilter   : ========== 网关请求开始 ==========
2026-04-01T15:06:54.859+08:00  INFO 34724 --- [gateway-service] [reactor-http-nio-2] com.cly.gateway.filter.GlobalLogFilter   : 时间：2026-04-01 15:06:54.858
2026-04-01T15:06:54.859+08:00  INFO 34724 --- [gateway-service] [reactor-http-nio-2] com.cly.gateway.filter.GlobalLogFilter   : 路径：POST /ai/chat
2026-04-01T15:06:54.859+08:00  INFO 34724 --- [gateway-service] [reactor-http-nio-2] com.cly.gateway.filter.GlobalLogFilter   : 用户 ID: 13542748103
2026-04-01T15:06:58.832+08:00  INFO 34724 --- [gateway-service] [reactor-http-nio-2] com.cly.gateway.filter.GlobalLogFilter   : ========== 网关请求结束 ==========
2026-04-01T15:06:58.832+08:00  INFO 34724 --- [gateway-service] [reactor-http-nio-2] com.cly.gateway.filter.GlobalLogFilter   : 状态码：200
2026-04-01T15:06:58.832+08:00  INFO 34724 --- [gateway-service] [reactor-http-nio-2] com.cly.gateway.filter.GlobalLogFilter   : 耗时：3973ms
2026-04-01T15:06:58.832+08:00  INFO 34724 --- [gateway-service] [reactor-http-nio-2] com.cly.gateway.filter.GlobalLogFilter   : 成功：是
2026-04-01T15:07:09.654+08:00  INFO 34724 --- [gateway-service] [reactor-http-nio-2] com.cly.gateway.filter.GlobalLogFilter   : ========== 网关请求开始 ==========
2026-04-01T15:07:09.654+08:00  INFO 34724 --- [gateway-service] [reactor-http-nio-2] com.cly.gateway.filter.GlobalLogFilter   : 时间：2026-04-01 15:07:09.654
2026-04-01T15:07:09.654+08:00  INFO 34724 --- [gateway-service] [reactor-http-nio-2] com.cly.gateway.filter.GlobalLogFilter   : 路径：POST /ai/chat
2026-04-01T15:07:09.654+08:00  INFO 34724 --- [gateway-service] [reactor-http-nio-2] com.cly.gateway.filter.GlobalLogFilter   : 用户 ID: 13542748103
2026-04-01T15:07:15.691+08:00  INFO 34724 --- [gateway-service] [reactor-http-nio-2] com.cly.gateway.filter.GlobalLogFilter   : ========== 网关请求结束 ==========
2026-04-01T15:07:15.691+08:00  INFO 34724 --- [gateway-service] [reactor-http-nio-2] com.cly.gateway.filter.GlobalLogFilter   : 状态码：200
2026-04-01T15:07:15.691+08:00  INFO 34724 --- [gateway-service] [reactor-http-nio-2] com.cly.gateway.filter.GlobalLogFilter   : 耗时：6037ms
2026-04-01T15:07:15.691+08:00  INFO 34724 --- [gateway-service] [reactor-http-nio-2] com.cly.gateway.filter.GlobalLogFilter   : 成功：是
2026-04-01T15:07:24.234+08:00  INFO 34724 --- [gateway-service] [reactor-http-nio-2] com.cly.gateway.filter.GlobalLogFilter   : ========== 网关请求开始 ==========
2026-04-01T15:07:24.234+08:00  INFO 34724 --- [gateway-service] [reactor-http-nio-2] com.cly.gateway.filter.GlobalLogFilter   : 时间：2026-04-01 15:07:24.234
2026-04-01T15:07:24.234+08:00  INFO 34724 --- [gateway-service] [reactor-http-nio-2] com.cly.gateway.filter.GlobalLogFilter   : 路径：POST /ai/chat
2026-04-01T15:07:24.234+08:00  INFO 34724 --- [gateway-service] [reactor-http-nio-2] com.cly.gateway.filter.GlobalLogFilter   : 用户 ID: 13542748103
2026-04-01T15:07:26.658+08:00  INFO 34724 --- [gateway-service] [reactor-http-nio-2] com.cly.gateway.filter.GlobalLogFilter   : ========== 网关请求结束 ==========
2026-04-01T15:07:26.658+08:00  INFO 34724 --- [gateway-service] [reactor-http-nio-2] com.cly.gateway.filter.GlobalLogFilter   : 状态码：200
2026-04-01T15:07:26.658+08:00  INFO 34724 --- [gateway-service] [reactor-http-nio-2] com.cly.gateway.filter.GlobalLogFilter   : 耗时：2424ms
2026-04-01T15:07:26.658+08:00  INFO 34724 --- [gateway-service] [reactor-http-nio-2] com.cly.gateway.filter.GlobalLogFilter   : 成功：是
2026-04-01T15:07:28.675+08:00  INFO 34724 --- [gateway-service] [reactor-http-nio-2] com.cly.gateway.filter.GlobalLogFilter   : ========== 网关请求开始 ==========
2026-04-01T15:07:28.675+08:00  INFO 34724 --- [gateway-service] [reactor-http-nio-2] com.cly.gateway.filter.GlobalLogFilter   : 时间：2026-04-01 15:07:28.675
2026-04-01T15:07:28.675+08:00  INFO 34724 --- [gateway-service] [reactor-http-nio-2] com.cly.gateway.filter.GlobalLogFilter   : 路径：POST /ai/chat
2026-04-01T15:07:28.675+08:00  INFO 34724 --- [gateway-service] [reactor-http-nio-2] com.cly.gateway.filter.GlobalLogFilter   : 用户 ID: 13542748103
2026-04-01T15:07:34.166+08:00  INFO 34724 --- [gateway-service] [reactor-http-nio-2] com.cly.gateway.filter.GlobalLogFilter   : ========== 网关请求结束 ==========
2026-04-01T15:07:34.166+08:00  INFO 34724 --- [gateway-service] [reactor-http-nio-2] com.cly.gateway.filter.GlobalLogFilter   : 状态码：200
2026-04-01T15:07:34.166+08:00  INFO 34724 --- [gateway-service] [reactor-http-nio-2] com.cly.gateway.filter.GlobalLogFilter   : 耗时：5491ms
2026-04-01T15:07:34.166+08:00  INFO 34724 --- [gateway-service] [reactor-http-nio-2] com.cly.gateway.filter.GlobalLogFilter   : 成功：是
2026-04-01T15:07:39.737+08:00  INFO 34724 --- [gateway-service] [reactor-http-nio-2] com.cly.gateway.filter.GlobalLogFilter   : ========== 网关请求开始 ==========
2026-04-01T15:07:39.737+08:00  INFO 34724 --- [gateway-service] [reactor-http-nio-2] com.cly.gateway.filter.GlobalLogFilter   : 时间：2026-04-01 15:07:39.737
2026-04-01T15:07:39.737+08:00  INFO 34724 --- [gateway-service] [reactor-http-nio-2] com.cly.gateway.filter.GlobalLogFilter   : 路径：POST /ai/chat
2026-04-01T15:07:39.737+08:00  INFO 34724 --- [gateway-service] [reactor-http-nio-2] com.cly.gateway.filter.GlobalLogFilter   : 用户 ID: 13542748103
2026-04-01T15:07:42.321+08:00  INFO 34724 --- [gateway-service] [reactor-http-nio-2] com.cly.gateway.filter.GlobalLogFilter   : ========== 网关请求结束 ==========
2026-04-01T15:07:42.321+08:00  INFO 34724 --- [gateway-service] [reactor-http-nio-2] com.cly.gateway.filter.GlobalLogFilter   : 状态码：200
2026-04-01T15:07:42.321+08:00  INFO 34724 --- [gateway-service] [reactor-http-nio-2] com.cly.gateway.filter.GlobalLogFilter   : 耗时：2584ms
2026-04-01T15:07:42.321+08:00  INFO 34724 --- [gateway-service] [reactor-http-nio-2] com.cly.gateway.filter.GlobalLogFilter   : 成功：是
2026-04-01T15:07:51.122+08:00  INFO 34724 --- [gateway-service] [reactor-http-nio-2] com.cly.gateway.filter.GlobalLogFilter   : ========== 网关请求开始 ==========
2026-04-01T15:07:51.122+08:00  INFO 34724 --- [gateway-service] [reactor-http-nio-2] com.cly.gateway.filter.GlobalLogFilter   : 时间：2026-04-01 15:07:51.122
2026-04-01T15:07:51.122+08:00  INFO 34724 --- [gateway-service] [reactor-http-nio-2] com.cly.gateway.filter.GlobalLogFilter   : 路径：POST /ai/chat
2026-04-01T15:07:51.122+08:00  INFO 34724 --- [gateway-service] [reactor-http-nio-2] com.cly.gateway.filter.GlobalLogFilter   : 用户 ID: 13542748103
2026-04-01T15:07:55.865+08:00  INFO 34724 --- [gateway-service] [reactor-http-nio-2] com.cly.gateway.filter.GlobalLogFilter   : ========== 网关请求结束 ==========
2026-04-01T15:07:55.865+08:00  INFO 34724 --- [gateway-service] [reactor-http-nio-2] com.cly.gateway.filter.GlobalLogFilter   : 状态码：200
2026-04-01T15:07:55.865+08:00  INFO 34724 --- [gateway-service] [reactor-http-nio-2] com.cly.gateway.filter.GlobalLogFilter   : 耗时：4743ms
2026-04-01T15:07:55.865+08:00  INFO 34724 --- [gateway-service] [reactor-http-nio-2] com.cly.gateway.filter.GlobalLogFilter   : 成功：是
2026-04-01T15:08:06.848+08:00  INFO 34724 --- [gateway-service] [reactor-http-nio-2] com.cly.gateway.filter.GlobalLogFilter   : ========== 网关请求开始 ==========
2026-04-01T15:08:06.848+08:00  INFO 34724 --- [gateway-service] [reactor-http-nio-2] com.cly.gateway.filter.GlobalLogFilter   : 时间：2026-04-01 15:08:06.848
2026-04-01T15:08:06.848+08:00  INFO 34724 --- [gateway-service] [reactor-http-nio-2] com.cly.gateway.filter.GlobalLogFilter   : 路径：POST /ai/chat
2026-04-01T15:08:06.848+08:00  INFO 34724 --- [gateway-service] [reactor-http-nio-2] com.cly.gateway.filter.GlobalLogFilter   : 用户 ID: 13542748103
2026-04-01T15:08:15.769+08:00  INFO 34724 --- [gateway-service] [reactor-http-nio-2] com.cly.gateway.filter.GlobalLogFilter   : ========== 网关请求结束 ==========
2026-04-01T15:08:15.769+08:00  INFO 34724 --- [gateway-service] [reactor-http-nio-2] com.cly.gateway.filter.GlobalLogFilter   : 状态码：200
2026-04-01T15:08:15.769+08:00  INFO 34724 --- [gateway-service] [reactor-http-nio-2] com.cly.gateway.filter.GlobalLogFilter   : 耗时：8921ms
2026-04-01T15:08:15.769+08:00  INFO 34724 --- [gateway-service] [reactor-http-nio-2] com.cly.gateway.filter.GlobalLogFilter   : 成功：是
2026-04-01T15:08:30.548+08:00  INFO 34724 --- [gateway-service] [reactor-http-nio-2] com.cly.gateway.filter.GlobalLogFilter   : ========== 网关请求开始 ==========
2026-04-01T15:08:30.548+08:00  INFO 34724 --- [gateway-service] [reactor-http-nio-2] com.cly.gateway.filter.GlobalLogFilter   : 时间：2026-04-01 15:08:30.548
2026-04-01T15:08:30.548+08:00  INFO 34724 --- [gateway-service] [reactor-http-nio-2] com.cly.gateway.filter.GlobalLogFilter   : 路径：GET /order/list
2026-04-01T15:08:30.548+08:00  INFO 34724 --- [gateway-service] [reactor-http-nio-2] com.cly.gateway.filter.GlobalLogFilter   : 用户 ID: 13542748103
2026-04-01T15:08:30.635+08:00  INFO 34724 --- [gateway-service] [reactor-http-nio-2] com.cly.gateway.filter.GlobalLogFilter   : ========== 网关请求结束 ==========
2026-04-01T15:08:30.635+08:00  INFO 34724 --- [gateway-service] [reactor-http-nio-2] com.cly.gateway.filter.GlobalLogFilter   : 状态码：200
2026-04-01T15:08:30.635+08:00  INFO 34724 --- [gateway-service] [reactor-http-nio-2] com.cly.gateway.filter.GlobalLogFilter   : 耗时：87ms
2026-04-01T15:08:30.635+08:00  INFO 34724 --- [gateway-service] [reactor-http-nio-2] com.cly.gateway.filter.GlobalLogFilter   : 成功：是
